{"type": "FeatureCollection", "features": [{"type": "Feature", "properties": {"name": "Taken back", "date": "2022-08-31", "layer_type": "liberated"}, "geometry": {"type": "Polygon", "coordinates": [[[31.268087, 51.5582079], [31.3143346, 51.5560209], [31.3327674, 51.5504097], [31.3504552, 51.5432532], [31.3648798, 51.5283828], [31.3772364, 51.5121705], [31.4062024, 51.5074458], [31.5309998, 51.5389155], [31.563679, 51.5418388], [31.6587564, 51.5453884], [31.6924018, 51.5505119], [31.7548791, 51.5517877], [31.8237775, 51.5639839], [31.8441801, 51.5983056], [31.8956884, 51.6874979], [31.9380995, 51.7109197], [31.9517, 51.7334839], [32.0203219, 51.7016148], [32.0888227, 51.6535333], [32.1076807, 51.6771665], [32.0578419, 51.7476217], [32.1340323, 51.7625988], [32.278595, 51.7387362], [32.3010095, 51.7227721], [32.3243818, 51.7217263], [32.3710664, 51.693114], [32.456767, 51.6043491], [32.4573538, 51.5699243], [32.4896261, 51.5067155], [32.5390938, 51.5214264], [32.5504887, 51.5545102], [32.5219845, 51.568792], [32.556475, 51.5964178], [32.5848437, 51.6732306], [32.7409332, 51.7375012], [32.8870244, 51.7749968], [33.0336285, 51.8980522], [33.1847692, 51.9962411], [33.2262105, 51.9910636], [33.2388836, 51.9871636], [33.2451428, 51.9923193], [33.2321752, 51.9966292], [33.2405733, 52.0094769], [33.2064036, 52.0169954], [33.2477916, 52.0853523], [33.3123008, 52.1929451], [33.3028191, 52.3543926], [33.2314514, 52.36976], [33.230701, 52.2062825], [33.1580254, 52.0681585], [33.0795933, 51.9998987], [32.888742, 51.9032451], [32.7398468, 51.8140035], [32.7081769, 51.8889262], [32.7301496, 52.0733188], [32.6704551, 52.1454129], [32.649812, 52.1850216], [32.6749132, 52.2714057], [32.6580044, 52.2805055], [32.6369691, 52.2870816], [32.6227943, 52.296173], [32.6065534, 52.3048424], [32.5845807, 52.2317271], [32.5269026, 52.1584912], [32.5907605, 52.1230928], [32.5770276, 52.0796491], [32.5715345, 51.9846007], [32.5571149, 51.9173112], [32.4472516, 51.899096], [32.2577375, 51.8465273], [32.180587, 51.7902407], [32.0053953, 51.7932601], [31.9703984, 51.8395454], [31.939134, 51.8685798], [31.8732363, 51.8855308], [31.8668662, 51.89153], [31.8728555, 51.9165965], [31.8877979, 51.9369251], [31.855107, 51.9710037], [31.8704651, 52.0211548], [31.8361371, 52.0509446], [31.8182796, 52.0768975], [31.805753, 52.1002162], [31.7965484, 52.1035162], [31.7936941, 52.1082919], [31.7914183, 52.1089869], [31.7872089, 52.1117472], [31.7858279, 52.1123129], [31.7803188, 52.1117568], [31.772046, 52.111487], [31.7664871, 52.1091541], [31.7629235, 52.1061738], [31.7471597, 52.103134], [31.7595532, 52.0777308], [31.7650591, 52.002463], [31.7290018, 51.9973336], [31.6390455, 51.9558166], [31.6127748, 51.9763366], [31.5092687, 52.1208133], [31.4893394, 52.1167312], [31.4642469, 52.1217379], [31.4559635, 52.1305354], [31.4517973, 52.1401755], [31.4426893, 52.1395312], [31.466996, 52.0944026], [31.4721227, 52.0469215], [31.5174637, 51.9930397], [31.5872277, 51.9340342], [31.5640005, 51.8882633], [31.5722206, 51.8457098], [31.5474426, 51.8163168], [31.5068887, 51.7972208], [31.4060726, 51.7894134], [31.3156791, 51.7884094], [31.2399337, 51.7832538], [31.1296446, 51.8330784], [31.1964525, 51.9768721], [31.2133624, 52.0702862], [31.2007674, 52.0739628], [31.1854245, 52.0742614], [31.1588541, 52.0799184], [31.1460087, 52.0910586], [31.1400251, 52.102198], [31.0971526, 52.0894437], [31.0736649, 52.0914971], [31.0378211, 52.0842612], [31.0066637, 52.0812314], [30.9892438, 52.0756647], [30.9703623, 52.077454], [30.9552462, 52.0852463], [30.9483721, 52.0661309], [30.9579757, 52.0250628], [30.9770557, 51.9533126], [31.0194636, 51.7952997], [30.9367246, 51.754091], [30.8577619, 51.6421647], [30.8329034, 51.4789688], [30.7722772, 51.4838044], [30.7899221, 51.5291248], [30.7372596, 51.5444871], [30.7211212, 51.5325319], [30.6951124, 51.5342949], [30.6910811, 51.5181151], [30.7352639, 51.5113719], [30.7263355, 51.4155496], [30.6727789, 51.401416], [30.6562957, 51.3752824], [30.6356981, 51.3599543], [30.6590422, 51.3396956], [30.6823864, 51.3439852], [30.7077905, 51.3834254], [30.7888109, 51.3787117], [30.8670837, 51.3679958], [30.9288782, 51.3847104], [31.008174, 51.3779036], [31.1300527, 51.3126609], [31.3006588, 51.2675707], [31.4253734, 51.284159], [31.4623587, 51.3590807], [31.4059043, 51.3984205], [31.2779565, 51.3999811], [31.2510261, 51.372208], [31.2193132, 51.3787117], [31.2234319, 51.4181215], [31.1733055, 51.4534335], [31.1884121, 51.4799522], [31.1957834, 51.4951238], [31.1856643, 51.5050082], [31.1767382, 51.5301697], [31.1785404, 51.5406517], [31.1875551, 51.5519876], [31.2190646, 51.5580906], [31.2519498, 51.5631185], [31.268087, 51.5582079]], [[31.5721274, 51.5868668], [31.6217795, 51.5758118], [31.6930882, 51.5795364], [31.7654127, 51.5831878], [31.795625, 51.6147503], [31.8206737, 51.6426651], [31.8495156, 51.7054692], [31.9068616, 51.7633095], [31.9346632, 51.7836962], [31.9219678, 51.8125705], [31.8869489, 51.8304053], [31.8778992, 51.8451052], [31.7692264, 51.860205], [31.7708592, 51.7672804], [31.7038183, 51.7060804], [31.631066, 51.7068486], [31.5907881, 51.6867089], [31.5886442, 51.644774], [31.5721274, 51.5868668]]]}}, {"type": "Feature", "properties": {"name": "Taken back", "date": "2022-08-31", "layer_type": "liberated"}, "geometry": {"type": "Polygon", "coordinates": [[[33.3839912, 51.0797225], [33.8351239, 50.9527171], [34.368586, 50.9071299], [34.3947818, 50.877913], [34.3839918, 50.8458996], [34.36195, 50.8148383], [34.312586, 50.8082553], [34.2597935, 50.8105446], [34.1478216, 50.8418477], [34.0547509, 50.8267965], [33.9624784, 50.8301872], [33.8946095, 50.8433942], [33.8582455, 50.8361827], [33.8349931, 50.8374684], [33.8077214, 50.8265131], [33.7619343, 50.8132558], [33.7400158, 50.8100485], [33.7079291, 50.8072944], [33.6678876, 50.7877267], [33.5738756, 50.7880942], [33.5502367, 50.7869127], [33.530736, 50.7538167], [33.5136703, 50.7328292], [33.508718, 50.7055178], [33.5035308, 50.6842219], [33.4982803, 50.6696469], [33.4670944, 50.6535432], [33.4609821, 50.6420073], [33.4720329, 50.6402686], [33.4779343, 50.6446255], [33.5102763, 50.6662856], [33.5120756, 50.6803266], [33.5277974, 50.7273318], [33.5247584, 50.7340038], [33.5689081, 50.7556824], [33.680385, 50.7777033], [33.7252819, 50.7971621], [33.740074, 50.7964263], [33.777608, 50.8069352], [33.8189056, 50.8155572], [33.8481345, 50.8218406], [33.8668609, 50.8174748], [33.95789, 50.8258121], [34.0178386, 50.8170929], [34.0598902, 50.8208368], [34.1388143, 50.8353894], [34.2718929, 50.8021065], [34.3135126, 50.8010392], [34.3563996, 50.8058988], [34.3761889, 50.8110153], [34.4157702, 50.8624306], [34.4113537, 50.8833462], [34.3899335, 50.907709], [34.6618451, 50.9059771], [34.6884766, 50.9522743], [34.7152202, 50.9720779], [34.7585406, 50.9662929], [34.7846331, 50.9792641], [34.9274554, 50.952453], [35.1279559, 50.9853161], [35.2433123, 50.9507227], [35.2968707, 50.998282], [35.2749101, 51.0585263], [35.2350726, 51.0345672], [35.0112261, 51.0198838], [34.8986163, 50.9870451], [34.8244586, 51.0051957], [34.8521521, 51.0758384], [34.9125498, 51.063583], [34.9851336, 51.0725499], [35.0139727, 51.11395], [35.1309861, 51.1570448], [35.1301713, 51.1573807], [35.1250647, 51.1613233], [35.1227474, 51.1655477], [35.1344359, 51.1708159], [35.1306813, 51.1735594], [35.1293292, 51.1828678], [34.9737227, 51.1154851], [34.9329485, 51.0880793], [34.7914996, 51.0949795], [34.6585522, 51.0007059], [34.3454119, 51.1580154], [34.3139551, 51.2388066], [34.3052358, 51.2383268], [34.2976104, 51.2423067], [34.2959734, 51.1537087], [34.2479082, 51.1795427], [34.2059125, 51.2132496], [34.005412, 51.2631177], [34.0050687, 51.4868559], [33.9576901, 51.7250289], [34.0775715, 51.7639218], [34.1241172, 51.7985062], [34.1953573, 51.8225918], [34.2539658, 51.8319923], [34.2844392, 51.840103], [34.3298896, 51.8686994], [34.328318, 51.8690579], [34.3297639, 51.8706701], [34.3278836, 51.8715239], [34.3264751, 51.8731124], [34.3261844, 51.8752043], [34.3255494, 51.8760836], [34.3251421, 51.8763304], [34.323968, 51.8766221], [34.3230084, 51.8769138], [34.321003, 51.8778939], [34.3194801, 51.8791481], [34.2603113, 51.8558775], [34.2437657, 51.8594066], [34.0321158, 51.7986607], [33.1775385, 51.4546756], [33.1236242, 51.3972327], [33.1303696, 51.356001], [33.1282209, 51.2772309], [33.1091963, 51.2645037], [33.113522, 51.2491912], [33.1685148, 51.267325], [33.1807609, 51.2767234], [33.2211961, 51.3312062], [33.2998465, 51.4238093], [33.6231573, 51.6022871], [33.8492002, 51.684817], [33.8296308, 51.2424892], [33.2988487, 51.2089455], [33.4274557, 51.1539863], [33.3839912, 51.0797225]], [[34.5712079, 51.0002743], [34.4114609, 51.0665102], [34.3141544, 51.1336299], [34.2781206, 51.1114821], [34.2080828, 51.1605992], [34.189433, 51.1736605], [33.6483564, 51.1788262], [33.5000409, 51.1288667], [33.6565961, 51.0788531], [34.5712079, 51.0002743]]]}}, {"type": "Feature", "properties": {"name": "Taken back 25.03", "date": "2022-08-31", "layer_type": "liberated"}, "geometry": {"type": "Polygon", "coordinates": [[[34.9421552, 50.4905661], [34.9261542, 50.4897624], [34.9183964, 50.4736659], [34.9377178, 50.4712647], [34.9405573, 50.4542222], [34.9645728, 50.4521996], [34.9702457, 50.4608624], [34.9871018, 50.4580917], [34.9926542, 50.4634867], [34.9845042, 50.4742763], [34.9929186, 50.4801327], [34.9809991, 50.4949988], [34.9758543, 50.4987774], [34.9718927, 50.5016114], [34.9657647, 50.498264], [34.9465509, 50.4889912], [34.9421552, 50.4905661]]]}}, {"type": "Feature", "properties": {"name": "Taken back", "date": "2022-08-31", "layer_type": "liberated"}, "geometry": {"type": "Polygon", "coordinates": [[[31.0924658, 50.6528092], [31.1020192, 50.6605912], [31.1009621, 50.6701402], [31.1097042, 50.6790489], [31.1225703, 50.6883916], [31.1453982, 50.6862153], [31.1654139, 50.6688884], [31.1718108, 50.6554339], [31.1836942, 50.6341425], [31.1999893, 50.6325646], [31.1978566, 50.6418889], [31.1890025, 50.6733799], [31.1444812, 50.7162835], [31.1317146, 50.7188267], [31.1162025, 50.7094117], [31.0916973, 50.7218813], [31.0468653, 50.7445842], [31.0422291, 50.7400216], [31.1237275, 50.6980697], [31.1161331, 50.694264], [31.0857582, 50.6752035], [31.0856065, 50.6604923], [31.072263, 50.6642546], [31.0529616, 50.6699805], [31.0453366, 50.6613965], [31.0471541, 50.6542811], [31.0290295, 50.6482317], [31.0181944, 50.6452722], [31.0047754, 50.641526], [31.0019759, 50.637953], [30.9785467, 50.6321038], [30.9543732, 50.6264903], [30.9451698, 50.6274519], [30.9356968, 50.6271902], [30.9059439, 50.6346056], [30.8792298, 50.6407127], [30.8674516, 50.6329379], [30.8508742, 50.6162326], [30.8687111, 50.6102121], [30.8718904, 50.5876887], [30.8922316, 50.5682493], [30.9321357, 50.5838966], [30.9507252, 50.5991297], [30.9288014, 50.6213359], [30.9445927, 50.6209363], [30.9583301, 50.6198588], [30.9806523, 50.6265023], [31.0005744, 50.6149287], [31.0077911, 50.614136], [31.0208878, 50.6163245], [31.0249154, 50.617276], [31.029029, 50.6176282], [31.0286361, 50.6143861], [31.0275566, 50.6111439], [31.0323098, 50.6023259], [31.0372752, 50.5933783], [31.0446418, 50.5836135], [31.0290305, 50.581654], [31.0206307, 50.5808929], [31.0179817, 50.5796411], [31.0102809, 50.57899], [31.0046643, 50.5784505], [30.9997828, 50.5782428], [30.9946552, 50.5773909], [30.9909239, 50.5761225], [30.9924275, 50.5725115], [30.9993378, 50.5686823], [31.0046607, 50.5662432], [31.0091249, 50.5657665], [31.018094, 50.5713146], [31.0264418, 50.5761593], [31.0410562, 50.5778958], [31.051218, 50.5783729], [31.053054, 50.5740532], [31.050717, 50.5674302], [31.0462147, 50.5589811], [31.0529511, 50.5553672], [31.0757589, 50.544349], [31.0752173, 50.5383482], [31.0906072, 50.5291818], [31.1018124, 50.5250325], [31.1097795, 50.5312229], [31.1131128, 50.5421046], [31.1526047, 50.5573022], [31.1577321, 50.5505789], [31.1650278, 50.5522493], [31.1651149, 50.5586092], [31.1594543, 50.5687662], [31.1479545, 50.5780502], [31.1224774, 50.5937768], [31.1081469, 50.605032], [31.0797276, 50.6202035], [31.0495791, 50.6251293], [31.0416209, 50.6330156], [31.0446803, 50.6393541], [31.0626756, 50.6404655], [31.0713096, 50.6481256], [31.0924658, 50.6528092]], [[31.0374623, 50.6057019], [31.0439685, 50.6037188], [31.0458974, 50.606181], [31.0411313, 50.6100595], [31.035271, 50.613284], [31.0338738, 50.6093189], [31.0374623, 50.6057019]], [[31.0878088, 50.587683], [31.0829078, 50.5813402], [31.0727204, 50.5837084], [31.0638204, 50.5825332], [31.0577198, 50.5798255], [31.0571985, 50.5772813], [31.0667984, 50.5784062], [31.076041, 50.5765136], [31.0785612, 50.5737092], [31.0781932, 50.5713166], [31.0737825, 50.5698348], [31.0679986, 50.5704243], [31.0576661, 50.5697051], [31.0571189, 50.5646245], [31.0581526, 50.5597689], [31.0700003, 50.5542586], [31.0779023, 50.5551251], [31.08782, 50.5531282], [31.0967928, 50.5495489], [31.1049437, 50.5478418], [31.1130947, 50.5500608], [31.1286312, 50.5570776], [31.1354345, 50.5610117], [31.1253613, 50.5791463], [31.1129947, 50.5895946], [31.0952974, 50.5994821], [31.0799961, 50.610239], [31.0658681, 50.6136654], [31.0446225, 50.6208636], [31.0383024, 50.6246093], [31.033769, 50.6256652], [31.0342999, 50.6192611], [31.0391697, 50.6136831], [31.0863871, 50.5884784], [31.0878088, 50.587683]]]}}, {"type": "Feature", "properties": {"name": "Taken back", "date": "2022-08-31", "layer_type": "liberated"}, "geometry": {"type": "Polygon", "coordinates": [[[36.1001464, 50.1355213], [36.0913054, 50.1279815], [36.0908339, 50.1179385], [36.091219, 50.1085555], [36.0949964, 50.0973255], [36.0953406, 50.093582], [36.0980875, 50.0868634], [36.1155963, 50.0841095], [36.1186857, 50.0870835], [36.1337922, 50.0831192], [36.1488982, 50.0857617], [36.1550777, 50.0925891], [36.1434051, 50.0999672], [36.1509578, 50.1027755], [36.1516447, 50.1069049], [36.1585112, 50.1183535], [36.1578256, 50.1310096], [36.1516455, 50.1379433], [36.1498655, 50.1761183], [36.157359, 50.1963955], [36.1774961, 50.1970599], [36.1998296, 50.1944379], [36.2158633, 50.1795012], [36.218685, 50.1844612], [36.2588006, 50.181573], [36.2717357, 50.184419], [36.2813303, 50.1878748], [36.2817045, 50.1941611], [36.2905535, 50.1979644], [36.2898714, 50.1994264], [36.2873009, 50.2012181], [36.2758947, 50.2072254], [36.258564, 50.2139749], [36.2633076, 50.224057], [36.2636948, 50.2352085], [36.2487199, 50.2421778], [36.2465751, 50.2441238], [36.2373059, 50.2455451], [36.2252736, 50.252947], [36.2087445, 50.2502145], [36.1579117, 50.25853], [36.1515241, 50.2348658], [36.1522629, 50.2304331], [36.1475222, 50.223522], [36.1429625, 50.219958], [36.1401217, 50.2137589], [36.1380711, 50.2077078], [36.1442597, 50.2031947], [36.1408445, 50.1908724], [36.1216697, 50.1552365], [36.1183425, 50.146857], [36.1140502, 50.1418227], [36.1075272, 50.1403094], [36.1001464, 50.1355213]]]}}, {"type": "Feature", "properties": {"name": "Taken back", "date": "2022-08-31", "layer_type": "liberated"}, "geometry": {"type": "Polygon", "coordinates": [[[32.1450135, 46.9394648], [32.1667259, 46.9442446], [32.1574443, 46.9968772], [32.1886936, 47.0354583], [32.2284561, 47.0296374], [32.3662686, 47.0444634], [32.3660999, 47.0564407], [32.197495, 47.0458116], [32.1943212, 47.0603062], [32.1654778, 47.0488761], [32.1679233, 47.0416568], [32.1402026, 47.0238216], [32.1148387, 47.0424534], [32.0379398, 47.0496953], [32.1496915, 47.2099305], [32.1164409, 47.3518149], [32.1214762, 47.3600138], [32.2212871, 47.3737682], [32.2279306, 47.3860019], [32.2071085, 47.3954465], [32.1160203, 47.378979], [32.0941552, 47.3600156], [32.1361222, 47.2129322], [32.0108799, 47.0509256], [32.01854, 47.0331691], [32.0458355, 47.0375104], [32.1090069, 47.0262782], [32.1450135, 46.9394648]]]}}, {"type": "Feature", "properties": {"name": "Taken back 16.03-17.03", "date": "2022-08-31", "layer_type": "liberated"}, "geometry": {"type": "Polygon", "coordinates": [[[32.0108799, 47.0509256], [31.9721266, 47.0486983], [31.8842345, 47.2066047], [31.8114488, 47.3082011], [31.7458133, 47.3418199], [31.6938581, 47.35726], [31.6472426, 47.3676429], [31.6209096, 47.3879298], [31.5825649, 47.419186], [31.5381529, 47.463163], [31.5021585, 47.473077], [31.4779632, 47.4738501], [31.455901, 47.4895457], [31.4417684, 47.504583], [31.4257691, 47.5225357], [31.4139875, 47.5335971], [31.4102426, 47.5400549], [31.3922326, 47.5484978], [31.3764516, 47.5483638], [31.3734534, 47.536569], [31.3739971, 47.536372], [31.3764935, 47.5363197], [31.3795155, 47.5356058], [31.38228, 47.5343704], [31.387551, 47.5317254], [31.3898531, 47.531303], [31.4002077, 47.5304003], [31.4018547, 47.5301588], [31.4080075, 47.5261501], [31.4140782, 47.5182866], [31.4172291, 47.5087998], [31.4363374, 47.4826727], [31.471083, 47.4619563], [31.5240464, 47.4543793], [31.5338828, 47.4393662], [31.5461137, 47.4243503], [31.5849687, 47.4008128], [31.6062878, 47.3772674], [31.6323937, 47.3565055], [31.6936538, 47.345625], [31.7354126, 47.3136465], [31.7784892, 47.2765314], [31.8856078, 47.148729], [31.8183154, 47.1150948], [31.8485283, 47.0795689], [31.921314, 47.0879851], [31.9460337, 47.0430835], [31.9776199, 47.0252996], [32.01854, 47.0331691], [32.0108799, 47.0509256]]]}}, {"type": "Feature", "properties": {"name": "Taken back 16.03-17.03", "date": "2022-08-31", "layer_type": "liberated"}, "geometry": {"type": "Polygon", "coordinates": [[[32.2435333, 46.7860604], [32.2449066, 46.7704252], [32.3041622, 46.7772851], [32.3637473, 46.8318811], [32.3611987, 46.8561673], [32.3567438, 46.8668509], [32.3540139, 46.8798796], [32.3612991, 46.8964354], [32.3751395, 46.911193], [32.4225553, 46.9589532], [32.3879391, 46.9635098], [32.3790345, 46.987997], [32.3748797, 46.9954172], [32.1667259, 46.9442446], [32.1450135, 46.9394648], [32.1173205, 46.9332237], [32.1162904, 46.9354508], [32.1042741, 46.9471709], [32.0955195, 46.9492803], [32.086078, 46.9491631], [32.07801, 46.9463506], [32.0687402, 46.9403736], [32.0618737, 46.933927], [32.0582688, 46.9287692], [32.0671952, 46.9202108], [32.0822629, 46.9111548], [32.0920474, 46.8801873], [32.055827, 46.8654011], [32.0702469, 46.8609419], [32.0860393, 46.8625842], [32.112486, 46.8307653], [32.1471434, 46.8116215], [32.1539092, 46.80802], [32.1864469, 46.7969531], [32.2435333, 46.7860604]]]}}, {"type": "Feature", "properties": {"name": "Taken back 31.03 - 02.04", "date": "2022-08-31", "layer_type": "liberated"}, "geometry": {"type": "Polygon", "coordinates": [[[30.283456, 50.6252003], [30.2952488, 50.7046519], [30.3374079, 50.7191435], [30.3575516, 50.724753], [30.3774412, 50.7271528], [30.3806055, 50.7320823], [30.3779821, 50.7366114], [30.375788, 50.741792], [30.3734645, 50.7438631], [30.3690809, 50.7435443], [30.3667505, 50.7503474], [30.3684002, 50.7526314], [30.3824111, 50.7587158], [30.381592, 50.7608489], [30.3771678, 50.763525], [30.3739835, 50.7685512], [30.3728588, 50.7724374], [30.3739272, 50.7753033], [30.3760258, 50.777735], [30.3713722, 50.7808399], [30.3687018, 50.7835863], [30.367667, 50.7851494], [30.3676621, 50.7873636], [30.3759497, 50.7923264], [30.3752446, 50.7940754], [30.3734329, 50.7943531], [30.3739861, 50.7963908], [30.3765136, 50.7988082], [30.3805951, 50.8066077], [30.3815875, 50.8142987], [30.3885573, 50.818192], [30.3891247, 50.822904], [30.3922674, 50.8281582], [30.4010434, 50.8336507], [30.4060443, 50.838167], [30.408579, 50.8426202], [30.4074434, 50.8461476], [30.4108568, 50.8502171], [30.4159744, 50.8532524], [30.4231531, 50.8565582], [30.4257415, 50.863738], [30.4242036, 50.8675992], [30.4260093, 50.873484], [30.4205608, 50.8774013], [30.4183735, 50.8801814], [30.4196059, 50.8825434], [30.4457311, 50.8870698], [30.4420262, 50.9072246], [30.4501309, 50.9121063], [30.4554908, 50.9195852], [30.4479069, 50.9456502], [30.4324209, 50.9658688], [30.4440246, 50.9842484], [30.4253345, 50.9903117], [30.4092159, 51.0244934], [30.3908798, 51.0284246], [30.3780371, 51.0235002], [30.3708931, 51.0194806], [30.3614082, 51.0265564], [30.3489602, 51.0286116], [30.3326421, 51.0337969], [30.3151061, 51.0378997], [30.29857, 51.0389738], [30.3015983, 51.0415143], [30.2915797, 51.0472927], [30.2990091, 51.0534533], [30.3197076, 51.053903], [30.3405032, 51.0418485], [30.3786746, 51.055934], [30.3779373, 51.0652803], [30.4074401, 51.0666119], [30.4081246, 51.0743948], [30.4060648, 51.0813075], [30.4299378, 51.1149634], [30.4273163, 51.1224539], [30.4337322, 51.1217818], [30.4353951, 51.1171351], [30.4408604, 51.1153501], [30.438443, 51.1127328], [30.4348304, 51.1116397], [30.4362852, 51.107429], [30.4363251, 51.1012271], [30.4490467, 51.104485], [30.4481997, 51.1085922], [30.4567032, 51.1122627], [30.4657625, 51.1157141], [30.4742412, 51.11453], [30.4766779, 51.1219655], [30.4842657, 51.1261684], [30.4800294, 51.1532323], [30.4779369, 51.1544542], [30.4617679, 51.154168], [30.4540919, 51.1640008], [30.4471629, 51.1691326], [30.450736, 51.1738511], [30.4508763, 51.1779239], [30.4404397, 51.1823539], [30.4310317, 51.1842005], [30.4183914, 51.1937027], [30.4111211, 51.1933418], [30.400419, 51.1867403], [30.3962849, 51.1902259], [30.3935236, 51.1937114], [30.392463, 51.2071368], [30.3716551, 51.2080847], [30.3619367, 51.2153316], [30.3495232, 51.2162661], [30.3429462, 51.2164468], [30.3384933, 51.2201692], [30.3306065, 51.2206657], [30.3223849, 51.2246686], [30.316239, 51.2305237], [30.3303832, 51.2452452], [30.3561334, 51.2521074], [30.3616272, 51.2460776], [30.3729543, 51.2481129], [30.3786185, 51.2469552], [30.3769007, 51.2384902], [30.3891722, 51.2383953], [30.3947495, 51.2413091], [30.4113123, 51.2387407], [30.4163307, 51.2321892], [30.423064, 51.2272497], [30.4312774, 51.2329529], [30.4496342, 51.2297835], [30.455938, 51.2322145], [30.4656773, 51.2428136], [30.4727796, 51.2397826], [30.4737012, 51.2337422], [30.4811441, 51.2200678], [30.4989695, 51.2150904], [30.5143891, 51.2131213], [30.5038618, 51.2246673], [30.5071556, 51.2308399], [30.5156006, 51.2359372], [30.5328452, 51.2650453], [30.5051977, 51.2789149], [30.4748029, 51.2754291], [30.4634687, 51.2726097], [30.452051, 51.273079], [30.4512759, 51.2769844], [30.4537828, 51.2791298], [30.4500585, 51.2814376], [30.4534316, 51.2878527], [30.4569213, 51.2862295], [30.4632154, 51.2906783], [30.4620716, 51.294191], [30.4576371, 51.2966452], [30.4617855, 51.3059688], [30.4448787, 51.3087186], [30.4211408, 51.3041874], [30.4102701, 51.3083368], [30.398539, 51.3122704], [30.3909189, 51.3218353], [30.3659892, 51.3341261], [30.3482824, 51.3487405], [30.3346178, 51.3515437], [30.3233531, 51.3614211], [30.3557051, 51.378437], [30.3561351, 51.3828066], [30.3441285, 51.4232642], [30.3345044, 51.4247564], [30.3307267, 51.4286886], [30.3255752, 51.4309082], [30.321453, 51.433984], [30.3187033, 51.4402702], [30.311535, 51.4428779], [30.3088292, 51.4465554], [30.2982648, 51.4562633], [30.29178, 51.4590308], [30.2880411, 51.4632954], [30.2795323, 51.4647653], [30.2450593, 51.4861327], [30.2139455, 51.4924315], [30.1804182, 51.5124029], [30.167316, 51.5087531], [30.1629981, 51.4880114], [30.1443643, 51.4945249], [30.1315609, 51.505525], [30.1206263, 51.5044314], [30.1290643, 51.4876375], [30.1224787, 51.4898223], [30.121244, 51.4861034], [30.110844, 51.4870225], [30.1042691, 51.4909003], [30.0776333, 51.4968994], [30.0746035, 51.4956717], [30.0623035, 51.4989321], [30.0559001, 51.4971165], [30.0337029, 51.503207], [30.0274094, 51.502618], [30.0190557, 51.504593], [30.012425, 51.5046374], [30.012184, 51.5026446], [30.0142604, 51.4995298], [30.0152348, 51.4972379], [30.0161511, 51.4960118], [30.0182689, 51.4953735], [30.0130056, 51.4949759], [30.0122058, 51.4894482], [30.0075453, 51.4897987], [30.0034189, 51.4882828], [30.0008378, 51.485591], [29.9902753, 51.4812953], [29.9819049, 51.4857213], [29.9753163, 51.4834442], [29.9711315, 51.4803116], [29.9705387, 51.4752129], [29.9668968, 51.4719679], [29.9619869, 51.4712535], [29.9515496, 51.4735153], [29.9465012, 51.4836256], [29.9237179, 51.4897486], [29.9251999, 51.4870363], [29.9212205, 51.4880318], [29.9186299, 51.486926], [29.9170772, 51.4884039], [29.9145842, 51.487005], [29.910162, 51.4854503], [29.9062345, 51.4866503], [29.9039273, 51.485059], [29.8907197, 51.4836813], [29.8894211, 51.4828072], [29.8891526, 51.4789397], [29.8866534, 51.4772111], [29.8842886, 51.4773627], [29.882935, 51.4767434], [29.8844042, 51.4748835], [29.8878854, 51.4739539], [29.8903122, 51.4727409], [29.8894654, 51.471012], [29.8864675, 51.4708962], [29.8873722, 51.467844], [29.8853358, 51.4662114], [29.8857771, 51.4637375], [29.8756983, 51.4565647], [29.8765827, 51.4521758], [29.8779693, 51.4501954], [29.8777185, 51.4451933], [29.8738169, 51.4442435], [29.865023, 51.4462356], [29.8556282, 51.4487063], [29.8479246, 51.4489232], [29.843128, 51.4572132], [29.8128301, 51.4486812], [29.8104728, 51.459011], [29.7910083, 51.4573834], [29.7939795, 51.4414294], [29.7793333, 51.4467181], [29.7641972, 51.4492008], [29.7390326, 51.4589453], [29.7420183, 51.4615221], [29.7334563, 51.469393], [29.7308885, 51.4797458], [29.725484, 51.4917656], [29.7447532, 51.4935026], [29.7421064, 51.5022986], [29.7353378, 51.5108808], [29.7423866, 51.5127869], [29.737672, 51.5307764], [29.7075248, 51.5278397], [29.7074775, 51.5204913], [29.7046247, 51.5203425], [29.6951566, 51.5169673], [29.6874058, 51.5169029], [29.6833483, 51.5136318], [29.671622, 51.5111412], [29.6697084, 51.5082387], [29.669439, 51.5026202], [29.6657677, 51.5027117], [29.6533411, 51.5061152], [29.6506895, 51.5052253], [29.6482099, 51.5015572], [29.6485632, 51.5009342], [29.6398135, 51.4985388], [29.6340655, 51.5060497], [29.6274587, 51.5021268], [29.6208547, 51.4926485], [29.605927, 51.493803], [29.6050021, 51.4722246], [29.5923243, 51.4666536], [29.5873959, 51.4644987], [29.5834977, 51.462504], [29.5775044, 51.4612148], [29.5755442, 51.4613576], [29.5372223, 51.4824976], [29.5316298, 51.4679388], [29.5329042, 51.4636447], [29.5287837, 51.4589257], [29.5238064, 51.4570256], [29.5184864, 51.4525581], [29.516431, 51.4434088], [29.5212529, 51.4340435], [29.5171389, 51.4276092], [29.5205784, 51.421924], [29.5126954, 51.4230894], [29.5006871, 51.3968482], [29.4591608, 51.4029463], [29.4301509, 51.4128833], [29.4158771, 51.4135415], [29.4036637, 51.4109863], [29.3891359, 51.4048959], [29.3736346, 51.3982087], [29.3660329, 51.3898065], [29.3596402, 51.3889078], [29.3487853, 51.384152], [29.3339425, 51.3853515], [29.3214274, 51.3776783], [29.2311779, 51.3777255], [29.1280718, 51.3269426], [29.1876314, 51.2560175], [29.302118, 51.3043836], [29.4387825, 51.151168], [29.4797742, 51.0159434], [29.4272101, 50.9734048], [29.5578727, 50.8294046], [29.5760865, 50.8323912], [29.5675247, 50.8629122], [29.7630052, 50.9094953], [29.7172204, 50.7224799], [29.7497192, 50.6168984], [29.7444382, 50.5662128], [29.7675787, 50.5350431], [29.8154374, 50.4974999], [29.7857021, 50.4504858], [29.8552639, 50.4483963], [29.914295, 50.3686281], [29.9502327, 50.3722871], [29.9913613, 50.3965421], [30.0511278, 50.4193304], [30.1073449, 50.4097297], [30.2064692, 50.4138607], [30.2727508, 50.5276007], [30.2959194, 50.552647], [30.3039937, 50.5647224], [30.3306249, 50.6057465], [30.2868637, 50.6226811], [30.283456, 50.6252003]]]}}, {"type": "Feature", "properties": {"name": "Taken back 25.03", "date": "2022-08-31", "layer_type": "liberated"}, "geometry": {"type": "Polygon", "coordinates": [[[34.9645728, 50.4521996], [34.9405573, 50.4542222], [34.9272474, 50.4088604], [34.9235184, 50.3994141], [34.9167019, 50.3929221], [34.917234, 50.3888645], [34.9211972, 50.3652135], [34.9227177, 50.3564372], [34.9164462, 50.3445287], [34.9414146, 50.3433546], [34.949471, 50.3517731], [34.9383898, 50.3615209], [34.9352567, 50.3715888], [34.9323967, 50.386904], [34.9262858, 50.391396], [34.9309799, 50.3942975], [34.9348167, 50.4016854], [34.9387405, 50.4072129], [34.9371714, 50.4138344], [34.9374157, 50.4206294], [34.9422953, 50.4309244], [34.9493128, 50.4439678], [34.9645728, 50.4521996]]]}}, {"type": "Feature", "properties": {"name": "Taken back 23.03", "date": "2022-08-31", "layer_type": "liberated"}, "geometry": {"type": "Polygon", "coordinates": [[[32.3662686, 47.0444634], [32.3703625, 47.0205426], [32.3760272, 47.0025175], [32.3748797, 46.9954172], [32.3790345, 46.987997], [32.3879391, 46.9635098], [32.4225553, 46.9589532], [32.4764465, 46.9847194], [32.4871751, 46.9980677], [32.4853152, 47.0048736], [32.4818694, 47.0086355], [32.4785949, 47.0093539], [32.4729895, 47.0120187], [32.4700159, 47.0229662], [32.4667372, 47.0330282], [32.4585676, 47.0380601], [32.4541448, 47.0501117], [32.4511127, 47.0673645], [32.4612704, 47.0748221], [32.460273, 47.083916], [32.4634263, 47.0914955], [32.4638335, 47.1000099], [32.444864, 47.1050576], [32.4370925, 47.152896], [32.4603979, 47.1572919], [32.4634004, 47.1703181], [32.4661906, 47.1743224], [32.4626293, 47.1785602], [32.4501623, 47.1804443], [32.4441865, 47.1791682], [32.4391391, 47.1768963], [32.4345559, 47.1750599], [32.4292868, 47.1722889], [32.4227113, 47.1705146], [32.4159907, 47.1693933], [32.4007859, 47.1712828], [32.3731349, 47.1715359], [32.3712772, 47.1793832], [32.3696772, 47.1875806], [32.3626276, 47.189749], [32.3607683, 47.1892848], [32.3593239, 47.1880027], [32.3572286, 47.1864868], [32.3483545, 47.1737705], [32.3507339, 47.1632142], [32.3524263, 47.1520744], [32.3597431, 47.1040317], [32.3660695, 47.0672693], [32.3660999, 47.0564407], [32.3662686, 47.0444634]]]}}, {"type": "Feature", "properties": {"name": "Taken back 27-31.03", "date": "2022-08-31", "layer_type": "liberated"}, "geometry": {"type": "Polygon", "coordinates": [[[31.3341908, 50.5042485], [31.339066, 50.5091333], [31.3545522, 50.5152863], [31.3708812, 50.5195609], [31.3844114, 50.5315178], [31.389737, 50.5267449], [31.3990955, 50.5248906], [31.4022022, 50.5240484], [31.4056521, 50.522715], [31.4074878, 50.5208393], [31.4080573, 50.5198501], [31.4095008, 50.5187279], [31.4121536, 50.5178666], [31.4137804, 50.5177361], [31.4146777, 50.5189699], [31.4154654, 50.5195908], [31.4162026, 50.5205834], [31.4171291, 50.5213798], [31.4236345, 50.5195567], [31.4287919, 50.5176432], [31.4310271, 50.5163316], [31.4311165, 50.5152929], [31.4308658, 50.5125877], [31.4321994, 50.5100343], [31.4397124, 50.5070441], [31.4443092, 50.5067903], [31.4483236, 50.5068812], [31.4952426, 50.4867672], [31.5036534, 50.4838346], [31.5124069, 50.4837412], [31.5204722, 50.4847557], [31.5297361, 50.4856914], [31.537278, 50.4873432], [31.5388451, 50.4910993], [31.5398007, 50.4946154], [31.5386975, 50.498568], [31.5368199, 50.5011755], [31.5336472, 50.5029158], [31.52854, 50.5014924], [31.5250843, 50.4999055], [31.5215986, 50.4972544], [31.5184836, 50.4950538], [31.517442, 50.4941706], [31.5150331, 50.496731], [31.5153717, 50.4992673], [31.5167411, 50.501737], [31.518111, 50.5040644], [31.5165631, 50.5061022], [31.5138134, 50.5062475], [31.5119232, 50.5051185], [31.5104635, 50.5035708], [31.5087903, 50.5021958], [31.5059802, 50.5019444], [31.5021716, 50.5024185], [31.4989789, 50.5017812], [31.4965242, 50.500479], [31.4939238, 50.4990083], [31.4909932, 50.4973439], [31.4898716, 50.4950366], [31.487681, 50.4950288], [31.4848262, 50.4964167], [31.4532604, 50.5123491], [31.449152, 50.5161063], [31.446107, 50.5169142], [31.4423524, 50.5172633], [31.4392731, 50.5170009], [31.4373041, 50.5168693], [31.4356635, 50.5166074], [31.4264694, 50.5203837], [31.4247322, 50.5218241], [31.4246244, 50.5232637], [31.4246561, 50.5250204], [31.4229551, 50.5260625], [31.4203019, 50.5263106], [31.4171727, 50.5254523], [31.4143207, 50.5254595], [31.4123796, 50.5255721], [31.4112374, 50.5249736], [31.4115246, 50.5240467], [31.4113678, 50.5233923], [31.4100879, 50.5233378], [31.4087612, 50.5233106], [31.4008452, 50.5260252], [31.3922089, 50.5279007], [31.3866192, 50.5324496], [31.4479731, 50.5480051], [31.469163, 50.5538803], [31.482459, 50.5565899], [31.4860174, 50.5542901], [31.4885456, 50.5526446], [31.4943351, 50.5509443], [31.5010063, 50.5503121], [31.5073342, 50.5516428], [31.514823, 50.5528064], [31.5208766, 50.5536036], [31.5281786, 50.5532306], [31.5348893, 50.5544441], [31.5404172, 50.5553411], [31.5452983, 50.5577869], [31.5488857, 50.5602775], [31.549819, 50.5633903], [31.5450862, 50.5670472], [31.5393962, 50.569781], [31.5348812, 50.5730674], [31.5339188, 50.577133], [31.5408027, 50.6204537], [31.4526187, 50.7350317], [31.5304251, 50.7383992], [31.6633791, 50.6073872], [31.6739599, 50.610871], [31.6932418, 50.6188508], [31.5670762, 50.7742251], [31.4306607, 50.7683354], [31.4035643, 50.82429], [31.3495456, 50.8705835], [31.2872012, 50.8778494], [31.2491831, 50.8682719], [31.242443, 50.8529914], [31.3276928, 50.8437663], [31.3539429, 50.8018928], [31.3521689, 50.7579231], [31.1444812, 50.7162835], [31.1890025, 50.6733799], [31.4048466, 50.7178037], [31.4996172, 50.588811], [31.4920152, 50.5866032], [31.487676, 50.5826521], [31.4868946, 50.577802], [31.4856759, 50.5743159], [31.4832395, 50.5759586], [31.468769, 50.5868715], [31.4548571, 50.5955264], [31.4349428, 50.5979596], [31.4072921, 50.599738], [31.3981485, 50.5995574], [31.3907212, 50.6074391], [31.3897703, 50.6109999], [31.3917509, 50.6248982], [31.3432843, 50.6373545], [31.3373795, 50.6424009], [31.3289969, 50.649444], [31.3184043, 50.6552551], [31.3061377, 50.6594734], [31.2960201, 50.6596352], [31.289388, 50.6456007], [31.2937514, 50.6300175], [31.3299147, 50.6300655], [31.3545172, 50.625511], [31.3756808, 50.6183383], [31.3682161, 50.6035725], [31.3676808, 50.5975929], [31.3681757, 50.592812], [31.370195, 50.5889169], [31.3788265, 50.5865567], [31.3863185, 50.5886992], [31.3940133, 50.5902056], [31.3999209, 50.5923748], [31.4116297, 50.5932409], [31.4267537, 50.5935644], [31.4406749, 50.5898548], [31.4791442, 50.5679644], [31.4740034, 50.5670036], [31.3355689, 50.5195952], [31.3217975, 50.5092733], [31.311313, 50.5019269], [31.2850392, 50.5000368], [31.2815837, 50.5071743], [31.2626538, 50.5124913], [31.2531619, 50.5163311], [31.2476432, 50.5162313], [31.2410947, 50.5146031], [31.2368809, 50.5067756], [31.2293683, 50.4996958], [31.2146476, 50.4998213], [31.2074944, 50.4891624], [31.2136682, 50.4843007], [31.2362935, 50.4835908], [31.2621808, 50.4844042], [31.2760524, 50.4895258], [31.301253, 50.4931115], [31.3308395, 50.4967956], [31.3534416, 50.4990186], [31.3628686, 50.4952893], [31.370407, 50.4918866], [31.3707202, 50.4892308], [31.3668834, 50.4874143], [31.3612699, 50.484874], [31.356223, 50.4832887], [31.3523095, 50.4803368], [31.3462002, 50.476618], [31.3415361, 50.4726763], [31.3380456, 50.4693819], [31.3386179, 50.4660714], [31.3420185, 50.462243], [31.3473232, 50.4616944], [31.3521986, 50.46273], [31.3578439, 50.4646629], [31.3607426, 50.4658307], [31.3651009, 50.4660696], [31.3669367, 50.4639489], [31.3694852, 50.4611947], [31.3730635, 50.4610084], [31.3741689, 50.4626802], [31.3751509, 50.4654012], [31.3755325, 50.4676851], [31.3749058, 50.4698451], [31.373906, 50.4715261], [31.3720328, 50.4736777], [31.3705814, 50.4752998], [31.3689976, 50.4780227], [31.370566, 50.4812138], [31.377187, 50.4857583], [31.3819326, 50.4832626], [31.3892525, 50.4806573], [31.4021634, 50.4779721], [31.4063883, 50.487633], [31.4030605, 50.4994234], [31.3805408, 50.4984363], [31.3659043, 50.505457], [31.3532233, 50.5050163], [31.3341908, 50.5042485]]]}}, {"type": "Feature", "properties": {"name": "Taken back", "date": "2022-08-31", "layer_type": "liberated"}, "geometry": {"type": "Polygon", "coordinates": [[[33.8760196, 47.4813189], [33.8531962, 47.4542425], [33.8355409, 47.4341268], [33.8766048, 47.4342063], [33.9094933, 47.4216948], [33.9571325, 47.4182281], [33.9359577, 47.4867106], [33.9376743, 47.4889145], [33.936816, 47.4903065], [33.9357861, 47.4930903], [33.9333828, 47.4959899], [33.9309795, 47.4986574], [33.9304646, 47.5019046], [33.9299496, 47.5043399], [33.9280613, 47.507007], [33.9284046, 47.509558], [33.9301212, 47.5122248], [33.9289196, 47.5168624], [33.926688, 47.5197607], [33.9235981, 47.519297], [33.9148434, 47.5182536], [33.905917, 47.517558], [33.8945873, 47.515819], [33.8854893, 47.5114132], [33.8808544, 47.5017887], [33.8760196, 47.4813189]]]}}, {"type": "Feature", "properties": {"name": "Taken back 26.03", "date": "2022-08-31", "layer_type": "liberated"}, "geometry": {"type": "Polygon", "coordinates": [[[34.9758543, 50.4987774], [34.9779143, 50.5159721], [34.9713912, 50.5292869], [34.9662413, 50.5399797], [34.9789443, 50.5604856], [34.9772276, 50.5801105], [34.9737944, 50.5992914], [34.993101, 50.5988866], [35.0102569, 50.6004032], [35.0106002, 50.6112977], [34.9984123, 50.6164173], [34.9928333, 50.6236055], [34.991975, 50.6286148], [34.9906017, 50.6372709], [34.9884561, 50.6411357], [34.9814178, 50.643313], [34.964595, 50.6404826], [34.9549819, 50.6328614], [34.9451948, 50.6208281], [34.9302627, 50.6146745], [34.9359275, 50.6031271], [34.9604751, 50.5990957], [34.9611617, 50.5681406], [34.951892, 50.548947], [34.9484588, 50.5380381], [34.9553253, 50.5245075], [34.9618484, 50.510318], [34.9657647, 50.498264], [34.9718927, 50.5016114], [34.9758543, 50.4987774]]]}}, {"type": "Feature", "properties": {"name": "Taken back 27-29.03", "date": "2022-08-31", "layer_type": "liberated"}, "geometry": {"type": "Polygon", "coordinates": [[[36.8054894, 49.3628992], [36.7960234, 49.3648618], [36.7834682, 49.359892], [36.8050793, 49.3488407], [36.8020763, 49.3166269], [36.8022911, 49.2759377], [36.8108945, 49.269411], [36.8293114, 49.2550915], [36.8445597, 49.2459082], [36.8512223, 49.2432235], [36.861665, 49.2415651], [36.8722787, 49.2394013], [36.8798983, 49.2375999], [36.8815953, 49.2359104], [36.885332, 49.2315225], [36.8858069, 49.2303572], [36.8862818, 49.2262774], [36.893328, 49.2166276], [36.8988341, 49.2091007], [36.9050344, 49.1985333], [36.9043866, 49.1913081], [36.8916801, 49.181303], [36.8820652, 49.1836391], [36.8624916, 49.1887567], [36.8642985, 49.1815468], [36.8731424, 49.1770298], [36.8726279, 49.1711672], [36.881125, 49.1646447], [36.8872605, 49.158016], [36.8979885, 49.1555623], [36.9085214, 49.1619891], [36.9151711, 49.1703562], [36.920499, 49.1874478], [36.9213798, 49.1894851], [36.9235483, 49.1913543], [36.9239651, 49.1946283], [36.9266994, 49.1961074], [36.9268204, 49.1977731], [36.9261943, 49.1993351], [36.9257095, 49.2013499], [36.9169008, 49.2064836], [36.9091492, 49.2069192], [36.9020105, 49.2157716], [36.8955214, 49.2240103], [36.8890148, 49.2367608], [36.886627, 49.2399839], [36.8572864, 49.2459456], [36.836741, 49.2572399], [36.807866, 49.2789323], [36.810817, 49.2892255], [36.8127386, 49.2989589], [36.8129438, 49.3083564], [36.8107457, 49.3174182], [36.8127171, 49.3373359], [36.8142203, 49.3499213], [36.8312476, 49.3479793], [36.8355723, 49.3506781], [36.8380415, 49.3529439], [36.8394802, 49.3547962], [36.8703958, 49.3749831], [36.8894732, 49.3809177], [36.8733954, 49.3873213], [36.8383621, 49.4051672], [36.8289822, 49.4072579], [36.8256563, 49.4074254], [36.8248687, 49.3904051], [36.8209657, 49.3813117], [36.8139302, 49.3653012], [36.8054894, 49.3628992]]]}}, {"type": "Feature", "properties": {"name": "Taken back 30.03", "date": "2022-08-31", "layer_type": "liberated"}, "geometry": {"type": "Polygon", "coordinates": [[[33.0951221, 47.5616794], [33.0875311, 47.5527966], [33.112937, 47.556388], [33.1434927, 47.547467], [33.144351, 47.5344882], [33.1577405, 47.5313589], [33.1783399, 47.5209265], [33.1906677, 47.520993], [33.1914196, 47.5177318], [33.1949711, 47.5179564], [33.2000664, 47.503586], [33.2011391, 47.4878856], [33.2043583, 47.4870728], [33.2114529, 47.4441035], [33.2222105, 47.4447741], [33.2361151, 47.4461672], [33.2364155, 47.4533934], [33.2615614, 47.4589076], [33.281171, 47.4527236], [33.307486, 47.4562035], [33.308114, 47.4655738], [33.3201883, 47.4717523], [33.3226493, 47.4728325], [33.328801, 47.4719689], [33.3324418, 47.4699519], [33.3343014, 47.4677317], [33.3349207, 47.465553], [33.3476147, 47.4670674], [33.3480451, 47.4680519], [33.3474058, 47.469102], [33.346509, 47.4701811], [33.345166, 47.4707148], [33.3430933, 47.4708423], [33.3417823, 47.4717604], [33.3412383, 47.4733129], [33.3410161, 47.4748945], [33.3407027, 47.4756893], [33.3401898, 47.4761816], [33.3407069, 47.476674], [33.3382306, 47.4785659], [33.3369128, 47.4792976], [33.3368079, 47.4803807], [33.3359508, 47.480886], [33.334407, 47.4811592], [33.3315463, 47.4814351], [33.3268098, 47.4891629], [33.3149216, 47.4893794], [33.3130485, 47.4880454], [33.3077142, 47.4859863], [33.3042555, 47.4834335], [33.2901279, 47.4825611], [33.2874573, 47.4828851], [33.2827102, 47.4851352], [33.2799369, 47.4857611], [33.2783641, 47.4856368], [33.276462, 47.4841825], [33.2776142, 47.4835712], [33.2786625, 47.4818735], [33.2763975, 47.4798357], [33.2722186, 47.4789037], [33.2712883, 47.4769], [33.2720681, 47.475666], [33.2715141, 47.4739759], [33.2711734, 47.4721189], [33.2719485, 47.4700879], [33.2740134, 47.466258], [33.235489, 47.4585667], [33.2321595, 47.4669419], [33.2293869, 47.4711394], [33.2244851, 47.4727746], [33.2159878, 47.4715561], [33.2130466, 47.4865746], [33.2217009, 47.4878396], [33.2197486, 47.4961536], [33.218182, 47.504743], [33.2158859, 47.5074399], [33.2095559, 47.529467], [33.1988057, 47.528482], [33.1955011, 47.5304811], [33.1817467, 47.5287426], [33.1680782, 47.5346826], [33.1658466, 47.5405929], [33.1557186, 47.5436058], [33.152457, 47.5541495], [33.1358059, 47.559131], [33.1110866, 47.5634169], [33.0951221, 47.5616794]]]}}, {"type": "Feature", "properties": {"name": "Taken back", "date": "2022-08-31", "layer_type": "liberated"}, "geometry": {"type": "Polygon", "coordinates": [[[34.9884561, 50.6411357], [35.0094558, 50.6613179], [35.0087691, 50.6806833], [35.013919, 50.6935166], [34.9847366, 50.7554586], [34.9589873, 50.7710942], [34.9445678, 50.7812979], [34.9414779, 50.7914994], [34.950061, 50.8127635], [34.9505778, 50.8249457], [34.9316951, 50.8255963], [34.9313517, 50.8114975], [34.9272319, 50.7913181], [34.9286052, 50.7785115], [34.943368, 50.7628784], [34.966714, 50.7485435], [34.9752971, 50.7276849], [34.9912621, 50.6937004], [34.9878289, 50.6834776], [34.9881722, 50.664331], [34.964595, 50.6404826], [34.9814178, 50.643313], [34.9884561, 50.6411357]]]}}, {"type": "Feature", "properties": {"name": "Taken back 10.05", "date": "2022-08-31", "layer_type": "liberated"}, "geometry": {"type": "Polygon", "coordinates": [[[36.5779066, 50.046777], [36.7480921, 50.029576], [36.7653654, 50.0191934], [36.804874, 50.0283907], [36.8004966, 50.0377632], [36.7982866, 50.0511298], [36.7999816, 50.0518187], [36.8007671, 50.0685269], [36.7980844, 50.0723227], [36.8030978, 50.0763408], [36.8039922, 50.0827824], [36.7985706, 50.0844295], [36.7976834, 50.109753], [36.8103341, 50.1156922], [36.8112616, 50.1258127], [36.8144645, 50.1511132], [36.8153907, 50.1523568], [36.8172271, 50.1517137], [36.8190635, 50.1523904], [36.8191993, 50.1536676], [36.8041919, 50.1611711], [36.7715545, 50.1607468], [36.7517927, 50.1542719], [36.7045055, 50.1783521], [36.6793992, 50.1795928], [36.6492056, 50.1756785], [36.6070085, 50.1604745], [36.5548751, 50.148294], [36.5487057, 50.1420142], [36.4924572, 50.1496148], [36.4179366, 50.143609], [36.3832613, 50.1502803], [36.3438552, 50.1685107], [36.3018452, 50.1838128], [36.2853644, 50.1861163], [36.2813303, 50.1878748], [36.2717357, 50.184419], [36.2588006, 50.181573], [36.218685, 50.1844612], [36.2158633, 50.1795012], [36.2197423, 50.1543644], [36.231807, 50.1518043], [36.2356302, 50.1439638], [36.2500395, 50.1291796], [36.3433078, 50.0860291], [36.3315575, 50.0768013], [36.3673919, 50.0446498], [36.4269856, 50.0153275], [36.465936, 50.0018671], [36.484806, 49.9887413], [36.4844358, 49.9288076], [36.5019453, 49.9296916], [36.5549859, 49.9997175], [36.5779066, 50.046777]]]}}, {"type": "Feature", "properties": {"name": "Taken back", "date": "2022-08-31", "layer_type": "liberated"}, "geometry": {"type": "Polygon", "coordinates": [[[35.1776178, 50.3320353], [35.2290408, 50.3295554], [35.2578799, 50.3356917], [35.2791659, 50.331747], [35.3231112, 50.339636], [35.3567569, 50.3497145], [35.3979556, 50.3484001], [35.4748599, 50.3991995], [35.5030124, 50.4114533], [35.5117643, 50.4210858], [35.5482449, 50.4219629], [35.5663118, 50.4209754], [35.5833499, 50.425235], [35.5833498, 50.4299635], [35.5872122, 50.4310711], [35.5866973, 50.4370447], [35.5591411, 50.4268545], [35.5462659, 50.4291276], [35.5078182, 50.4271032], [35.5014679, 50.4337143], [35.492026, 50.4377007], [35.4693667, 50.4473211], [35.4325425, 50.4448095], [35.41701, 50.436826], [35.4095916, 50.4382744], [35.3985679, 50.4458443], [35.3785719, 50.4666629], [35.3528086, 50.4884046], [35.3965823, 50.5586878], [35.3693991, 50.6069855], [35.3323202, 50.643576], [35.3137808, 50.6670834], [35.319274, 50.6975385], [35.2953363, 50.7103787], [35.3641726, 50.7028776], [35.3782488, 50.6955928], [35.3864885, 50.6858054], [35.402453, 50.6788443], [35.4084612, 50.6831951], [35.4101778, 50.6935267], [35.4091478, 50.7001595], [35.4182459, 50.7014642], [35.425284, 50.6947229], [35.4304338, 50.6896119], [35.4426218, 50.6870018], [35.4597879, 50.6887418], [35.4601313, 50.6921131], [35.4606463, 50.7018991], [35.4565264, 50.7041822], [35.4560114, 50.7101613], [35.446055, 50.7063565], [35.4433085, 50.6966802], [35.4355837, 50.6964627], [35.4323221, 50.7030951], [35.4254557, 50.7086394], [35.3569628, 50.7138571], [35.2903582, 50.7278766], [35.2783419, 50.7278766], [35.2675272, 50.724834], [35.2644373, 50.7348305], [35.2728487, 50.7523193], [35.2733841, 50.7607443], [35.288662, 50.7619387], [35.2960434, 50.7663904], [35.2890053, 50.7729044], [35.2793923, 50.7789832], [35.2666893, 50.7820223], [35.2690926, 50.7901619], [35.2902069, 50.7903789], [35.3115407, 50.7932331], [35.3305951, 50.7933416], [35.3506795, 50.7932331], [35.3644124, 50.7938841], [35.3872434, 50.7942097], [35.4016629, 50.7955117], [35.4074994, 50.7987668], [35.3939382, 50.8026726], [35.3893033, 50.8110254], [35.4117909, 50.8118932], [35.4140225, 50.8186177], [35.387415, 50.8178585], [35.3510228, 50.8245822], [35.323557, 50.8440969], [35.3066397, 50.8407818], [35.2920485, 50.8352531], [35.2860403, 50.8349278], [35.2839804, 50.8424078], [35.2795172, 50.8514038], [35.2819204, 50.8583394], [35.2894735, 50.8621318], [35.2908468, 50.8686324], [35.2838087, 50.8701491], [35.2762556, 50.8676573], [35.2693892, 50.867549], [35.2669859, 50.8702574], [35.2747107, 50.8737239], [35.2874136, 50.8740488], [35.3004599, 50.8783816], [35.3183127, 50.8769735], [35.3275824, 50.8761069], [35.3456068, 50.8837969], [35.3543615, 50.8873707], [35.362773, 50.8901862], [35.3660345, 50.8935429], [35.3626013, 50.9000391], [35.35213, 50.9062097], [35.3383795, 50.9176134], [35.3232733, 50.9137173], [35.3301398, 50.9009443], [35.3370063, 50.891633], [35.3208701, 50.8853522], [35.3019873, 50.8875181], [35.2892844, 50.8868683], [35.2717749, 50.8868683], [35.2528922, 50.8853522], [35.2316062, 50.8851356], [35.2223365, 50.8847024], [35.1969306, 50.905924], [35.1783911, 50.9191285], [35.1557318, 50.9139338], [35.1485221, 50.8996452], [35.1474921, 50.884919], [35.1419989, 50.8680215], [35.1251761, 50.854369], [35.0987403, 50.8487335], [35.0843207, 50.8385445], [35.0456698, 50.842376], [35.0206072, 50.8384736], [34.994858, 50.8399912], [34.9697955, 50.8326193], [34.951256, 50.8382567], [34.93203, 50.8365222], [34.9316951, 50.8255963], [34.9505778, 50.8249457], [34.962929, 50.8235112], [34.9818118, 50.8245956], [35.0010378, 50.8241618], [35.0202639, 50.8230774], [35.0436099, 50.8235112], [35.0789721, 50.8235112], [35.0896151, 50.8135336], [35.1170809, 50.8044218], [35.1475503, 50.7992508], [35.188749, 50.7870976], [35.2265145, 50.7692961], [35.2457406, 50.7406258], [35.2464272, 50.7132424], [35.2670266, 50.6949778], [35.2711465, 50.6806221], [35.2793862, 50.6636506], [35.2903725, 50.6497207], [35.2986123, 50.6392706], [35.2594735, 50.6262046], [35.2423074, 50.618799], [35.2251412, 50.6205416], [35.2189614, 50.6074704], [35.2175881, 50.5913443], [35.1866891, 50.5590756], [35.1608285, 50.5459795], [35.1189432, 50.5420523], [35.0990304, 50.5472885], [35.0365457, 50.5307053], [35.0152597, 50.5158628], [34.9809991, 50.4949988], [34.9929186, 50.4801327], [35.0125131, 50.4787361], [35.0255594, 50.4717442], [35.0454721, 50.4726183], [35.0543985, 50.4826685], [35.080491, 50.4778621], [35.1113901, 50.4734923], [35.1319894, 50.4678109], [35.1512155, 50.4599432], [35.1718149, 50.4507625], [35.1931009, 50.442892], [35.1971359, 50.436168], [35.2066621, 50.4294435], [35.1898393, 50.4167021], [35.1759761, 50.4065829], [35.1617727, 50.399143], [35.1492398, 50.3981853], [35.1378243, 50.3960232], [35.1412151, 50.3890598], [35.1352716, 50.3869462], [35.1349933, 50.3835192], [35.1452074, 50.3805375], [35.1424192, 50.3734743], [35.1435673, 50.3700936], [35.1416255, 50.366056], [35.1437501, 50.362908], [35.146003, 50.3603897], [35.151174, 50.359514], [35.157567, 50.3544226], [35.1580222, 50.3507847], [35.1594759, 50.342432], [35.163185, 50.3425848], [35.1667655, 50.3428836], [35.1663579, 50.3463807], [35.1654783, 50.3495025], [35.164727, 50.3547328], [35.1639924, 50.3582684], [35.1609832, 50.3597776], [35.1570725, 50.3627651], [35.1570241, 50.3636172], [35.1597489, 50.3649449], [35.1594379, 50.3672784], [35.1583544, 50.3686265], [35.1569165, 50.3699813], [35.1521957, 50.3710216], [35.1578606, 50.3800538], [35.1760138, 50.3923399], [35.2055396, 50.4098469], [35.2345503, 50.4313934], [35.2443351, 50.4424363], [35.2827872, 50.4514], [35.3217543, 50.4747849], [35.3342855, 50.4849441], [35.3451003, 50.4758774], [35.3576316, 50.4656072], [35.3723944, 50.453586], [35.3847541, 50.4409058], [35.3741111, 50.4317215], [35.3679312, 50.4240665], [35.3778876, 50.4194729], [35.387844, 50.4175041], [35.387844, 50.410722], [35.3864707, 50.3980304], [35.3888739, 50.3870865], [35.3916205, 50.3739506], [35.3909339, 50.3647533], [35.3555716, 50.3654103], [35.3253592, 50.3638773], [35.3143729, 50.3564304], [35.2886237, 50.3476678], [35.2673377, 50.3489823], [35.2350653, 50.3452579], [35.2055396, 50.3419713], [35.1761318, 50.343452], [35.1776178, 50.3320353]]]}}, {"type": "Feature", "properties": {"name": "Taken back 05.04", "date": "2022-08-31", "layer_type": "liberated"}, "geometry": {"type": "Polygon", "coordinates": [[[33.689715, 47.4498768], [33.6537543, 47.4481637], [33.6365859, 47.4698393], [33.6275343, 47.4792694], [33.5681773, 47.5622438], [33.4944508, 47.5539001], [33.4836429, 47.5440707], [33.4592796, 47.5275216], [33.4914971, 47.519381], [33.5010935, 47.5115069], [33.5141124, 47.5058632], [33.5201479, 47.5103474], [33.5317347, 47.5114353], [33.5458373, 47.5098925], [33.5601605, 47.5027082], [33.5787937, 47.5013026], [33.587617, 47.4940255], [33.5933901, 47.4817903], [33.6011116, 47.4636318], [33.6146149, 47.4497577], [33.6340199, 47.4392032], [33.7212299, 47.4308333], [33.7050786, 47.4512698], [33.689715, 47.4498768]]]}}, {"type": "Feature", "properties": {"name": "Taken back16.04", "date": "2022-08-31", "layer_type": "liberated"}, "geometry": {"type": "Polygon", "coordinates": [[[36.8927814, 49.7995755], [36.9246422, 49.7899968], [37.0066968, 49.8300984], [37.0035789, 49.8424104], [36.9856275, 49.8334502], [36.977347, 49.8358304], [36.8983152, 49.8121701], [36.8895397, 49.8053192], [36.8927814, 49.7995755]]]}}, {"type": "Feature", "properties": {"name": "Taken back", "date": "2022-08-31", "layer_type": "liberated"}, "geometry": {"type": "Polygon", "coordinates": [[[37.5218536, 47.94582], [37.5144738, 47.9495584], [37.506703, 47.9456049], [37.4981632, 47.9351826], [37.5095584, 47.9326668], [37.5143006, 47.9351794], [37.5218536, 47.94582]]]}}, {"type": "Feature", "properties": {"name": "Taken back", "date": "2022-08-31", "layer_type": "liberated"}, "geometry": {"type": "Polygon", "coordinates": [[[36.4844358, 49.9288076], [36.4839776, 49.9089439], [36.4844005, 49.9011872], [36.5057638, 49.897078], [36.5851256, 49.8773939], [36.5828146, 49.8698789], [36.5822212, 49.8599853], [36.610551, 49.8547093], [36.6126321, 49.8546005], [36.6152285, 49.862128], [36.6185979, 49.8725311], [36.6254868, 49.8698783], [36.6356789, 49.8618999], [36.6470585, 49.8547408], [36.6649965, 49.8461624], [36.6740515, 49.8401574], [36.6787852, 49.8290105], [36.6699625, 49.8282597], [36.6498051, 49.8230773], [36.6538338, 49.819353], [36.6588925, 49.8209446], [36.6710699, 49.822801], [36.6775729, 49.8176525], [36.6850872, 49.8197601], [36.6918786, 49.8253045], [36.7020278, 49.8168985], [36.7085964, 49.8222372], [36.7224176, 49.8120877], [36.7191576, 49.8059655], [36.7064548, 49.7990397], [36.690662, 49.7953829], [36.695467, 49.790285], [36.7201862, 49.7947177], [36.7307308, 49.8022533], [36.7337723, 49.8074608], [36.741449, 49.8053559], [36.7633276, 49.7909599], [36.7999879, 49.7796634], [36.8041522, 49.7769277], [36.7949275, 49.7690927], [36.7909822, 49.7618187], [36.7939865, 49.7597576], [36.7975056, 49.75814], [36.7987503, 49.7580652], [36.8264801, 49.7742571], [36.8424327, 49.7665284], [36.8459974, 49.7643845], [36.8501831, 49.7670824], [36.8475025, 49.770002], [36.8425359, 49.7730685], [36.8290022, 49.7835063], [36.8292836, 49.7883853], [36.8234275, 49.7942334], [36.8169531, 49.7973297], [36.8147673, 49.7952071], [36.814856, 49.7935001], [36.8189877, 49.7875307], [36.777873, 49.7982005], [36.7611318, 49.8106783], [36.7475705, 49.8187643], [36.740518, 49.8263077], [36.7172935, 49.843858], [36.7031724, 49.8464545], [36.7061689, 49.8527543], [36.7312535, 49.8687615], [36.7494472, 49.8765797], [36.7806896, 49.8708269], [36.799229, 49.8661798], [36.8397411, 49.8579911], [36.855534, 49.8559991], [36.8816265, 49.8571058], [36.9128689, 49.8553351], [36.9269451, 49.8551137], [36.941708, 49.8568845], [36.9626507, 49.8655159], [36.972607, 49.8750309], [36.9777568, 49.8821106], [36.962994, 49.8843228], [36.9475445, 49.8812257], [36.9163021, 49.8852077], [36.9039425, 49.8801196], [36.9032558, 49.870163], [36.8943294, 49.8661798], [36.8737301, 49.867065], [36.855534, 49.8661798], [36.8064388, 49.8759159], [36.7820629, 49.8827743], [36.7552837, 49.8927282], [36.724213, 49.8888022], [36.7099652, 49.8818341], [36.7068752, 49.8779072], [36.7009602, 49.8647004], [36.6901457, 49.8483218], [36.6818208, 49.8474356], [36.6710911, 49.8509777], [36.6520356, 49.8599431], [36.6410656, 49.8657607], [36.634501, 49.8699418], [36.6296537, 49.8729932], [36.6240333, 49.8752698], [36.6165744, 49.8778258], [36.6126341, 49.881377], [36.6123057, 49.887705], [36.6071853, 49.8886371], [36.6084184, 49.8940826], [36.612227, 49.8984219], [36.6174092, 49.9034801], [36.6177855, 49.9085382], [36.6028894, 49.9079296], [36.5990354, 49.907376], [36.5909762, 49.9019022], [36.5855022, 49.8953765], [36.5795574, 49.8890156], [36.5730663, 49.8888208], [36.567605, 49.8905059], [36.5607205, 49.8922059], [36.5548661, 49.8901455], [36.5448731, 49.893323], [36.5196472, 49.90089], [36.5018018, 49.9120383], [36.5019453, 49.9296916], [36.4844358, 49.9288076]]]}}, {"type": "Feature", "properties": {"name": "Taken back", "date": "2022-08-31", "layer_type": "liberated"}, "geometry": {"type": "Polygon", "coordinates": [[[32.0866005, 46.684462], [32.1017909, 46.7154142], [32.1461669, 46.7062436], [32.1657363, 46.7021234], [32.1704922, 46.7457019], [32.1872734, 46.7471601], [32.217432, 46.7495852], [32.2449066, 46.7704252], [32.2435333, 46.7860604], [32.1864469, 46.7969531], [32.1539092, 46.80802], [32.1096031, 46.7896389], [31.9643776, 46.7724764], [31.9420616, 46.7444874], [31.9746772, 46.7105989], [31.9667808, 46.6823422], [31.9781105, 46.6568985], [32.0023148, 46.6407544], [32.0112411, 46.6338003], [32.0224445, 46.6258715], [32.0367352, 46.6228926], [32.0423118, 46.6408722], [32.0626179, 46.6488548], [32.0866005, 46.684462]]]}}, {"type": "Feature", "properties": {"name": "Taken back", "date": "2022-08-31", "layer_type": "liberated"}, "geometry": {"type": "Polygon", "coordinates": [[[33.2222105, 47.4447741], [33.2114529, 47.4441035], [33.2127964, 47.4350092], [33.2185443, 47.4117249], [33.198015, 47.3730194], [33.1919693, 47.3570351], [33.175629, 47.3491896], [33.1735093, 47.3433898], [33.1847784, 47.3401488], [33.1995625, 47.3391393], [33.2066141, 47.343229], [33.2141816, 47.3454572], [33.2206536, 47.3518584], [33.2233509, 47.3657023], [33.2441219, 47.4119572], [33.2361151, 47.4461672], [33.2222105, 47.4447741]]]}}, {"type": "Feature", "properties": {"name": "Taken back", "date": "2022-08-31", "layer_type": "liberated"}, "geometry": {"type": "Polygon", "coordinates": [[[32.4649078, 47.0749148], [32.4612704, 47.0748221], [32.4511127, 47.0673645], [32.4541448, 47.0501117], [32.4585676, 47.0380601], [32.4667372, 47.0330282], [32.5198554, 47.0443287], [32.5648767, 47.0523604], [32.5601535, 47.0665416], [32.6367145, 47.0758949], [32.6389075, 47.0656636], [32.6530131, 47.0665], [32.6695009, 47.0668375], [32.6856564, 47.0678403], [32.6952602, 47.0677757], [32.7180866, 47.0681507], [32.7615308, 47.0822634], [32.7795868, 47.0987058], [32.7183015, 47.1010966], [32.6848655, 47.0975182], [32.683837, 47.1048219], [32.6625492, 47.1019594], [32.6592871, 47.099154], [32.6600598, 47.0960574], [32.6535373, 47.0948304], [32.4649078, 47.0749148]]]}}, {"type": "Feature", "properties": {"name": "Taken back 31.03", "date": "2022-08-31", "layer_type": "liberated"}, "geometry": {"type": "Polygon", "coordinates": [[[31.6633791, 50.6073872], [31.6547897, 50.5983703], [31.656163, 50.5918321], [31.6630294, 50.585729], [31.675389, 50.5783169], [31.6925552, 50.584857], [31.7241409, 50.6031644], [31.7708328, 50.6301766], [31.8394973, 50.6506433], [31.8635299, 50.6758877], [31.9122817, 50.6919848], [31.9596603, 50.6963344], [32.0036056, 50.7072067], [32.033818, 50.7206848], [32.0894363, 50.7502362], [32.1436813, 50.7867151], [32.1347549, 50.7975665], [32.125048, 50.8071984], [32.1354881, 50.8280245], [32.0257862, 50.9230114], [32.1229907, 50.9282816], [32.1126909, 50.9484019], [31.9215342, 50.9667243], [31.8965111, 50.9633229], [31.9117328, 50.9345743], [31.9609863, 50.8880251], [31.8705912, 50.8617302], [31.8801733, 50.8224193], [31.9061862, 50.8145636], [31.9322016, 50.8266568], [31.9901185, 50.8564529], [32.0353299, 50.8471867], [32.0715835, 50.820563], [32.0097854, 50.7628334], [31.9610336, 50.7350283], [31.8971755, 50.7198154], [31.8326309, 50.7006836], [31.807225, 50.6719713], [31.7735794, 50.6593498], [31.6932418, 50.6188508], [31.6739599, 50.610871], [31.6633791, 50.6073872]]]}}, {"type": "Feature", "properties": {"name": "Taken back", "date": "2022-08-31", "layer_type": "liberated"}, "geometry": {"type": "Polygon", "coordinates": [[[33.1503344, 47.3037415], [33.0962683, 47.2355339], [33.0940611, 47.2262445], [33.0888087, 47.2239539], [33.087333, 47.223237], [33.0861412, 47.2229983], [33.0852511, 47.2225042], [33.0834598, 47.2211648], [33.0819261, 47.2205833], [33.0807357, 47.2205263], [33.0792771, 47.2204911], [33.077561, 47.2210097], [33.0735166, 47.2233282], [33.0725029, 47.2236494], [33.0715751, 47.2234314], [33.0711837, 47.2230895], [33.0710284, 47.2225582], [33.0719879, 47.2211112], [33.0725714, 47.2206687], [33.0742104, 47.2198711], [33.0747846, 47.2192961], [33.0750369, 47.2185389], [33.0748627, 47.2182404], [33.0745597, 47.2180294], [33.0743265, 47.217771], [33.07375, 47.2176292], [33.0717816, 47.2175205], [33.0709397, 47.2177398], [33.0674155, 47.2200722], [33.0669261, 47.2204148], [33.0663079, 47.2204368], [33.0654577, 47.2202768], [33.0648733, 47.2195778], [33.0647343, 47.2190834], [33.0652361, 47.2178411], [33.0651799, 47.2167445], [33.0641379, 47.2156424], [33.0639757, 47.2147589], [33.0644238, 47.213983], [33.0655775, 47.2132109], [33.0658299, 47.212541], [33.0652189, 47.2108221], [33.0652192, 47.2102232], [33.0653697, 47.2097627], [33.0658662, 47.2090089], [33.0664846, 47.2081893], [33.0670279, 47.2075518], [33.0671851, 47.2070331], [33.0671437, 47.2066492], [33.0670289, 47.2062933], [33.0666271, 47.2058134], [33.0660787, 47.2053061], [33.0658521, 47.2050284], [33.0657549, 47.2049129], [33.0655289, 47.2044148], [33.0655276, 47.2042094], [33.0655733, 47.2039299], [33.0660321, 47.2029162], [33.0662361, 47.2025293], [33.0663464, 47.2019925], [33.0663386, 47.2017345], [33.0661703, 47.2012736], [33.0659976, 47.2010614], [33.0657021, 47.2008515], [33.0673967, 47.2007253], [33.1036184, 47.1954999], [33.1183837, 47.2015819], [33.1223319, 47.2032147], [33.1238724, 47.2024624], [33.1268517, 47.2032603], [33.1275995, 47.2031834], [33.1284942, 47.2026214], [33.1306269, 47.2028387], [33.1318025, 47.2032732], [33.1336387, 47.2049586], [33.1342215, 47.2057635], [33.135902, 47.2058572], [33.1365198, 47.2055504], [33.1376096, 47.2057392], [33.1391885, 47.2071663], [33.1396856, 47.208038], [33.1407657, 47.2083821], [33.1417242, 47.2084289], [33.1428689, 47.2097468], [33.1427527, 47.2107196], [33.142379, 47.2110802], [33.1366534, 47.2123844], [33.1353301, 47.2126605], [33.1339708, 47.2132128], [33.129316, 47.2192247], [33.1284378, 47.2206017], [33.1276254, 47.2223648], [33.1269928, 47.2255383], [33.1266135, 47.2287461], [33.1266375, 47.2297938], [33.1272864, 47.2308984], [33.1328681, 47.2329508], [33.1387504, 47.2313893], [33.1422001, 47.230063], [33.1477152, 47.2304506], [33.1487893, 47.2309342], [33.1502511, 47.2326007], [33.1506859, 47.2334857], [33.1513841, 47.2341485], [33.1526088, 47.2345995], [33.1563461, 47.2355596], [33.1590143, 47.2355561], [33.1616648, 47.2363207], [33.1628132, 47.2359198], [33.1625351, 47.235526], [33.1592324, 47.2343886], [33.1583777, 47.23258], [33.1601014, 47.2312941], [33.1637703, 47.2315634], [33.1661089, 47.2340473], [33.1666662, 47.2341196], [33.1678665, 47.2333316], [33.172928, 47.2335621], [33.1750691, 47.2368204], [33.1762616, 47.2377423], [33.1776166, 47.237488], [33.1786959, 47.2368628], [33.1798244, 47.236603], [33.1820816, 47.2369572], [33.1841072, 47.2379571], [33.1845536, 47.2389077], [33.1845889, 47.2416249], [33.1850029, 47.2426307], [33.1855736, 47.2431854], [33.1859427, 47.2437122], [33.1863377, 47.2441248], [33.1866986, 47.2439011], [33.1867336, 47.2432788], [33.1872325, 47.2426751], [33.189518, 47.2419335], [33.1916, 47.2420234], [33.192846, 47.2424943], [33.1951672, 47.2447763], [33.1952608, 47.2454944], [33.1948983, 47.2464027], [33.1938062, 47.2472527], [33.1920511, 47.2483117], [33.1914591, 47.2490898], [33.1913909, 47.2497136], [33.1919411, 47.2500292], [33.1932133, 47.2499611], [33.1957577, 47.2495919], [33.1978426, 47.2498439], [33.1995233, 47.2507558], [33.2000524, 47.2514726], [33.1998232, 47.2522655], [33.1976481, 47.2537347], [33.1969027, 47.2545177], [33.1963559, 47.2555013], [33.195434, 47.2565363], [33.1943627, 47.2572084], [33.1939135, 47.2573562], [33.1938506, 47.2576205], [33.1936847, 47.2611247], [33.1940397, 47.2620167], [33.1958631, 47.263245], [33.1976007, 47.2640657], [33.198072, 47.2645711], [33.1980705, 47.2664556], [33.1984109, 47.2681862], [33.2009845, 47.2720654], [33.2021849, 47.2732656], [33.2040711, 47.2763066], [33.2050062, 47.2772892], [33.2075848, 47.2792176], [33.2087475, 47.2805927], [33.2095279, 47.2818872], [33.209458, 47.2830206], [33.2090608, 47.283366], [33.2098653, 47.2840316], [33.2109273, 47.2845808], [33.211828, 47.2850307], [33.2135438, 47.2857559], [33.2144007, 47.286624], [33.2159305, 47.2876574], [33.2201443, 47.2894457], [33.2246852, 47.2908594], [33.2266323, 47.2913346], [33.2281504, 47.2912857], [33.2288691, 47.2920029], [33.229736, 47.2923074], [33.2309033, 47.2920297], [33.231607, 47.2902517], [33.2318128, 47.2894901], [33.2326535, 47.2887819], [33.2387827, 47.2888023], [33.2398908, 47.2886189], [33.2427934, 47.2867965], [33.2471392, 47.2861207], [33.249136, 47.2865157], [33.2496964, 47.2863159], [33.2566232, 47.2865519], [33.2597933, 47.2870187], [33.2610322, 47.2875437], [33.2616217, 47.288128], [33.2629724, 47.2878409], [33.2639137, 47.2878724], [33.2688407, 47.2916056], [33.269774, 47.2921973], [33.2717265, 47.2929731], [33.2737435, 47.2949905], [33.274516, 47.2959398], [33.2754291, 47.297325], [33.2756556, 47.2990593], [33.2749927, 47.3004907], [33.2748687, 47.3010833], [33.2751357, 47.3029672], [33.2754981, 47.3041158], [33.2756308, 47.3058082], [33.2746048, 47.3064822], [33.2740118, 47.3071317], [33.27068, 47.307383], [33.269767, 47.3075947], [33.2671407, 47.3076986], [33.26224, 47.3057654], [33.2582752, 47.3055073], [33.2556194, 47.3061513], [33.2504314, 47.3067368], [33.2464969, 47.3076125], [33.2448795, 47.3086045], [33.2417607, 47.3093816], [33.238041, 47.311439], [33.2363521, 47.3127603], [33.2354631, 47.3143263], [33.23523, 47.315189], [33.2342486, 47.3167398], [33.2330483, 47.320415], [33.2333928, 47.3215884], [33.2342536, 47.3221315], [33.2376226, 47.3231366], [33.2405628, 47.324636], [33.2424082, 47.325909], [33.2453695, 47.3280546], [33.2467433, 47.3300769], [33.2488044, 47.3320853], [33.2507579, 47.3335484], [33.251982, 47.3341099], [33.2536579, 47.3347674], [33.2548641, 47.3348133], [33.2560702, 47.3345392], [33.25668, 47.3341656], [33.2606545, 47.3307502], [33.2622253, 47.3294872], [33.2648557, 47.3280736], [33.2667565, 47.3271835], [33.2792618, 47.3223094], [33.2852865, 47.3210131], [33.2868645, 47.3209806], [33.2892463, 47.3220427], [33.290169, 47.3221158], [33.2914994, 47.3217382], [33.293731, 47.3214485], [33.2961344, 47.3219163], [33.2974221, 47.3226773], [33.2981094, 47.3234429], [33.298969, 47.3239268], [33.2989564, 47.3252137], [33.2976134, 47.3264423], [33.2969022, 47.3273857], [33.2978217, 47.3278926], [33.2989774, 47.3281378], [33.299438, 47.3284754], [33.3002076, 47.3285162], [33.3009772, 47.3296332], [33.3008856, 47.330471], [33.3009201, 47.3314627], [33.2995813, 47.3329489], [33.2981053, 47.3335943], [33.2968698, 47.3341871], [33.2950855, 47.3353728], [33.2908299, 47.3375114], [33.2889274, 47.3385894], [33.287697, 47.3396984], [33.2864681, 47.3422627], [33.2860702, 47.3433783], [33.2851027, 47.344039], [33.284541, 47.3449533], [33.2845329, 47.3454345], [33.2852114, 47.3459738], [33.2881995, 47.3476338], [33.2905708, 47.348744], [33.2914511, 47.3494524], [33.2920961, 47.3509854], [33.2919259, 47.3521841], [33.2914057, 47.3529046], [33.289641, 47.3538576], [33.2892015, 47.3546298], [33.2901247, 47.3572788], [33.292019, 47.3603299], [33.2907315, 47.3606497], [33.282159, 47.3614029], [33.2482863, 47.3474361], [33.2206536, 47.3518584], [33.2141816, 47.3454572], [33.2066141, 47.343229], [33.1995625, 47.3391393], [33.1847784, 47.3401488], [33.1503344, 47.3037415]]]}}, {"type": "Feature", "properties": {"name": "Taken back22.05", "date": "2022-08-31", "layer_type": "liberated"}, "geometry": {"type": "Polygon", "coordinates": [[[36.6132781, 47.7920931], [36.6109799, 47.7859806], [36.6458458, 47.7903034], [36.6356319, 47.7948876], [36.6373485, 47.8204823], [36.6146888, 47.8182931], [36.6085094, 47.8176006], [36.6132781, 47.7920931]]]}}, {"type": "Feature", "properties": {"name": "Taken back 26.03-31.03", "date": "2022-08-31", "layer_type": "liberated"}, "geometry": {"type": "Polygon", "coordinates": [[[36.5552546, 47.6730363], [36.5460223, 47.674954], [36.5121678, 47.6877476], [36.4941161, 47.6930595], [36.4943452, 47.7001039], [36.4981495, 47.7103794], [36.5091636, 47.7119921], [36.5057589, 47.7215742], [36.4908498, 47.7268681], [36.484524, 47.7207865], [36.4754509, 47.723279], [36.4727286, 47.7269837], [36.4661463, 47.7250577], [36.4612812, 47.7220921], [36.4714366, 47.714854], [36.4843356, 47.7088853], [36.4825898, 47.6962557], [36.4732921, 47.6974895], [36.4052703, 47.6904701], [36.4027763, 47.6956102], [36.4005331, 47.6982632], [36.3936447, 47.6975586], [36.3898268, 47.6952239], [36.3873441, 47.6921713], [36.3823817, 47.6897616], [36.3752066, 47.6881746], [36.3402703, 47.6835955], [36.3277293, 47.6878332], [36.3199137, 47.6886797], [36.3107357, 47.687543], [36.308291, 47.6848526], [36.3115108, 47.6811221], [36.3143446, 47.6781688], [36.3186379, 47.6743428], [36.3808378, 47.6801962], [36.3848387, 47.661069], [36.379451, 47.6605004], [36.3748549, 47.6591333], [36.3735575, 47.6563998], [36.3764534, 47.6532446], [36.381899, 47.6504016], [36.3893557, 47.650495], [36.4002608, 47.6533323], [36.4022818, 47.6559053], [36.4020917, 47.6596195], [36.3995947, 47.6621703], [36.394914, 47.6633305], [36.3937757, 47.6662236], [36.3940661, 47.6696354], [36.4065723, 47.6699539], [36.41231, 47.6717293], [36.4148359, 47.6748122], [36.4160996, 47.6773933], [36.4167322, 47.6803015], [36.4175643, 47.6832576], [36.4214144, 47.6849663], [36.4324375, 47.6860511], [36.4412097, 47.6876321], [36.4510881, 47.6885371], [36.4563696, 47.682864], [36.4598672, 47.6773694], [36.4614435, 47.6740442], [36.459828, 47.6709946], [36.4586768, 47.6675048], [36.4608474, 47.6642571], [36.4698288, 47.6640204], [36.4764064, 47.6648236], [36.4847347, 47.6658497], [36.4901447, 47.6676836], [36.4898722, 47.6733825], [36.4892212, 47.6791216], [36.4880376, 47.6845337], [36.488991, 47.6886262], [36.494961, 47.6878991], [36.5005874, 47.6862472], [36.5110591, 47.6833837], [36.5301126, 47.6756636], [36.538214, 47.6689171], [36.5552546, 47.6730363]]]}}, {"type": "Feature", "properties": {"name": "Taken back 23.06", "date": "2022-08-31", "layer_type": "liberated"}, "geometry": {"type": "Polygon", "coordinates": [[[37.1201956, 47.7533039], [37.1020021, 47.7446641], [37.1039627, 47.7140795], [37.1667805, 47.7171958], [37.1861162, 47.741201], [37.2556364, 47.7287154], [37.2572126, 47.7325636], [37.249171, 47.7553239], [37.2335703, 47.7591544], [37.2105677, 47.7642317], [37.1559793, 47.7704623], [37.1201956, 47.7533039]]]}}, {"type": "Feature", "properties": {"name": "Taken back", "date": "2022-08-31", "layer_type": "liberated"}, "geometry": {"type": "Polygon", "coordinates": [[[35.5065103, 47.5136471], [35.5593185, 47.5212867], [35.5663317, 47.5307236], [35.5598087, 47.5552896], [35.5354226, 47.5511038], [35.4509829, 47.5444423], [35.4521733, 47.5336851], [35.4443467, 47.5277912], [35.4345108, 47.5141379], [35.4549898, 47.5104016], [35.5065103, 47.5136471]]]}}, {"type": "Feature", "properties": {"name": "Taken back", "date": "2022-08-31", "layer_type": "liberated"}, "geometry": {"type": "Polygon", "coordinates": [[[34.949471, 50.3517731], [34.9414146, 50.3433546], [34.9341068, 50.3302507], [34.9368535, 50.3175375], [34.9430333, 50.3076715], [34.9883519, 50.3074523], [35.0374469, 50.3085486], [35.0686893, 50.3206066], [35.0989016, 50.3256482], [35.1363238, 50.3291551], [35.1776178, 50.3320353], [35.1761318, 50.343452], [35.1667655, 50.3428836], [35.163185, 50.3425848], [35.1594759, 50.342432], [35.1503436, 50.3408938], [35.1436146, 50.3406147], [35.1390293, 50.343046], [35.135534, 50.349958], [35.1300086, 50.3527024], [35.1293909, 50.3590578], [35.1225155, 50.3646448], [35.1207079, 50.3671234], [35.1202547, 50.3687869], [35.1195439, 50.3695198], [35.1202302, 50.3707428], [35.1195004, 50.3734987], [35.1138347, 50.3756436], [35.1062788, 50.3743662], [35.1016865, 50.3694015], [35.0874185, 50.3663712], [35.0694104, 50.3648876], [35.0630759, 50.3637313], [35.0492056, 50.3640448], [35.0230067, 50.3711837], [35.0296447, 50.3797343], [35.0295893, 50.3916782], [35.0243848, 50.3933694], [35.0139743, 50.3888694], [35.0125559, 50.3754865], [34.9844893, 50.3720927], [34.949471, 50.3517731]]]}}, {"type": "Feature", "properties": {"name": "Taken back", "date": "2022-08-31", "layer_type": "liberated"}, "geometry": {"type": "Polygon", "coordinates": [[[34.3929075, 50.3589513], [34.3470092, 50.369756], [34.316323, 50.3773368], [34.2832934, 50.379918], [34.2536901, 50.3877452], [34.20408, 50.3806305], [34.2275908, 50.4013147], [34.2530035, 50.4113804], [34.2866491, 50.4038316], [34.3479323, 50.4154279], [34.3642401, 50.4245059], [34.3927359, 50.4577411], [34.4047522, 50.4522764], [34.4163376, 50.4515661], [34.4217882, 50.4594072], [34.4227766, 50.4670296], [34.4558232, 50.4872386], [34.4946659, 50.4875745], [34.4971216, 50.4992649], [34.4567094, 50.5043026], [34.4095176, 50.5135009], [34.4153971, 50.4873489], [34.3912912, 50.4742733], [34.3699406, 50.469059], [34.3570107, 50.4641287], [34.334814, 50.4609442], [34.3158315, 50.4550088], [34.3019383, 50.4590301], [34.3082085, 50.4658494], [34.3143954, 50.4758369], [34.309096, 50.4777634], [34.3027875, 50.4716735], [34.2928731, 50.4681227], [34.2819284, 50.4628227], [34.2756184, 50.458264], [34.2624216, 50.4553549], [34.2275976, 50.4547902], [34.2027046, 50.4496555], [34.1754126, 50.4390492], [34.1794466, 50.4329809], [34.2027067, 50.4388305], [34.2331728, 50.4442492], [34.2851042, 50.4475762], [34.3084501, 50.4440781], [34.3753983, 50.4644617], [34.3876718, 50.4665102], [34.3706773, 50.4489426], [34.3581461, 50.4327622], [34.3382334, 50.4301379], [34.3288778, 50.4230842], [34.2821859, 50.4159748], [34.244678, 50.4229748], [34.226394, 50.418272], [34.2296575, 50.4094112], [34.2193512, 50.4044878], [34.1909479, 50.3805757], [34.1732023, 50.3796622], [34.1573428, 50.387941], [34.1268324, 50.3736241], [34.132068, 50.3591704], [34.1432689, 50.3579662], [34.1542982, 50.3593894], [34.1735243, 50.357199], [34.2250227, 50.3734052], [34.2466568, 50.3793221], [34.2800499, 50.3719599], [34.2820216, 50.3606532], [34.2974638, 50.3609225], [34.3038159, 50.3661809], [34.3504213, 50.3622914], [34.3564751, 50.3542697], [34.3863844, 50.3491486], [34.4674086, 50.2982408], [34.4971568, 50.2969458], [34.5201905, 50.3304995], [34.5335809, 50.3467974], [34.5514442, 50.3664869], [34.5908021, 50.3713753], [34.630682, 50.4041343], [34.6566562, 50.4165651], [34.711317, 50.417277], [34.7164431, 50.4442985], [34.7160798, 50.4912138], [34.7397355, 50.497628], [34.7671546, 50.4958186], [34.8023127, 50.4924057], [34.8374681, 50.4866836], [34.9183964, 50.4736659], [34.9261542, 50.4897624], [34.9421552, 50.4905661], [34.9465509, 50.4889912], [34.9657647, 50.498264], [34.9618484, 50.510318], [34.9553253, 50.5245075], [34.9484588, 50.5380381], [34.951892, 50.548947], [34.9611617, 50.5681406], [34.9604751, 50.5990957], [34.9359275, 50.6031271], [34.9302627, 50.6146745], [34.9078832, 50.6269909], [34.8703391, 50.6330085], [34.8274543, 50.6256482], [34.8137488, 50.6450768], [34.785302, 50.6379841], [34.7854051, 50.6255358], [34.7684454, 50.6073833], [34.7544065, 50.5860622], [34.7294778, 50.5892548], [34.6851604, 50.6028446], [34.679886, 50.6173447], [34.6476605, 50.6273771], [34.6360775, 50.6419956], [34.6560926, 50.6594118], [34.6816122, 50.6655055], [34.6945484, 50.6694207], [34.695362, 50.6752939], [34.6987114, 50.6816013], [34.6957998, 50.68791], [34.6978795, 50.6959619], [34.6834926, 50.6990209], [34.6698209, 50.7108016], [34.620467, 50.7213246], [34.5959192, 50.6675344], [34.5864875, 50.6319528], [34.5887555, 50.6118244], [34.5418614, 50.6122477], [34.5123065, 50.6047057], [34.5604676, 50.5692117], [34.5850473, 50.5529343], [34.6036505, 50.5502623], [34.6250637, 50.5405583], [34.6461772, 50.521372], [34.6643739, 50.5115891], [34.6818825, 50.5090521], [34.6973271, 50.5002673], [34.6820578, 50.4724677], [34.6918993, 50.4654591], [34.6934952, 50.4251158], [34.6399154, 50.4269573], [34.6269503, 50.4203411], [34.6204711, 50.4099214], [34.5748619, 50.3982915], [34.5707467, 50.3834509], [34.5400287, 50.3781266], [34.5362924, 50.3723916], [34.5270434, 50.3638305], [34.5123055, 50.3552681], [34.5055261, 50.3449712], [34.5093487, 50.3410283], [34.4912044, 50.315498], [34.4754671, 50.3211751], [34.4657042, 50.3138736], [34.3929075, 50.3589513]]]}}, {"type": "Feature", "properties": {"name": "Taken back", "date": "2022-08-31", "layer_type": "liberated"}, "geometry": {"type": "Polygon", "coordinates": [[[33.0476407, 47.1702751], [33.0695251, 47.1756447], [33.0912427, 47.1820604], [33.1249809, 47.1939218], [33.1347708, 47.1968044], [33.1316015, 47.2010158], [33.1365198, 47.2055504], [33.1356366, 47.2058534], [33.1342215, 47.2057635], [33.1336387, 47.2049586], [33.1318025, 47.2032732], [33.1306269, 47.2028387], [33.1284942, 47.2026214], [33.1275995, 47.2031834], [33.1268517, 47.2032603], [33.1238724, 47.2024624], [33.1223319, 47.2032147], [33.1183837, 47.2015819], [33.1036184, 47.1954999], [33.0673967, 47.2007253], [33.0657021, 47.2008515], [33.0655677, 47.2007728], [33.0651544, 47.2002131], [33.0642934, 47.1994709], [33.0633627, 47.1987469], [33.0631052, 47.1986731], [33.0618553, 47.1975226], [33.0615603, 47.1973417], [33.0602032, 47.1959725], [33.0597473, 47.1956458], [33.0587713, 47.1951773], [33.058686, 47.1944881], [33.0569272, 47.1934199], [33.0559516, 47.1930369], [33.0546756, 47.1928289], [33.053979, 47.1920085], [33.0528533, 47.1912464], [33.0517402, 47.1910268], [33.0498545, 47.1910551], [33.0485295, 47.1908492], [33.046196, 47.1902933], [33.0435192, 47.1899123], [33.0422532, 47.1899632], [33.0396353, 47.1893654], [33.0371892, 47.1884904], [33.0365455, 47.1877904], [33.0357193, 47.1865253], [33.0354082, 47.1842102], [33.035773, 47.18238], [33.0362934, 47.1816991], [33.038187, 47.180391], [33.0388414, 47.1792625], [33.0388646, 47.1790138], [33.038785, 47.1788839], [33.0385896, 47.1787278], [33.0386421, 47.1785878], [33.0382875, 47.1782808], [33.0378742, 47.1780872], [33.0374529, 47.1780414], [33.0372677, 47.1780904], [33.0476407, 47.1702751]]]}}, {"type": "Feature", "properties": {"name": "Taken back 02.07", "date": "2022-08-31", "layer_type": "liberated"}, "geometry": {"type": "Polygon", "coordinates": [[[33.3368079, 47.4803807], [33.3369128, 47.4792976], [33.3382306, 47.4785659], [33.3407069, 47.476674], [33.3401898, 47.4761816], [33.3407027, 47.4756893], [33.3410161, 47.4748945], [33.3412383, 47.4733129], [33.3417823, 47.4717604], [33.3430933, 47.4708423], [33.345166, 47.4707148], [33.346509, 47.4701811], [33.3474058, 47.469102], [33.3480451, 47.4680519], [33.3476147, 47.4670674], [33.3485575, 47.4640811], [33.3483585, 47.4592186], [33.3502192, 47.4577365], [33.3485848, 47.4517643], [33.3461163, 47.4503438], [33.3437227, 47.4493738], [33.3426547, 47.4482939], [33.3430673, 47.4471704], [33.3443585, 47.4467129], [33.3458214, 47.4464295], [33.346898, 47.4456963], [33.3498842, 47.4448614], [33.3538828, 47.4437838], [33.3572587, 47.4442663], [33.359948, 47.4453001], [33.3620434, 47.4458873], [33.3641817, 47.4472001], [33.3719346, 47.4546276], [33.3731006, 47.4562915], [33.374095, 47.4589275], [33.3763161, 47.4598793], [33.3789235, 47.4602363], [33.3824464, 47.4592603], [33.3844672, 47.458676], [33.3883835, 47.4584887], [33.3889629, 47.4581332], [33.4075553, 47.4567261], [33.405582, 47.4772516], [33.3754014, 47.4835134], [33.3526646, 47.4988618], [33.3268098, 47.4891629], [33.3315463, 47.4814351], [33.334407, 47.4811592], [33.3359508, 47.480886], [33.3368079, 47.4803807]]]}}, {"type": "Feature", "properties": {"name": "Taken back 30.05", "date": "2022-08-31", "layer_type": "liberated"}, "geometry": {"type": "Polygon", "coordinates": [[[33.3526646, 47.4988618], [33.3754014, 47.4835134], [33.405582, 47.4772516], [33.4284123, 47.4900902], [33.5041308, 47.4972039], [33.507049, 47.4973199], [33.5141124, 47.5058632], [33.5010935, 47.5115069], [33.4914971, 47.519381], [33.4592796, 47.5275216], [33.3857636, 47.5166463], [33.363458, 47.5031778], [33.3526646, 47.4988618]]]}}, {"type": "Feature", "properties": {"name": "Snake Island", "date": "2022-08-31", "layer_type": "liberated"}, "geometry": {"type": "Polygon", "coordinates": [[[30.1968802, 45.2637827], [30.1845198, 45.2535108], [30.1913891, 45.2422262], [30.1999724, 45.2416601], [30.2071817, 45.237709], [30.2209136, 45.2423309], [30.2186384, 45.2514858], [30.2254839, 45.2533738], [30.2295828, 45.2522404], [30.2301087, 45.253109], [30.227373, 45.2553069], [30.2291113, 45.2613943], [30.2229742, 45.2653523], [30.2040914, 45.2591907], [30.1968802, 45.2637827]]]}}, {"type": "Feature", "properties": {"name": "Taken back", "date": "2022-08-31", "layer_type": "liberated"}, "geometry": {"type": "Polygon", "coordinates": [[[33.405582, 47.4772516], [33.4075553, 47.4567261], [33.4662878, 47.4645429], [33.4702187, 47.4742303], [33.4738362, 47.4866607], [33.507049, 47.4973199], [33.5041308, 47.4972039], [33.4284123, 47.4900902], [33.405582, 47.4772516]]]}}, {"type": "Feature", "properties": {"name": "Taken back 23.06", "date": "2022-08-31", "layer_type": "liberated"}, "geometry": {"type": "Polygon", "coordinates": [[[33.5605299, 47.4933511], [33.5553104, 47.4856931], [33.5581594, 47.4736268], [33.5649605, 47.4622771], [33.6011116, 47.4636318], [33.5933902, 47.4817902], [33.587617, 47.4940255], [33.5787937, 47.5013026], [33.5601605, 47.5027082], [33.5605299, 47.4933511]]]}}, {"type": "Feature", "properties": {"name": "Taken back", "date": "2022-08-31", "layer_type": "liberated"}, "geometry": {"type": "Polygon", "coordinates": [[[32.4370853, 47.3884735], [32.423698, 47.3835876], [32.3498087, 47.2870612], [32.2980618, 47.2407917], [32.2505521, 47.2021405], [32.1681283, 47.1103303], [32.1654778, 47.0488761], [32.1943212, 47.0603062], [32.2599315, 47.1539327], [32.2793126, 47.1753976], [32.318396, 47.22575], [32.3318605, 47.230289], [32.4391496, 47.3796314], [32.4521915, 47.3270742], [32.4309055, 47.3186961], [32.4350254, 47.2963478], [32.4700443, 47.3070575], [32.5833408, 47.2492924], [32.6437656, 47.2548854], [32.6307193, 47.291225], [32.5215427, 47.3033326], [32.50163, 47.334055], [32.4638645, 47.4010237], [32.4370853, 47.3884735]]]}}, {"type": "Feature", "properties": {"name": "Taken back", "date": "2022-08-31", "layer_type": "liberated"}, "geometry": {"type": "Polygon", "coordinates": [[[37.0784707, 49.0919071], [37.0873971, 49.0574971], [37.0949806, 49.0513978], [37.1361794, 49.0468412], [37.1749255, 49.0334824], [37.1763177, 49.0079769], [37.2525354, 48.9827477], [37.3112436, 48.9899573], [37.3335595, 48.9960397], [37.3551889, 48.9895068], [37.3872896, 48.9918722], [37.4092612, 48.9912547], [37.4334676, 49.002459], [37.5110574, 49.0099568], [37.5263612, 49.0121608], [37.5361748, 49.0220194], [37.5128365, 49.0238716], [37.5070445, 49.0273334], [37.4979679, 49.0197211], [37.4530423, 49.018565], [37.3991341, 48.9958144], [37.3577681, 48.9973431], [37.3078103, 49.0066257], [37.231936, 49.0223879], [37.1934838, 49.0354442], [37.1646447, 49.0552473], [37.1292825, 49.0595219], [37.0940727, 49.0920208], [37.0784707, 49.0919071]]]}}, {"type": "Feature", "properties": {"name": "Recaptured", "date": "2022-08-31", "layer_type": "liberated"}, "geometry": {"type": "Polygon", "coordinates": [[[37.2209496, 49.0520973], [37.1646447, 49.0552473], [37.1934838, 49.0354442], [37.231936, 49.0223879], [37.2209496, 49.0520973]]]}}, {"type": "Feature", "properties": {"name": "Occupied", "date": "2022-08-31", "layer_type": "russian_occupied"}, "geometry": {"type": "Polygon", "coordinates": [[[37.7730529, 48.0920319], [37.7892831, 48.1001774], [37.7920214, 48.1045282], [37.7885882, 48.1034965], [37.7819793, 48.1035538], [37.7696197, 48.104127], [37.7665297, 48.1010318], [37.7730529, 48.0920319]]]}}, {"type": "Feature", "properties": {"name": "Occupied", "date": "2022-08-31", "layer_type": "russian_occupied"}, "geometry": {"type": "Polygon", "coordinates": [[[38.402637, 48.5919397], [38.4060702, 48.6019302], [38.4048036, 48.6090985], [38.4046894, 48.6169314], [38.4088093, 48.62964], [38.4143025, 48.6382619], [38.4198032, 48.6450485], [38.4314762, 48.6504924], [38.4452016, 48.6550476], [38.4644278, 48.6564083], [38.4802281, 48.6591107], [38.4967076, 48.6631925], [38.5152472, 48.6663671], [38.5161483, 48.6705617], [38.5272842, 48.6746424], [38.5394514, 48.6735091], [38.5489783, 48.6752945], [38.5594455, 48.6866947], [38.5722313, 48.6890556], [38.577732, 48.6967418], [38.5784187, 48.7094303], [38.5832177, 48.7198696], [38.6301672, 48.721172], [38.6784116, 48.723701], [38.6745492, 48.7293629], [38.6917155, 48.7293629], [38.7055541, 48.7754591], [38.5596882, 48.8300656], [38.5304354, 48.8497759], [38.4952068, 48.8707374], [38.4748205, 48.9035945], [38.413393, 48.9399705], [38.4022715, 48.9556589], [38.3698935, 48.9817692], [38.2997041, 49.0248792], [38.2844417, 49.0264547], [38.2622683, 49.0244189], [38.2406324, 49.005535], [38.2584284, 48.9692683], [38.2367067, 48.956746], [38.2337122, 48.9418302], [38.2113504, 48.9313209], [38.2062636, 48.9229316], [38.1999876, 48.89987], [38.2204335, 48.8789759], [38.2249316, 48.8593081], [38.2184009, 48.8403363], [38.2292058, 48.7984233], [38.2247224, 48.7716926], [38.21732, 48.7460305], [38.2088754, 48.7431207], [38.1941429, 48.7291851], [38.1706768, 48.7107277], [38.161815, 48.701557], [38.1260101, 48.6942159], [38.1040733, 48.6850489], [38.1024185, 48.6738344], [38.0973644, 48.6681695], [38.1060002, 48.6629577], [38.1019115, 48.6532773], [38.0505253, 48.6255409], [38.0602614, 48.6127701], [38.0639254, 48.6026629], [38.0910651, 48.5795849], [38.0933811, 48.5631316], [38.093967, 48.5393604], [38.1069069, 48.5210443], [38.0813665, 48.472298], [38.0646853, 48.4750385], [38.0523785, 48.4433943], [38.0390929, 48.4467484], [38.0325403, 48.4403878], [38.0421228, 48.4090856], [38.1137059, 48.4080126], [38.1174769, 48.420805], [38.135158, 48.4190391], [38.1484618, 48.4144818], [38.1630936, 48.4021166], [38.1544451, 48.395536], [38.1500926, 48.3854193], [38.1847683, 48.3749299], [38.2074276, 48.371509], [38.2149807, 48.3690002], [38.2276837, 48.3671755], [38.2591203, 48.359806], [38.2736891, 48.3591918], [38.2907061, 48.361631], [38.3217544, 48.3710529], [38.3435779, 48.3844372], [38.3542284, 48.390346], [38.3672748, 48.3996925], [38.3799702, 48.4086007], [38.390964, 48.4158739], [38.3892474, 48.4322779], [38.3930237, 48.436606], [38.4053767, 48.4733655], [38.4115634, 48.5105796], [38.4143026, 48.5206053], [38.402637, 48.5478669], [38.402637, 48.5919397]]]}}, {"type": "Feature", "properties": {"name": "Occupied", "date": "2022-08-31", "layer_type": "russian_occupied"}, "geometry": {"type": "Polygon", "coordinates": [[[37.8562077, 48.1928465], [37.8833302, 48.1997121], [37.8965706, 48.2154292], [37.8929432, 48.2335689], [37.89157, 48.2550609], [37.8953466, 48.268546], [37.8881602, 48.2836394], [37.8901968, 48.2991598], [37.8696933, 48.2818506], [37.8423308, 48.2832692], [37.8217294, 48.2899051], [37.8082985, 48.2875112], [37.784159, 48.2832303], [37.7783907, 48.2719789], [37.8006261, 48.272697], [37.8048352, 48.2662158], [37.8012386, 48.2582824], [37.7834469, 48.2548452], [37.7761512, 48.2501586], [37.7849065, 48.2446757], [37.7712588, 48.2370691], [37.7478328, 48.2181878], [37.76948, 48.2044644], [37.7843355, 48.1941874], [37.7938695, 48.1889643], [37.80971, 48.1649436], [37.8103277, 48.1553785], [37.8094909, 48.1524009], [37.8198549, 48.1438969], [37.824622, 48.1578177], [37.8285927, 48.1751503], [37.8562077, 48.1928465]]]}}, {"type": "Feature", "properties": {"name": "Occupied", "date": "2022-08-31", "layer_type": "russian_occupied"}, "geometry": {"type": "Polygon", "coordinates": [[[38.5596882, 48.8300656], [38.7055541, 48.7754591], [38.6917155, 48.7293629], [38.7535137, 48.7184915], [38.7670674, 48.71432], [38.8084379, 48.7134138], [38.8300673, 48.7170382], [38.8360755, 48.7232671], [38.8471476, 48.7429112], [38.8553874, 48.7496462], [38.8593783, 48.7495899], [38.8606013, 48.749788], [38.8609553, 48.7507359], [38.863879, 48.7513796], [38.8716924, 48.7513053], [38.8776176, 48.7525889], [38.8790769, 48.752476], [38.8802356, 48.7506085], [38.8813299, 48.7501841], [38.8920372, 48.7504385], [38.8988178, 48.750184], [38.9010923, 48.7509054], [38.9047401, 48.7506082], [38.9087746, 48.7492502], [38.9111349, 48.7480051], [38.9125725, 48.7468732], [38.9143212, 48.7443829], [38.9180279, 48.7429113], [38.9199671, 48.7434206], [38.9213055, 48.7446091], [38.9227216, 48.7450054], [38.9246312, 48.7450338], [38.9306501, 48.7452743], [38.9336652, 48.7460241], [38.9350546, 48.7468536], [38.9369591, 48.7471171], [38.9382788, 48.746682], [38.9388581, 48.7458118], [38.9379568, 48.7440714], [38.9343519, 48.7429112], [38.9324635, 48.736798], [38.9340086, 48.7357792], [38.9437074, 48.7338543], [38.9460674, 48.7344489], [38.9569464, 48.7340668], [38.9610453, 48.736515], [38.961217, 48.739911], [38.9599296, 48.7429109], [38.9611311, 48.7461373], [38.9640925, 48.7461943], [38.9669464, 48.7452039], [38.9698324, 48.7437464], [38.9725628, 48.7435836], [38.9749968, 48.7447632], [38.9788122, 48.7448922], [38.981216, 48.7438449], [38.9823319, 48.7421893], [38.9822031, 48.7402861], [38.9844561, 48.7375798], [38.9895411, 48.7349866], [38.9914368, 48.7306084], [38.9983893, 48.7242672], [38.9993333, 48.7196241], [38.9980459, 48.7174722], [38.9939184, 48.7161888], [38.9888619, 48.715207], [38.9847421, 48.7136213], [38.9843054, 48.7118281], [38.9869231, 48.7101575], [38.9919227, 48.7100017], [38.9969225, 48.7116016], [38.9989862, 48.7111956], [38.9982176, 48.7076745], [38.999505, 48.7039927], [38.9998483, 48.7001975], [39.0018149, 48.6980072], [39.0048265, 48.6963452], [39.0155478, 48.6948913], [39.015727, 48.6886399], [39.0143537, 48.6834267], [39.0163671, 48.6809428], [39.0195819, 48.6791389], [39.0202761, 48.6756061], [39.0205336, 48.6722621], [39.0238809, 48.6698815], [39.0262842, 48.667274], [39.0274858, 48.6632492], [39.0254258, 48.6619737], [39.0216493, 48.6623989], [39.0185594, 48.6640995], [39.0129804, 48.6640429], [39.009633, 48.6626256], [39.010316, 48.660084], [39.0123721, 48.658336], [39.0191528, 48.6569753], [39.0285083, 48.6530064], [39.0322065, 48.6528738], [39.0334474, 48.6519761], [39.0355464, 48.6482432], [39.0380823, 48.6471847], [39.042678, 48.6464662], [39.0548659, 48.6470333], [39.0743495, 48.6504357], [39.0758944, 48.6516264], [39.0849068, 48.6506625], [39.0985539, 48.6508893], [39.1036178, 48.6498687], [39.1119359, 48.6533466], [39.1168282, 48.6567485], [39.1231872, 48.6600178], [39.1273071, 48.6604713], [39.1394876, 48.65964], [39.1419842, 48.6608682], [39.1426709, 48.6635326], [39.141641, 48.6650633], [39.1418984, 48.6666505], [39.1445122, 48.6709112], [39.1486715, 48.6752851], [39.1519406, 48.6762862], [39.1574337, 48.6753794], [39.1633486, 48.6757386], [39.1742491, 48.680329], [39.1816381, 48.6857501], [39.1854146, 48.6933991], [39.1909003, 48.6998199], [39.1951061, 48.7038985], [39.1965081, 48.7065134], [39.1975167, 48.706485], [39.1983536, 48.705777], [39.1991476, 48.702265], [39.2003706, 48.6999993], [39.2031818, 48.6986114], [39.2071728, 48.6982998], [39.2125372, 48.7012172], [39.2194036, 48.7051822], [39.2248968, 48.7067682], [39.2267852, 48.7089771], [39.2323641, 48.7114125], [39.2359905, 48.711088], [39.2395879, 48.7091247], [39.2435147, 48.7096192], [39.2497802, 48.7125643], [39.2539001, 48.7201527], [39.2533069, 48.7220589], [39.2539624, 48.7244016], [39.2561392, 48.7268717], [39.2592291, 48.7338353], [39.255282, 48.7387742], [39.2550234, 48.7406847], [39.256311, 48.7422696], [39.258535, 48.7427414], [39.264468, 48.7412523], [39.2686631, 48.741949], [39.270809, 48.7439866], [39.2716747, 48.7477596], [39.2703015, 48.7512117], [39.2708089, 48.7527587], [39.2723828, 48.7538866], [39.2747755, 48.753681], [39.2766585, 48.7523332], [39.2788874, 48.749339], [39.2820603, 48.7486084], [39.2864338, 48.7489009], [39.28952, 48.7515136], [39.2892807, 48.7536832], [39.2906433, 48.756248], [39.2914941, 48.7594358], [39.2926174, 48.760605], [39.2999129, 48.7630378], [39.3030887, 48.765414], [39.3088319, 48.7719953], [39.3118435, 48.7740692], [39.3145901, 48.7748045], [39.3228224, 48.7758983], [39.3245465, 48.776049], [39.3262557, 48.7755589], [39.3279722, 48.7736923], [39.3274828, 48.7721084], [39.326084, 48.7700153], [39.3266028, 48.7683087], [39.3316705, 48.766602], [39.3361337, 48.7659798], [39.3403355, 48.7663007], [39.3472429, 48.7683845], [39.3510607, 48.7685446], [39.3527812, 48.7679412], [39.3545015, 48.7668284], [39.3538932, 48.7654897], [39.3513257, 48.7630943], [39.3491724, 48.7621516], [39.3455281, 48.7616611], [39.3433628, 48.7592092], [39.3431385, 48.7573608], [39.3461759, 48.751042], [39.3470266, 48.7502121], [39.3472058, 48.7457787], [39.3492658, 48.742496], [39.3581923, 48.7370054], [39.3588714, 48.7361753], [39.3588751, 48.7339014], [39.3570764, 48.7323068], [39.3540724, 48.729646], [39.3537216, 48.7268908], [39.3552238, 48.7252488], [39.3615322, 48.7223045], [39.3691283, 48.7200679], [39.3726043, 48.7198696], [39.3741826, 48.7186523], [39.3737867, 48.7174915], [39.3720796, 48.7159341], [39.3704585, 48.7159622], [39.3652658, 48.7168401], [39.3601589, 48.7156791], [39.3541314, 48.7132442], [39.3486382, 48.7134707], [39.346855, 48.7122245], [39.3486574, 48.708713], [39.3505029, 48.7076367], [39.3559531, 48.697214], [39.3603112, 48.695798], [39.3658902, 48.6922287], [39.3673165, 48.6919737], [39.3779859, 48.6862368], [39.3795566, 48.6862791], [39.3817025, 48.6855142], [39.3895988, 48.6847492], [39.3909291, 48.6837575], [39.3891696, 48.6803857], [39.3905237, 48.6787991], [39.3979909, 48.6746052], [39.4026452, 48.6744349], [39.4058209, 48.6738115], [39.4117239, 48.6705243], [39.4138697, 48.6684271], [39.4135262, 48.6668399], [39.4082049, 48.6614545], [39.4080332, 48.6598104], [39.4106939, 48.6576559], [39.4142323, 48.6566918], [39.4207457, 48.6582229], [39.4323232, 48.6567488], [39.4389481, 48.6549401], [39.4465013, 48.6563009], [39.4501761, 48.6556715], [39.4523728, 48.6547104], [39.4533852, 48.6528124], [39.4513078, 48.6517082], [39.4497978, 48.6504011], [39.4495753, 48.6445574], [39.45164, 48.6410333], [39.4542149, 48.6397855], [39.4575623, 48.6386512], [39.4658132, 48.6386649], [39.4673899, 48.6372332], [39.4642683, 48.6340137], [39.4640108, 48.6310641], [39.4656304, 48.6281857], [39.4685916, 48.6274483], [39.4761018, 48.628753], [39.4841484, 48.6282], [39.4862727, 48.6288949], [39.4930106, 48.6304265], [39.4955426, 48.6321283], [39.5004348, 48.6325537], [39.5104342, 48.6344539], [39.5140876, 48.6338368], [39.5160243, 48.6321987], [39.5167109, 48.6299864], [39.5162691, 48.6279705], [39.5154235, 48.6261855], [39.5119776, 48.6235455], [39.5116469, 48.6218737], [39.5167841, 48.6180986], [39.5257232, 48.613022], [39.5271823, 48.6112629], [39.5278196, 48.6094601], [39.5272799, 48.6082749], [39.5234788, 48.6051034], [39.5226333, 48.6029769], [39.5253848, 48.5981984], [39.5280455, 48.5971767], [39.5324228, 48.5964387], [39.5335878, 48.5954605], [39.5332079, 48.5936307], [39.5281312, 48.5918406], [39.5269121, 48.58955], [39.5287147, 48.5859448], [39.5312037, 48.5842699], [39.5373836, 48.58339], [39.5450225, 48.5839292], [39.549314, 48.5859732], [39.5505587, 48.5885848], [39.5494857, 48.5932401], [39.5512023, 48.5955676], [39.5586696, 48.5980085], [39.5617595, 48.5980085], [39.5633045, 48.5974408], [39.5656345, 48.5939516], [39.5673018, 48.5921198], [39.5672772, 48.5902388], [39.5660509, 48.588301], [39.5631454, 48.5862306], [39.5629675, 48.5836321], [39.5680714, 48.5818502], [39.5733466, 48.5805224], [39.576535, 48.581234], [39.5777793, 48.5828806], [39.5817707, 48.5850383], [39.5925357, 48.5912967], [39.5963493, 48.5923886], [39.6017566, 48.591537], [39.6045891, 48.5888119], [39.6050182, 48.5867681], [39.604074, 48.5862571], [39.6006408, 48.5857461], [39.5948044, 48.5793299], [39.5949886, 48.5766912], [39.5963128, 48.5750293], [39.6036449, 48.5741055], [39.6080223, 48.5727141], [39.6124855, 48.5729129], [39.6137299, 48.5749004], [39.6175495, 48.5771153], [39.6212402, 48.5819417], [39.6219268, 48.5858029], [39.6228281, 48.5863707], [39.6236436, 48.5860867], [39.6319692, 48.5806927], [39.6353165, 48.5800397], [39.6575468, 48.5846673], [39.6587483, 48.5856325], [39.6675887, 48.5867682], [39.6722238, 48.5884145], [39.6765155, 48.5881875], [39.6772879, 48.5875629], [39.6872709, 48.5870843], [39.6867984, 48.5877484], [39.6866907, 48.5895424], [39.6861432, 48.5898291], [39.6854832, 48.5899583], [39.6839086, 48.5907325], [39.6833787, 48.5914318], [39.683221, 48.5921079], [39.6830348, 48.5924033], [39.680002, 48.5923098], [39.6794939, 48.5919507], [39.6795833, 48.5906215], [39.6790701, 48.5901982], [39.6786419, 48.5901143], [39.6777198, 48.5902284], [39.6767651, 48.5907822], [39.6763736, 48.5913004], [39.6757272, 48.5930922], [39.6757257, 48.5937894], [39.6762185, 48.5944077], [39.6768298, 48.5949987], [39.6776343, 48.5954477], [39.6779105, 48.595784], [39.6781759, 48.5958578], [39.6785928, 48.5957776], [39.6788764, 48.5955955], [39.6792435, 48.5955045], [39.6795451, 48.5955158], [39.6799642, 48.5957272], [39.6803132, 48.5960245], [39.6804663, 48.5962937], [39.680296, 48.5967051], [39.6800822, 48.5970137], [39.6799001, 48.5971857], [39.6794979, 48.5974385], [39.6789588, 48.597728], [39.6785766, 48.5978657], [39.6781602, 48.5978991], [39.6778834, 48.5979183], [39.6767071, 48.597799], [39.6760225, 48.5974414], [39.6753905, 48.5967162], [39.6750423, 48.5965239], [39.674482, 48.5961368], [39.6736869, 48.5957233], [39.6728387, 48.5954668], [39.6718245, 48.5952889], [39.6709098, 48.5953135], [39.6701842, 48.5954748], [39.6694049, 48.5958135], [39.6688258, 48.5962879], [39.6683001, 48.5970077], [39.6679514, 48.5978501], [39.6680131, 48.5989383], [39.6681511, 48.5997379], [39.66807, 48.6007337], [39.6679424, 48.6008763], [39.6680079, 48.6011749], [39.6684537, 48.6016293], [39.6688566, 48.6021121], [39.6698389, 48.6025027], [39.6707163, 48.6030812], [39.6710692, 48.6035975], [39.6708034, 48.6039253], [39.6704345, 48.6043162], [39.6696063, 48.6046252], [39.668527, 48.6048222], [39.6676762, 48.6048852], [39.6664246, 48.6048742], [39.6658445, 48.6047906], [39.6653313, 48.6046517], [39.6649442, 48.6045945], [39.6643429, 48.6045849], [39.6638865, 48.6046215], [39.6636073, 48.6046642], [39.6633067, 48.6047707], [39.6627593, 48.6050722], [39.6625285, 48.6052088], [39.6622441, 48.6053171], [39.6615273, 48.6055384], [39.6612543, 48.6056849], [39.6610564, 48.6058846], [39.6609189, 48.6066732], [39.6608619, 48.6067878], [39.6607404, 48.6069096], [39.660503, 48.6072064], [39.6604357, 48.6074381], [39.6604193, 48.6077739], [39.6605715, 48.6080828], [39.6606539, 48.6083633], [39.6606269, 48.6085002], [39.6605517, 48.6086672], [39.660562, 48.6089054], [39.6605673, 48.6090177], [39.6606209, 48.6090875], [39.6607977, 48.6093476], [39.6609385, 48.6095939], [39.661106, 48.6099358], [39.6612092, 48.6104889], [39.6613911, 48.6107243], [39.6616696, 48.6108816], [39.6622157, 48.6113808], [39.662601, 48.6117948], [39.6629521, 48.6119985], [39.663314, 48.6123157], [39.6635915, 48.6126685], [39.6637295, 48.6129645], [39.663991, 48.6138174], [39.664186, 48.6146269], [39.6647986, 48.6151593], [39.6648313, 48.615241], [39.6648181, 48.6154539], [39.6648008, 48.6156491], [39.6648673, 48.6158973], [39.6650748, 48.6161279], [39.6651545, 48.6163105], [39.6653173, 48.6165694], [39.6656414, 48.617145], [39.6660621, 48.6176532], [39.6661432, 48.6178158], [39.666117, 48.6181769], [39.6663913, 48.6187437], [39.6665069, 48.6192825], [39.6669135, 48.6198355], [39.6671865, 48.6203851], [39.6678672, 48.6212822], [39.6681735, 48.6214278], [39.6689734, 48.6222967], [39.6715329, 48.6243287], [39.6745861, 48.6263606], [39.6776137, 48.6280345], [39.6800075, 48.6294245], [39.6843588, 48.6315376], [39.6856559, 48.6320765], [39.686953, 48.6324594], [39.6876815, 48.6327288], [39.6884529, 48.6331968], [39.6901786, 48.6350981], [39.6905727, 48.6353325], [39.6910956, 48.6354676], [39.6928041, 48.6359714], [39.6934808, 48.6364057], [39.6939859, 48.6368542], [39.6941313, 48.6372875], [39.6943125, 48.6376262], [39.694365, 48.6381068], [39.6943531, 48.6386866], [39.694272, 48.6390262], [39.6942851, 48.6396001], [39.6940449, 48.6404683], [39.6938926, 48.6411435], [39.69387, 48.6417576], [39.6937515, 48.6427807], [39.6935527, 48.6431434], [39.6930349, 48.6434807], [39.6927009, 48.643621], [39.6921369, 48.6440597], [39.6915974, 48.644825], [39.6913261, 48.6453279], [39.6911822, 48.6456807], [39.6911211, 48.646231], [39.6913153, 48.6464877], [39.6915953, 48.6466805], [39.6918914, 48.6468982], [39.6920234, 48.6471505], [39.6920894, 48.6473618], [39.6920963, 48.6476368], [39.6922611, 48.6477251], [39.6924642, 48.6478756], [39.6927025, 48.6481334], [39.6929317, 48.6483987], [39.6932018, 48.6487901], [39.6934013, 48.6489557], [39.6935766, 48.6492045], [39.6938843, 48.6493985], [39.6942233, 48.6494742], [39.6944464, 48.6495404], [39.6946358, 48.649655], [39.6948485, 48.6498558], [39.6949843, 48.6499155], [39.6952803, 48.6501261], [39.6957769, 48.6503501], [39.6965295, 48.6506286], [39.6967552, 48.6507204], [39.6970131, 48.6507874], [39.6972714, 48.6509001], [39.6982514, 48.6516017], [39.6986292, 48.6518515], [39.698979, 48.6520898], [39.6994651, 48.6523791], [39.7001051, 48.6525521], [39.7006826, 48.6526563], [39.7011645, 48.652797], [39.701679, 48.6530126], [39.7018612, 48.6530965], [39.7020917, 48.6531553], [39.7022197, 48.6531967], [39.7022995, 48.6532433], [39.7028981, 48.6538559], [39.7034609, 48.6544378], [39.7039514, 48.6547359], [39.7042382, 48.6549631], [39.7045811, 48.6553608], [39.7046372, 48.6555738], [39.7047323, 48.6558079], [39.7050696, 48.6561659], [39.7051577, 48.6563059], [39.7052662, 48.6564574], [39.7054707, 48.6565545], [39.7057444, 48.6565604], [39.7060155, 48.6566237], [39.706194, 48.6567793], [39.7063324, 48.6568165], [39.7065246, 48.6568252], [39.7067006, 48.6567632], [39.7068745, 48.6566577], [39.7070258, 48.6565199], [39.7071605, 48.6563164], [39.70727, 48.656161], [39.7073606, 48.6560479], [39.7076504, 48.6557544], [39.7080521, 48.6554428], [39.7081901, 48.655345], [39.7084729, 48.6550664], [39.7086056, 48.6549235], [39.7088114, 48.6547138], [39.7090752, 48.6545593], [39.7093547, 48.6544768], [39.7095132, 48.6544603], [39.7096917, 48.6544999], [39.7099767, 48.6545215], [39.7101675, 48.6545819], [39.7103246, 48.6546555], [39.7105399, 48.6548341], [39.7106909, 48.6550161], [39.7107812, 48.6551372], [39.7108827, 48.6555273], [39.7109495, 48.6560306], [39.7108339, 48.6569202], [39.7105344, 48.6574582], [39.7099184, 48.6584498], [39.7096, 48.6592181], [39.7095347, 48.6599301], [39.7095258, 48.6606526], [39.7096917, 48.661929], [39.7096205, 48.6623544], [39.7101286, 48.6628507], [39.7105939, 48.6638926], [39.7107193, 48.6642648], [39.710739, 48.6648477], [39.7109742, 48.6655147], [39.7110592, 48.6663801], [39.7110026, 48.6665508], [39.71047, 48.6670046], [39.7103686, 48.6671038], [39.7101921, 48.6671605], [39.7097424, 48.6673448], [39.7091533, 48.6673945], [39.7084724, 48.6674193], [39.7075152, 48.6672581], [39.7071384, 48.6670465], [39.7066875, 48.6668412], [39.7062688, 48.6667812], [39.7058167, 48.6667016], [39.7054183, 48.6666326], [39.7049797, 48.6666557], [39.7044296, 48.6666742], [39.7040159, 48.6667314], [39.703581, 48.6668044], [39.7032911, 48.6668348], [39.7021215, 48.6679811], [39.7025396, 48.6687306], [39.7030004, 48.6704068], [39.7118101, 48.6750602], [39.7150311, 48.6810023], [39.7221581, 48.6839973], [39.7162393, 48.6902791], [39.7155113, 48.6956862], [39.7199333, 48.6979207], [39.7027732, 48.7066325], [39.7110139, 48.713367], [39.7048355, 48.7214608], [39.7227146, 48.7341074], [39.7389251, 48.7484075], [39.7414097, 48.7717615], [39.7652011, 48.765006], [39.7843065, 48.7973463], [39.7971242, 48.8405734], [39.80467, 48.843574], [39.8080419, 48.8394778], [39.807501, 48.8385787], [39.8278294, 48.8314627], [39.8304368, 48.833552], [39.8862528, 48.8209434], [39.9383224, 48.7998877], [39.9522719, 48.7974751], [39.958216, 48.797851], [39.9761754, 48.7937025], [40.0788287, 48.8698642], [40.0712841, 48.8769726], [40.0554925, 48.9100958], [40.0484933, 48.9101839], [40.0311927, 48.9157989], [40.0180607, 48.9077888], [40.0039777, 48.9007903], [39.9919682, 48.868735], [39.9415085, 48.8866888], [39.9246772, 48.8942476], [39.8532661, 48.8910875], [39.8467438, 48.9028239], [39.8367868, 48.9030496], [39.8244272, 48.8906359], [39.818934, 48.9077887], [39.7942148, 48.9249356], [39.7694958, 48.9303492], [39.7887218, 48.9474884], [39.7477808, 48.9879451], [39.7329741, 48.9801996], [39.7294443, 48.9778547], [39.7270453, 48.9752932], [39.724818, 48.9765626], [39.724476, 48.9780659], [39.7261598, 48.9785086], [39.7264797, 48.9786763], [39.7263788, 48.9794586], [39.7252246, 48.9802334], [39.7233621, 48.9805175], [39.7215189, 48.9812862], [39.7205544, 48.9814663], [39.7189743, 48.9816269], [39.7176204, 48.982352], [39.7176885, 48.9827446], [39.7179212, 48.9833749], [39.7176153, 48.9843606], [39.7174111, 48.9845859], [39.7168955, 48.9846986], [39.7167214, 48.98491], [39.7164977, 48.9856079], [39.7169164, 48.9862399], [39.7169168, 48.9865476], [39.7167673, 48.9870644], [39.7157096, 48.9879895], [39.7155438, 48.9882232], [39.7154054, 48.9885779], [39.7154291, 48.9894], [39.7153475, 48.9897066], [39.7150558, 48.9898974], [39.713503, 48.9895829], [39.712101, 48.9899574], [39.7118016, 48.9901915], [39.7107522, 48.9915328], [39.7097347, 48.9919487], [39.7076603, 48.9924296], [39.7074317, 48.9933462], [39.7074231, 48.994063], [39.7069211, 48.9950622], [39.7048355, 48.9973999], [39.7039514, 48.9987228], [39.7020651, 48.9994149], [39.6999944, 49.0004556], [39.6989215, 49.0006583], [39.696958, 48.9998926], [39.6933423, 48.9990394], [39.6911752, 48.9967306], [39.6912183, 48.9960549], [39.6769283, 48.9895361], [39.6634093, 49.0008695], [39.6702746, 49.0031459], [39.6792023, 49.0128842], [39.6736555, 49.0149315], [39.6756613, 49.0268858], [39.6817337, 49.0287303], [39.6835795, 49.0369223], [39.6731505, 49.0391727], [39.6929349, 49.0495248], [39.729675, 49.0430052], [39.7681225, 49.0402983], [39.7887186, 49.0499747], [39.8031412, 49.0591995], [39.8203073, 49.0582996], [39.8752387, 49.0654984], [39.9088872, 49.0574038], [39.9377233, 49.0560499], [39.9425299, 49.0713444], [39.9387357, 49.0832597], [39.9727224, 49.1252911], [39.9974614, 49.1473102], [40.0315729, 49.1802382], [40.0761276, 49.1868252], [40.0927571, 49.2031613], [40.1082875, 49.2108803], [40.1217662, 49.2307081], [40.1365378, 49.2391541], [40.1768242, 49.2368702], [40.209671, 49.2417753], [40.2143684, 49.2448843], [40.2208041, 49.2577711], [40.2192618, 49.2651691], [40.1859361, 49.2840058], [40.1851963, 49.3042066], [40.188524, 49.3074409], [40.1910582, 49.3179433], [40.1968119, 49.3452254], [40.1918349, 49.3483315], [40.1755684, 49.3566161], [40.1701797, 49.3563977], [40.1599319, 49.3654561], [40.1620428, 49.3682539], [40.1445965, 49.3776647], [40.1124341, 49.3857491], [40.0769068, 49.4099548], [40.0593769, 49.434088], [40.0480275, 49.4443722], [40.029445, 49.4537775], [40.041758, 49.4991003], [40.037597, 49.5198928], [40.1684327, 49.5689182], [40.139523, 49.5962718], [40.1352564, 49.6162513], [40.0635357, 49.5992308], [40.0567267, 49.606571], [39.9522207, 49.5965467], [39.9345988, 49.5727807], [39.8902222, 49.5583566], [39.8660215, 49.5597836], [39.8389118, 49.5635154], [39.8080571, 49.5580478], [39.7683386, 49.5852892], [39.7502298, 49.5967168], [39.7127452, 49.6059205], [39.6967454, 49.6042891], [39.6869239, 49.6115557], [39.6599932, 49.6148084], [39.6383769, 49.6350974], [39.6131314, 49.6903603], [39.591959, 49.7196306], [39.6083906, 49.7339069], [39.5338327, 49.7408455], [39.4787588, 49.7564723], [39.438199, 49.7600039], [39.4120602, 49.7531086], [39.3769608, 49.7384218], [39.3079217, 49.7530412], [39.2855581, 49.755664], [39.2799634, 49.7609078], [39.2754686, 49.7680241], [39.2646369, 49.7684778], [39.2503694, 49.7777994], [39.2403698, 49.7911204], [39.2391442, 49.7982241], [39.2289901, 49.8084299], [39.2281121, 49.8165004], [39.2256545, 49.8401819], [39.1883931, 49.8862199], [39.1784, 49.8879987], [39.1285048, 49.8597951], [39.1111368, 49.839044], [39.0697611, 49.8187284], [39.066231, 49.8153466], [39.0335202, 49.82237], [39.0216582, 49.8209079], [38.9849036, 49.8077809], [38.9711357, 49.8072184], [38.9648911, 49.8038751], [38.9488141, 49.796072], [38.946661, 49.7978041], [38.9394903, 49.8006646], [38.9364393, 49.8002009], [38.9334722, 49.7997759], [38.9329084, 49.7975781], [38.9307509, 49.7971714], [38.9278092, 49.7985739], [38.9274188, 49.8013787], [38.9286977, 49.8038859], [38.9259171, 49.8041649], [38.9203554, 49.804944], [38.9191867, 49.8089397], [38.9161611, 49.8127213], [38.9190365, 49.8138599], [38.9182637, 49.8148081], [38.9122526, 49.8180335], [38.9098426, 49.8182812], [38.9087973, 49.8227646], [38.9073906, 49.8284099], [38.9135056, 49.8286273], [38.9150923, 49.8310564], [38.9113965, 49.8345865], [38.9143051, 49.8369976], [38.9125661, 49.8435934], [38.9065326, 49.8446545], [38.9042752, 49.8488149], [38.9096681, 49.850847], [38.9195172, 49.8586388], [38.9093357, 49.8601006], [38.898465, 49.8704141], [38.8764137, 49.8694205], [38.8751339, 49.8685366], [38.87459, 49.8678766], [38.8745611, 49.8666358], [38.8693967, 49.8644861], [38.8668357, 49.864889], [38.8653186, 49.8660268], [38.8627136, 49.8658678], [38.8571602, 49.8680113], [38.8566102, 49.8686469], [38.855853, 49.8688883], [38.854455, 49.868193], [38.8541729, 49.8678573], [38.8541605, 49.8674272], [38.8538353, 49.8671201], [38.8520263, 49.8665061], [38.8514124, 49.8661631], [38.8506137, 49.8658643], [38.8491023, 49.8651008], [38.8467233, 49.8654823], [38.846128, 49.8657198], [38.845667, 49.8658073], [38.8439298, 49.8651801], [38.8432878, 49.8651428], [38.8393432, 49.8657594], [38.8389639, 49.8660243], [38.8360165, 49.8671348], [38.8363444, 49.8673642], [38.8348111, 49.8690675], [38.8346623, 49.8709528], [38.8366818, 49.8721511], [38.8356992, 49.8738284], [38.8349355, 49.8743344], [38.8344381, 49.8745717], [38.8329709, 49.8747421], [38.827761, 49.8771566], [38.8270396, 49.8777541], [38.8260257, 49.8783681], [38.8244268, 49.8789324], [38.8224303, 49.878982], [38.7949557, 49.8833076], [38.7901479, 49.8785076], [38.7834858, 49.8811108], [38.777681, 49.8853176], [38.7682298, 49.8960418], [38.7438449, 49.8973048], [38.742281, 49.8989189], [38.7338438, 49.9050226], [38.7232453, 49.927003], [38.6928985, 49.9347634], [38.685298, 49.9603414], [38.7153131, 49.9823814], [38.7151347, 49.9877076], [38.6874838, 50.0058341], [38.6842822, 50.0074883], [38.6797076, 50.0025228], [38.6760522, 49.9928115], [38.6797293, 49.9744915], [38.6669388, 49.9721541], [38.6461941, 49.9559349], [38.6160761, 49.9743876], [38.5815678, 49.9774138], [38.5267136, 49.9582684], [38.5078966, 49.9640277], [38.4877041, 49.9635998], [38.4832986, 49.9765256], [38.4775179, 49.9832689], [38.465912, 49.9839589], [38.4680378, 49.9952445], [38.4340933, 50.0010164], [38.4160059, 49.9813358], [38.3975608, 49.9905828], [38.3495729, 50.0064418], [38.3541621, 50.019046], [38.3511987, 50.0347384], [38.333974, 50.0590905], [38.3290971, 50.0852049], [38.3126358, 50.0885826], [38.300294, 50.0866717], [38.2927791, 50.079324], [38.2770672, 50.0729966], [38.2463336, 50.0731122], [38.1785128, 50.0797945], [38.1787134, 50.0777809], [38.1790856, 50.0774198], [38.1818466, 50.0678015], [38.1819184, 50.0668677], [38.1850647, 50.0556901], [38.1838253, 50.0458296], [38.1875578, 50.0410481], [38.1880071, 50.0393948], [38.1882313, 50.0307843], [38.1886702, 50.0268599], [38.1883893, 50.0244699], [38.1881577, 50.0234077], [38.1862524, 50.0227729], [38.1853816, 50.0220685], [38.1869793, 50.0214602], [38.1924386, 50.0137928], [38.1971766, 50.0082193], [38.2009438, 50.0046565], [38.2008054, 50.0036314], [38.202641, 50.0016684], [38.2050047, 50.0007676], [38.2046727, 49.9982874], [38.2050272, 49.9967451], [38.2077102, 49.9915087], [38.2098144, 49.9901953], [38.21085, 49.9892452], [38.2155322, 49.9881847], [38.2171243, 49.9871793], [38.256068, 49.9099877], [38.1776544, 49.8422717], [38.1887762, 49.7398852], [38.133844, 49.5976759], [38.16955, 49.5549321], [38.1091244, 49.4443371], [38.1448304, 49.3889459], [38.2349252, 49.3696932], [38.2259986, 49.2160885], [38.1846644, 49.2021756], [38.1792719, 49.1336855], [38.2287408, 49.063784], [38.268211, 49.0401423], [38.2622683, 49.0244189], [38.2844417, 49.0264547], [38.2997041, 49.0248792], [38.3698935, 48.9817692], [38.4022715, 48.9556589], [38.413393, 48.9399705], [38.4748205, 48.9035945], [38.4952068, 48.8707374], [38.5304354, 48.8497759], [38.5596882, 48.8300656]]]}}, {"type": "Feature", "properties": {"name": "Occupied", "date": "2022-08-31", "layer_type": "russian_occupied"}, "geometry": {"type": "Polygon", "coordinates": [[[37.6878504, 48.0547535], [37.6911989, 48.0534065], [37.6942941, 48.0565448], [37.6877494, 48.0618935], [37.6930492, 48.0693073], [37.6997015, 48.0722042], [37.6581134, 48.0760632], [37.6516519, 48.0690114], [37.6417223, 48.0576579], [37.6274865, 48.0485314], [37.6226618, 48.0194438], [37.6478104, 48.0289444], [37.6699861, 48.0433634], [37.6794605, 48.049407], [37.6878504, 48.0547535]]]}}, {"type": "Feature", "properties": {"name": "Occupied", "date": "2022-08-31", "layer_type": "russian_occupied"}, "geometry": {"type": "Polygon", "coordinates": [[[37.5078854, 47.9299295], [37.5063169, 47.9264247], [37.5350286, 47.917986], [37.5380764, 47.9241494], [37.5428393, 47.9324766], [37.5285901, 47.9414985], [37.5266259, 47.9355163], [37.5182679, 47.9336454], [37.5137189, 47.9330128], [37.5078854, 47.9299295]]]}}]}