{"type": "FeatureCollection", "features": [{"type": "Feature", "properties": {"name": "Liberated", "date": "2022-09-30", "layer_type": "liberated"}, "geometry": {"type": "Polygon", "coordinates": [[[31.268087, 51.5582079], [31.3143346, 51.5560209], [31.3327674, 51.5504097], [31.3504552, 51.5432532], [31.3648798, 51.5283828], [31.3772364, 51.5121705], [31.4062024, 51.5074458], [31.5309998, 51.5389155], [31.563679, 51.5418388], [31.6587564, 51.5453884], [31.6924018, 51.5505119], [31.7548791, 51.5517877], [31.8237775, 51.5639839], [31.8441801, 51.5983056], [31.8956884, 51.6874979], [31.9380995, 51.7109197], [31.9517, 51.7334839], [32.0203219, 51.7016148], [32.0888227, 51.6535333], [32.1076807, 51.6771665], [32.0578419, 51.7476217], [32.1340323, 51.7625988], [32.278595, 51.7387362], [32.3010095, 51.7227721], [32.3243818, 51.7217263], [32.3710664, 51.693114], [32.456767, 51.6043491], [32.4573538, 51.5699243], [32.4896261, 51.5067155], [32.5390938, 51.5214264], [32.5504887, 51.5545102], [32.5219845, 51.568792], [32.556475, 51.5964178], [32.5848437, 51.6732306], [32.7409332, 51.7375012], [32.8870244, 51.7749968], [33.0336285, 51.8980522], [33.1847692, 51.9962411], [33.2262105, 51.9910636], [33.2388836, 51.9871636], [33.2568346, 51.974002], [33.248687, 51.9310147], [33.2630239, 51.9195281], [33.27672, 51.9246841], [33.2712139, 51.937425], [33.2760595, 51.9417456], [33.2889543, 51.9450694], [33.3021915, 51.938868], [33.3085843, 51.9458307], [33.3204721, 51.9481368], [33.3262695, 51.9417178], [33.3363775, 51.943693], [33.3396203, 51.9496888], [33.321408, 51.9582272], [33.286714, 51.95343], [33.2694788, 51.9935469], [33.2451428, 51.9923193], [33.2321752, 51.9966292], [33.2405733, 52.0094769], [33.2064036, 52.0169954], [33.2477916, 52.0853523], [33.3123008, 52.1929451], [33.3028191, 52.3543926], [33.2314514, 52.36976], [33.230701, 52.2062825], [33.1580254, 52.0681585], [33.0795933, 51.9998987], [32.888742, 51.9032451], [32.7398468, 51.8140035], [32.7081769, 51.8889262], [32.7301496, 52.0733188], [32.6704551, 52.1454129], [32.649812, 52.1850216], [32.6749132, 52.2714057], [32.6580044, 52.2805055], [32.6369691, 52.2870816], [32.6227943, 52.296173], [32.6065534, 52.3048424], [32.5845807, 52.2317271], [32.5269026, 52.1584912], [32.5907605, 52.1230928], [32.5770276, 52.0796491], [32.5715345, 51.9846007], [32.5571149, 51.9173112], [32.4472516, 51.899096], [32.2577375, 51.8465273], [32.180587, 51.7902407], [32.0053953, 51.7932601], [31.9703984, 51.8395454], [31.939134, 51.8685798], [31.8732363, 51.8855308], [31.8668662, 51.89153], [31.8728555, 51.9165965], [31.8877979, 51.9369251], [31.855107, 51.9710037], [31.8704651, 52.0211548], [31.8361371, 52.0509446], [31.8182796, 52.0768975], [31.805753, 52.1002162], [31.7965484, 52.1035162], [31.7936941, 52.1082919], [31.7914183, 52.1089869], [31.7872089, 52.1117472], [31.7858279, 52.1123129], [31.7803188, 52.1117568], [31.772046, 52.111487], [31.7664871, 52.1091541], [31.7629235, 52.1061738], [31.7471597, 52.103134], [31.7595532, 52.0777308], [31.7650591, 52.002463], [31.7290018, 51.9973336], [31.6390455, 51.9558166], [31.6127748, 51.9763366], [31.5092687, 52.1208133], [31.4893394, 52.1167312], [31.4642469, 52.1217379], [31.4559635, 52.1305354], [31.4517973, 52.1401755], [31.4426893, 52.1395312], [31.466996, 52.0944026], [31.4721227, 52.0469215], [31.5174637, 51.9930397], [31.5872277, 51.9340342], [31.5640005, 51.8882633], [31.5722206, 51.8457098], [31.5474426, 51.8163168], [31.5068887, 51.7972208], [31.4060726, 51.7894134], [31.3156791, 51.7884094], [31.2399337, 51.7832538], [31.1296446, 51.8330784], [31.1964525, 51.9768721], [31.2133624, 52.0702862], [31.2007674, 52.0739628], [31.1854245, 52.0742614], [31.1588541, 52.0799184], [31.1460087, 52.0910586], [31.1400251, 52.102198], [31.0971526, 52.0894437], [31.0736649, 52.0914971], [31.0378211, 52.0842612], [31.0066637, 52.0812314], [30.9892438, 52.0756647], [30.9703623, 52.077454], [30.9552462, 52.0852463], [30.9483721, 52.0661309], [30.9579757, 52.0250628], [30.9770557, 51.9533126], [31.0194636, 51.7952997], [30.9367246, 51.754091], [30.8577619, 51.6421647], [30.8329034, 51.4789688], [30.7722772, 51.4838044], [30.7899221, 51.5291248], [30.7372596, 51.5444871], [30.7211212, 51.5325319], [30.6951124, 51.5342949], [30.6910811, 51.5181151], [30.7352639, 51.5113719], [30.7263355, 51.4155496], [30.6727789, 51.401416], [30.6562957, 51.3752824], [30.6356981, 51.3599543], [30.6590422, 51.3396956], [30.6823864, 51.3439852], [30.7077905, 51.3834254], [30.7888109, 51.3787117], [30.8670837, 51.3679958], [30.9288782, 51.3847104], [31.008174, 51.3779036], [31.1300527, 51.3126609], [31.3006588, 51.2675707], [31.4253734, 51.284159], [31.4623587, 51.3590807], [31.4059043, 51.3984205], [31.2779565, 51.3999811], [31.2510261, 51.372208], [31.2193132, 51.3787117], [31.2234319, 51.4181215], [31.1733055, 51.4534335], [31.1884121, 51.4799522], [31.1957834, 51.4951238], [31.1856643, 51.5050082], [31.1767382, 51.5301697], [31.1785404, 51.5406517], [31.1875551, 51.5519876], [31.2190646, 51.5580906], [31.2519498, 51.5631185], [31.268087, 51.5582079]], [[31.5721274, 51.5868668], [31.6217795, 51.5758118], [31.6930882, 51.5795364], [31.7654127, 51.5831878], [31.795625, 51.6147503], [31.8206737, 51.6426651], [31.8495156, 51.7054692], [31.9068616, 51.7633095], [31.9346632, 51.7836962], [31.9219678, 51.8125705], [31.8869489, 51.8304053], [31.8778992, 51.8451052], [31.7692264, 51.860205], [31.7708592, 51.7672804], [31.7038183, 51.7060804], [31.631066, 51.7068486], [31.5907881, 51.6867089], [31.5886442, 51.644774], [31.5721274, 51.5868668]]]}}, {"type": "Feature", "properties": {"name": "Liberated", "date": "2022-09-30", "layer_type": "liberated"}, "geometry": {"type": "Polygon", "coordinates": [[[33.3839912, 51.0797225], [33.8351239, 50.9527171], [34.368586, 50.9071299], [34.3947818, 50.877913], [34.3839918, 50.8458996], [34.36195, 50.8148383], [34.312586, 50.8082553], [34.2597935, 50.8105446], [34.1478216, 50.8418477], [34.0547509, 50.8267965], [33.9624784, 50.8301872], [33.8946095, 50.8433942], [33.8582455, 50.8361827], [33.8349931, 50.8374684], [33.8077214, 50.8265131], [33.7619343, 50.8132558], [33.7400158, 50.8100485], [33.7079291, 50.8072944], [33.6678876, 50.7877267], [33.5738756, 50.7880942], [33.5502367, 50.7869127], [33.530736, 50.7538167], [33.5136703, 50.7328292], [33.508718, 50.7055178], [33.5035308, 50.6842219], [33.4982803, 50.6696469], [33.4670944, 50.6535432], [33.4609821, 50.6420073], [33.4720329, 50.6402686], [33.4779343, 50.6446255], [33.5102763, 50.6662856], [33.5120756, 50.6803266], [33.5277974, 50.7273318], [33.5247584, 50.7340038], [33.5689081, 50.7556824], [33.680385, 50.7777033], [33.7252819, 50.7971621], [33.740074, 50.7964263], [33.777608, 50.8069352], [33.8189056, 50.8155572], [33.8481345, 50.8218406], [33.8668609, 50.8174748], [33.95789, 50.8258121], [34.0178386, 50.8170929], [34.0598902, 50.8208368], [34.1388143, 50.8353894], [34.2718929, 50.8021065], [34.3135126, 50.8010392], [34.3563996, 50.8058988], [34.3761889, 50.8110153], [34.4157702, 50.8624306], [34.4113537, 50.8833462], [34.3899335, 50.907709], [34.6618451, 50.9059771], [34.6884766, 50.9522743], [34.7152202, 50.9720779], [34.7585406, 50.9662929], [34.7846331, 50.9792641], [34.9274554, 50.952453], [35.1279559, 50.9853161], [35.2433123, 50.9507227], [35.2968707, 50.998282], [35.2749101, 51.0585263], [35.2350726, 51.0345672], [35.0112261, 51.0198838], [34.8986163, 50.9870451], [34.8244586, 51.0051957], [34.8521521, 51.0758384], [34.9125498, 51.063583], [34.9851336, 51.0725499], [35.0139727, 51.11395], [35.1309861, 51.1570448], [35.1301713, 51.1573807], [35.1250647, 51.1613233], [35.1232517, 51.1653257], [35.1344359, 51.1708159], [35.1306813, 51.1735594], [35.1293292, 51.1828678], [34.9737227, 51.1154851], [34.9329485, 51.0880793], [34.7914996, 51.0949795], [34.6585522, 51.0007059], [34.3454119, 51.1580154], [34.3139551, 51.2388066], [34.3052358, 51.2383268], [34.2976104, 51.2423067], [34.2959734, 51.1537087], [34.2479082, 51.1795427], [34.2059125, 51.2132496], [34.005412, 51.2631177], [34.0050687, 51.4868559], [33.9576901, 51.7250289], [34.0775715, 51.7639218], [34.1241172, 51.7985062], [34.1953573, 51.8225918], [34.2539658, 51.8319923], [34.2844392, 51.840103], [34.3298896, 51.8686994], [34.328318, 51.8690579], [34.3297639, 51.8706701], [34.3278836, 51.8715239], [34.3264751, 51.8731124], [34.3261844, 51.8752043], [34.3255494, 51.8760836], [34.3251421, 51.8763304], [34.323968, 51.8766221], [34.3230084, 51.8769138], [34.321003, 51.8778939], [34.3194801, 51.8791481], [34.2603113, 51.8558775], [34.2437657, 51.8594066], [34.0321158, 51.7986607], [33.1775385, 51.4546756], [33.1236242, 51.3972327], [33.1303696, 51.356001], [33.1282209, 51.2772309], [33.1091963, 51.2645037], [33.113522, 51.2491912], [33.1685148, 51.267325], [33.1807609, 51.2767234], [33.2211961, 51.3312062], [33.2998465, 51.4238093], [33.6231573, 51.6022871], [33.8492002, 51.684817], [33.8296308, 51.2424892], [33.2988487, 51.2089455], [33.4274557, 51.1539863], [33.3839912, 51.0797225]], [[34.5712079, 51.0002743], [34.4114609, 51.0665102], [34.3141544, 51.1336299], [34.2781206, 51.1114821], [34.2080828, 51.1605992], [34.189433, 51.1736605], [33.6483564, 51.1788262], [33.5000409, 51.1288667], [33.6565961, 51.0788531], [34.5712079, 51.0002743]]]}}, {"type": "Feature", "properties": {"name": "Liberated 25.03", "date": "2022-09-30", "layer_type": "liberated"}, "geometry": {"type": "Polygon", "coordinates": [[[34.9421552, 50.4905661], [34.9261542, 50.4897624], [34.9183964, 50.4736659], [34.9377178, 50.4712647], [34.9405573, 50.4542222], [34.9645728, 50.4521996], [34.9702457, 50.4608624], [34.9871018, 50.4580917], [34.9926542, 50.4634867], [34.9845042, 50.4742763], [34.9929186, 50.4801327], [34.9809991, 50.4949988], [34.9758543, 50.4987774], [34.9718927, 50.5016114], [34.9657647, 50.498264], [34.9465509, 50.4889912], [34.9421552, 50.4905661]]]}}, {"type": "Feature", "properties": {"name": "Liberated", "date": "2022-09-30", "layer_type": "liberated"}, "geometry": {"type": "Polygon", "coordinates": [[[31.0924658, 50.6528092], [31.1020192, 50.6605912], [31.1009621, 50.6701402], [31.1097042, 50.6790489], [31.1225703, 50.6883916], [31.1453982, 50.6862153], [31.1654139, 50.6688884], [31.1718108, 50.6554339], [31.1836942, 50.6341425], [31.1999893, 50.6325646], [31.1978566, 50.6418889], [31.1890025, 50.6733799], [31.1444812, 50.7162835], [31.1317146, 50.7188267], [31.1162025, 50.7094117], [31.0916973, 50.7218813], [31.0468653, 50.7445842], [31.0422291, 50.7400216], [31.1237275, 50.6980697], [31.1161331, 50.694264], [31.0857582, 50.6752035], [31.0856065, 50.6604923], [31.072263, 50.6642546], [31.0529616, 50.6699805], [31.0453366, 50.6613965], [31.0471541, 50.6542811], [31.0290295, 50.6482317], [31.0181944, 50.6452722], [31.0047754, 50.641526], [31.0019759, 50.637953], [30.9785467, 50.6321038], [30.9543732, 50.6264903], [30.9451698, 50.6274519], [30.9356968, 50.6271902], [30.9059439, 50.6346056], [30.8792298, 50.6407127], [30.8674516, 50.6329379], [30.8508742, 50.6162326], [30.8687111, 50.6102121], [30.8718904, 50.5876887], [30.8922316, 50.5682493], [30.9321357, 50.5838966], [30.9507252, 50.5991297], [30.9288014, 50.6213359], [30.9445927, 50.6209363], [30.9583301, 50.6198588], [30.9806523, 50.6265023], [31.0005744, 50.6149287], [31.0077911, 50.614136], [31.0208878, 50.6163245], [31.0249154, 50.617276], [31.029029, 50.6176282], [31.0286361, 50.6143861], [31.0275566, 50.6111439], [31.0323098, 50.6023259], [31.0372752, 50.5933783], [31.0446418, 50.5836135], [31.0290305, 50.581654], [31.0206307, 50.5808929], [31.0179817, 50.5796411], [31.0102809, 50.57899], [31.0046643, 50.5784505], [30.9997828, 50.5782428], [30.9946552, 50.5773909], [30.9909239, 50.5761225], [30.9924275, 50.5725115], [30.9993378, 50.5686823], [31.0046607, 50.5662432], [31.0091249, 50.5657665], [31.018094, 50.5713146], [31.0264418, 50.5761593], [31.0410562, 50.5778958], [31.051218, 50.5783729], [31.053054, 50.5740532], [31.050717, 50.5674302], [31.0462147, 50.5589811], [31.0529511, 50.5553672], [31.0757589, 50.544349], [31.0752173, 50.5383482], [31.0906072, 50.5291818], [31.1018124, 50.5250325], [31.1097795, 50.5312229], [31.1131128, 50.5421046], [31.1526047, 50.5573022], [31.1577321, 50.5505789], [31.1650278, 50.5522493], [31.1651149, 50.5586092], [31.1594543, 50.5687662], [31.1479545, 50.5780502], [31.1224774, 50.5937768], [31.1081469, 50.605032], [31.0797276, 50.6202035], [31.0495791, 50.6251293], [31.0416209, 50.6330156], [31.0446803, 50.6393541], [31.0626756, 50.6404655], [31.0713096, 50.6481256], [31.0924658, 50.6528092]], [[31.036604, 50.6084255], [31.0388139, 50.6099506], [31.0367301, 50.6107241], [31.0355904, 50.6098091], [31.036604, 50.6084255]], [[31.0878088, 50.587683], [31.0829078, 50.5813402], [31.0727204, 50.5837084], [31.0638204, 50.5825332], [31.0577198, 50.5798255], [31.0571985, 50.5772813], [31.0667984, 50.5784062], [31.076041, 50.5765136], [31.0785612, 50.5737092], [31.0781932, 50.5713166], [31.0737825, 50.5698348], [31.0679986, 50.5704243], [31.0576661, 50.5697051], [31.0571189, 50.5646245], [31.0581526, 50.5597689], [31.0700003, 50.5542586], [31.0779023, 50.5551251], [31.08782, 50.5531282], [31.0967928, 50.5495489], [31.1049437, 50.5478418], [31.1130947, 50.5500608], [31.1286312, 50.5570776], [31.1354345, 50.5610117], [31.1253613, 50.5791463], [31.1129947, 50.5895946], [31.0952974, 50.5994821], [31.0799961, 50.610239], [31.0658681, 50.6136654], [31.0446225, 50.6208636], [31.0383024, 50.6246093], [31.033769, 50.6256652], [31.0342999, 50.6192611], [31.0391697, 50.6136831], [31.0863871, 50.5884784], [31.0878088, 50.587683]]]}}, {"type": "Feature", "properties": {"name": "Liberated 23.03", "date": "2022-09-30", "layer_type": "liberated"}, "geometry": {"type": "Polygon", "coordinates": [[[32.3662686, 47.0444634], [32.3703625, 47.0205426], [32.3760272, 47.0025175], [32.3748797, 46.9954172], [32.3790345, 46.987997], [32.3879391, 46.9635098], [32.4226403, 46.9590115], [32.4765316, 46.9847777], [32.4872602, 46.998126], [32.5070862, 47.0057721], [32.5150734, 47.0206741], [32.5159312, 47.0272845], [32.5199405, 47.044387], [32.4667372, 47.0330282], [32.4585676, 47.0380601], [32.4541448, 47.0501117], [32.4511127, 47.0673645], [32.4612704, 47.0748221], [32.460273, 47.083916], [32.4634263, 47.0914955], [32.4638335, 47.1000099], [32.444864, 47.1050576], [32.4370925, 47.152896], [32.4603979, 47.1572919], [32.4634004, 47.1703181], [32.4661906, 47.1743224], [32.4626293, 47.1785602], [32.4501623, 47.1804443], [32.4441865, 47.1791682], [32.4391391, 47.1768963], [32.4345559, 47.1750599], [32.4292868, 47.1722889], [32.4227113, 47.1705146], [32.4159907, 47.1693933], [32.4007859, 47.1712828], [32.4060939, 47.2107314], [32.3834101, 47.2120738], [32.36289, 47.2031282], [32.3626276, 47.189749], [32.3607683, 47.1892848], [32.3593239, 47.1880027], [32.3572286, 47.1864868], [32.3483545, 47.1737705], [32.3507339, 47.1632142], [32.3524263, 47.1520744], [32.3597431, 47.1040317], [32.3660695, 47.0672693], [32.3660999, 47.0564407], [32.3662686, 47.0444634]]]}}, {"type": "Feature", "properties": {"name": "Liberated", "date": "2022-09-30", "layer_type": "liberated"}, "geometry": {"type": "Polygon", "coordinates": [[[36.1001464, 50.1355213], [36.0913054, 50.1279815], [36.0908339, 50.1179385], [36.091219, 50.1085555], [36.0949964, 50.0973255], [36.0953406, 50.093582], [36.0980875, 50.0868634], [36.1155963, 50.0841095], [36.1186857, 50.0870835], [36.1337922, 50.0831192], [36.1488982, 50.0857617], [36.1550777, 50.0925891], [36.1434051, 50.0999672], [36.1509578, 50.1027755], [36.1516447, 50.1069049], [36.1585112, 50.1183535], [36.1578256, 50.1310096], [36.1516455, 50.1379433], [36.1498655, 50.1761183], [36.157359, 50.1963955], [36.1774961, 50.1970599], [36.1998296, 50.1944379], [36.2158633, 50.1795012], [36.218685, 50.1844612], [36.2588006, 50.181573], [36.2717357, 50.184419], [36.2816736, 50.1878748], [36.2820478, 50.1941611], [36.2908968, 50.1979644], [36.2902147, 50.1994264], [36.2876442, 50.2012181], [36.276238, 50.2072254], [36.2589073, 50.2139749], [36.2636509, 50.224057], [36.2640381, 50.2352085], [36.2490632, 50.2421778], [36.2469184, 50.2441238], [36.2376492, 50.2455451], [36.2256169, 50.252947], [36.2087445, 50.2502145], [36.1579117, 50.25853], [36.1515241, 50.2348658], [36.1522629, 50.2304331], [36.1475222, 50.223522], [36.1429625, 50.219958], [36.1401217, 50.2137589], [36.1380711, 50.2077078], [36.1442597, 50.2031947], [36.1408445, 50.1908724], [36.1216697, 50.1552365], [36.1183425, 50.146857], [36.1140502, 50.1418227], [36.1075272, 50.1403094], [36.1001464, 50.1355213]]]}}, {"type": "Feature", "properties": {"name": "Liberated", "date": "2022-09-30", "layer_type": "liberated"}, "geometry": {"type": "Polygon", "coordinates": [[[32.1450135, 46.9394648], [32.1667259, 46.9442446], [32.1574443, 46.9968772], [32.1886936, 47.0354583], [32.2284561, 47.0296374], [32.3662686, 47.0444634], [32.3660999, 47.0564407], [32.197495, 47.0458116], [32.1943212, 47.0603062], [32.1654778, 47.0488761], [32.1679233, 47.0416568], [32.1402026, 47.0238216], [32.1148387, 47.0424534], [32.0379398, 47.0496953], [32.1496915, 47.2099305], [32.1164409, 47.3518149], [32.1214762, 47.3600138], [32.2212871, 47.3737682], [32.2430539, 47.3150275], [32.2374412, 47.2823997], [32.2537937, 47.2413867], [32.2739143, 47.2545865], [32.2720803, 47.3451225], [32.2945352, 47.3669377], [32.2982122, 47.3944495], [32.2617871, 47.3999956], [32.2071085, 47.3954465], [32.1887219, 47.3890916], [32.1161013, 47.3827187], [32.1186635, 47.3920313], [32.1195211, 47.4004072], [32.0887677, 47.4666352], [32.0806011, 47.4970479], [32.0842926, 47.5074703], [32.1002159, 47.5101304], [32.1051543, 47.5158044], [32.1036217, 47.5280671], [32.0971425, 47.5364573], [32.099052, 47.5496921], [32.1030982, 47.565114], [32.1040593, 47.5793761], [32.1042026, 47.6193313], [32.0240949, 47.6138274], [31.9258582, 47.605115], [31.9198956, 47.6325985], [31.8746712, 47.6286451], [31.8693862, 47.6622817], [31.8620153, 47.6839523], [31.8283703, 47.6857391], [31.806622, 47.6814852], [31.7588828, 47.6741279], [31.6215925, 47.6523664], [31.560313, 47.6389649], [31.5165896, 47.6245138], [31.4763227, 47.6102771], [31.4264881, 47.5919127], [31.3725693, 47.5737582], [31.3571104, 47.5687346], [31.3584763, 47.557919], [31.3883276, 47.5670986], [31.5228053, 47.6102841], [31.5692671, 47.628113], [31.625376, 47.6449934], [31.7651306, 47.6634786], [31.8498056, 47.6794534], [31.8634696, 47.6664163], [31.8633967, 47.6499106], [31.8665012, 47.6224448], [31.9092524, 47.6263809], [31.919372, 47.5989706], [32.0793793, 47.6099923], [32.0878176, 47.5906883], [32.0735874, 47.5644262], [32.0757361, 47.5494644], [32.0730807, 47.5294068], [32.0665721, 47.520542], [32.0638433, 47.5003158], [32.0711914, 47.4657821], [32.0826723, 47.4421196], [32.0261865, 47.4398129], [32.0136518, 47.4437712], [31.9784578, 47.4398295], [31.9772451, 47.4290385], [31.9889606, 47.4161236], [32.018527, 47.424576], [32.0803606, 47.430007], [32.0925601, 47.4128625], [32.0330142, 47.3996642], [31.9706821, 47.378188], [31.9708466, 47.3599636], [32.0032134, 47.3601045], [32.0328442, 47.3779104], [32.0941552, 47.3600156], [32.1361222, 47.2129322], [32.0108799, 47.0509256], [32.01854, 47.0331691], [32.0458355, 47.0375104], [32.1090069, 47.0262782], [32.1450135, 46.9394648]]]}}, {"type": "Feature", "properties": {"name": "Liberated 16.03-17.03", "date": "2022-09-30", "layer_type": "liberated"}, "geometry": {"type": "Polygon", "coordinates": [[[32.0108799, 47.0509256], [31.9721266, 47.0486983], [31.9081512, 47.1575737], [31.8804246, 47.2150584], [31.8654548, 47.2203627], [31.8499022, 47.226776], [31.8211843, 47.2491706], [31.811307, 47.2678344], [31.827383, 47.2900264], [31.8147574, 47.3217428], [31.8022711, 47.3308624], [31.7913773, 47.3342331], [31.7714971, 47.3412901], [31.7606696, 47.3450734], [31.7633697, 47.3472695], [31.7645251, 47.3506286], [31.7628875, 47.3522295], [31.7565077, 47.3536316], [31.7550041, 47.357514], [31.7560753, 47.3595359], [31.7585615, 47.3611379], [31.7580407, 47.3645749], [31.7557971, 47.3651701], [31.7520922, 47.3654741], [31.7492957, 47.3602191], [31.749443, 47.3546841], [31.7482299, 47.3510441], [31.7261591, 47.3575787], [31.6950597, 47.3552249], [31.664545, 47.3603323], [31.6426077, 47.366364], [31.6157598, 47.3895569], [31.5825649, 47.419186], [31.5668913, 47.4279393], [31.5381529, 47.463163], [31.5160375, 47.4716026], [31.5021585, 47.473077], [31.4779632, 47.4738501], [31.455901, 47.4895457], [31.4417684, 47.504583], [31.4257691, 47.5225357], [31.4139875, 47.5335971], [31.4102426, 47.5400549], [31.3982367, 47.5437806], [31.3878559, 47.5431515], [31.3815953, 47.5444338], [31.3707868, 47.5465099], [31.3647024, 47.5486418], [31.3598586, 47.5445511], [31.3659164, 47.5410405], [31.3749984, 47.5372643], [31.3776093, 47.5372468], [31.3820904, 47.5360694], [31.3853699, 47.5347181], [31.3892425, 47.5322865], [31.4016977, 47.5315928], [31.4059686, 47.5300596], [31.4105824, 47.5264399], [31.4149058, 47.5205373], [31.4176831, 47.5128375], [31.4172291, 47.5087998], [31.4363374, 47.4826727], [31.471083, 47.4619563], [31.5058064, 47.4593315], [31.5240464, 47.4543793], [31.5338828, 47.4393662], [31.5461137, 47.4243503], [31.5849687, 47.4008128], [31.6062878, 47.3772674], [31.6323937, 47.3565055], [31.6924522, 47.3478931], [31.7028085, 47.3424002], [31.693567, 47.3329946], [31.6863871, 47.3321973], [31.6867645, 47.3301265], [31.6894421, 47.3256588], [31.6935269, 47.3236576], [31.702135, 47.3219007], [31.7053351, 47.3185723], [31.7125348, 47.3209788], [31.7198267, 47.3209018], [31.7222719, 47.3258082], [31.738773, 47.3276799], [31.7515872, 47.3410116], [31.7526866, 47.3408851], [31.7960091, 47.3258072], [31.808015, 47.3182096], [31.8177466, 47.2900309], [31.8021596, 47.2670351], [31.8094263, 47.2472914], [31.8195716, 47.2329964], [31.8364798, 47.2185072], [31.8368517, 47.1966864], [31.8756514, 47.1524648], [31.8183154, 47.1150948], [31.8485283, 47.0795689], [31.9151342, 47.0868163], [31.9139721, 47.077755], [31.9059452, 47.0686935], [31.8747992, 47.0519695], [31.8719673, 47.0451926], [31.8959751, 47.0450212], [31.9179276, 47.0560742], [31.9460337, 47.0430835], [31.9776199, 47.0252996], [32.01854, 47.0331691], [32.0108799, 47.0509256]]]}}, {"type": "Feature", "properties": {"name": "Liberated 16.03-17.03", "date": "2022-09-30", "layer_type": "liberated"}, "geometry": {"type": "Polygon", "coordinates": [[[32.2435333, 46.7860604], [32.2449066, 46.7704252], [32.3042471, 46.7773434], [32.3638323, 46.8319394], [32.3619703, 46.8500037], [32.3612837, 46.8562256], [32.3567438, 46.8668509], [32.3557305, 46.8765941], [32.3612991, 46.8964354], [32.4226403, 46.9590115], [32.3879391, 46.9635098], [32.3790345, 46.987997], [32.3748797, 46.9954172], [32.1667259, 46.9442446], [32.1450135, 46.9394648], [32.1173205, 46.9332237], [32.1162904, 46.9354508], [32.1042741, 46.9471709], [32.0955195, 46.9492803], [32.086078, 46.9491631], [32.07801, 46.9463506], [32.0687402, 46.9403736], [32.0618737, 46.933927], [32.0582688, 46.9287692], [32.0671952, 46.9202108], [32.0822629, 46.9111548], [32.0920474, 46.8801873], [32.055827, 46.8654011], [32.0702469, 46.8609419], [32.0860393, 46.8625842], [32.112486, 46.8307653], [32.1471434, 46.8116215], [32.1539092, 46.80802], [32.1864469, 46.7969531], [32.2435333, 46.7860604]]]}}, {"type": "Feature", "properties": {"name": "Liberated 31.03 - 02.04", "date": "2022-09-30", "layer_type": "liberated"}, "geometry": {"type": "Polygon", "coordinates": [[[30.2834566, 50.6252549], [30.2952494, 50.7047065], [30.3374085, 50.7191981], [30.3575523, 50.7248076], [30.3774419, 50.7272074], [30.3806062, 50.7321369], [30.3779828, 50.736666], [30.3757887, 50.7418466], [30.3734652, 50.7439177], [30.3690816, 50.7435989], [30.3667512, 50.750402], [30.3684009, 50.752686], [30.3824118, 50.7587704], [30.3815927, 50.7609035], [30.3771685, 50.7635796], [30.3739842, 50.7686058], [30.3728595, 50.772492], [30.3739279, 50.7753579], [30.3760265, 50.7777896], [30.3713729, 50.7808945], [30.3687025, 50.7836409], [30.3676677, 50.785204], [30.3676628, 50.7874182], [30.3759504, 50.792381], [30.3752453, 50.79413], [30.3734336, 50.7944077], [30.3739868, 50.7964454], [30.3765143, 50.7988628], [30.3805958, 50.8066623], [30.3815882, 50.8143533], [30.388558, 50.8182466], [30.3891254, 50.8229586], [30.3922681, 50.8282128], [30.4010441, 50.8337053], [30.406045, 50.8382216], [30.4085797, 50.8426748], [30.4074441, 50.8462022], [30.4108575, 50.8502717], [30.4159751, 50.853307], [30.4231538, 50.8566128], [30.4257422, 50.8637926], [30.4242043, 50.8676538], [30.42601, 50.8735386], [30.4205615, 50.8774559], [30.4183742, 50.880236], [30.4196066, 50.882598], [30.4457319, 50.8871244], [30.442027, 50.9072792], [30.4501317, 50.9121609], [30.4554916, 50.9196398], [30.4479077, 50.9457048], [30.4324216, 50.9659234], [30.4440254, 50.984303], [30.4253352, 50.9903663], [30.4092166, 51.024548], [30.3908805, 51.0284792], [30.3780378, 51.0235548], [30.3708938, 51.0195352], [30.3614089, 51.026611], [30.3489609, 51.0286662], [30.3326427, 51.0338515], [30.3151067, 51.0379543], [30.2985706, 51.0390284], [30.3015989, 51.0415689], [30.2915803, 51.0473473], [30.2990097, 51.0535079], [30.3197082, 51.0539576], [30.3405038, 51.0419031], [30.3786753, 51.0559886], [30.377938, 51.0653349], [30.4074408, 51.0666665], [30.4081253, 51.0744494], [30.4060655, 51.0813621], [30.4299385, 51.115018], [30.427317, 51.1225085], [30.433733, 51.1218364], [30.4353959, 51.1171897], [30.4408612, 51.1154047], [30.4384438, 51.1127874], [30.4348312, 51.1116943], [30.436286, 51.1074836], [30.4363259, 51.1012817], [30.4490475, 51.1045396], [30.4482005, 51.1086468], [30.456704, 51.1123173], [30.4657633, 51.1157687], [30.474242, 51.1145846], [30.4766787, 51.1220201], [30.4842665, 51.126223], [30.4800302, 51.1532869], [30.4779377, 51.1545088], [30.4617687, 51.1542226], [30.4540927, 51.1640554], [30.4471637, 51.1691872], [30.4507368, 51.1739057], [30.4508771, 51.1779785], [30.4404405, 51.1824085], [30.4310325, 51.1842551], [30.4183921, 51.1937573], [30.4111218, 51.1933964], [30.4004197, 51.1867949], [30.3962856, 51.1902805], [30.3935243, 51.193766], [30.3924637, 51.2071914], [30.3716558, 51.2081393], [30.3619374, 51.2153862], [30.3495239, 51.2163207], [30.3429468, 51.2165014], [30.3384939, 51.2202238], [30.3306071, 51.2207203], [30.3223855, 51.2247232], [30.3162396, 51.2305783], [30.3303838, 51.2452998], [30.3561341, 51.252162], [30.3616279, 51.2461322], [30.372955, 51.2481675], [30.3786192, 51.2470098], [30.3769014, 51.2385448], [30.3891729, 51.2384499], [30.3947502, 51.2413637], [30.411313, 51.2387953], [30.4163314, 51.2322438], [30.4230647, 51.2273043], [30.4312782, 51.2330075], [30.449635, 51.2298381], [30.4559388, 51.2322691], [30.4656781, 51.2428682], [30.4727804, 51.2398372], [30.473702, 51.2337968], [30.4811449, 51.2201224], [30.4989703, 51.215145], [30.51439, 51.2131759], [30.5038626, 51.2247219], [30.5071564, 51.2308945], [30.5156015, 51.2359918], [30.5328461, 51.2650999], [30.5051985, 51.2789695], [30.4748037, 51.2754837], [30.4634695, 51.2726643], [30.4520518, 51.2731336], [30.4512767, 51.277039], [30.4537836, 51.2791844], [30.4500593, 51.2814922], [30.4534324, 51.2879073], [30.4569221, 51.2862841], [30.4632162, 51.2907329], [30.4620724, 51.2942456], [30.4576379, 51.2966998], [30.4617863, 51.3060234], [30.4448795, 51.3087732], [30.4211415, 51.304242], [30.4102708, 51.3083914], [30.3985397, 51.312325], [30.3909196, 51.3218899], [30.3659899, 51.3341807], [30.3482831, 51.3487951], [30.3346184, 51.3515983], [30.3233537, 51.3614757], [30.3557058, 51.3784916], [30.3561358, 51.3828612], [30.3441292, 51.4233188], [30.334505, 51.424811], [30.3307273, 51.4287432], [30.3255758, 51.4309628], [30.3214536, 51.4340386], [30.3187039, 51.4403248], [30.3115356, 51.4429325], [30.3088298, 51.44661], [30.2982654, 51.4563179], [30.2917806, 51.4590854], [30.2880417, 51.46335], [30.2795329, 51.4648199], [30.2450598, 51.4861873], [30.213946, 51.4924861], [30.1804187, 51.5124575], [30.1673164, 51.5088077], [30.1629985, 51.488066], [30.1443647, 51.4945795], [30.1315613, 51.5055796], [30.1206267, 51.504486], [30.1290647, 51.4876921], [30.1224791, 51.4898769], [30.1212444, 51.486158], [30.1108444, 51.4870771], [30.1042695, 51.4909549], [30.0776336, 51.496954], [30.0746038, 51.4957263], [30.0623038, 51.4989867], [30.0559004, 51.4971711], [30.0337032, 51.5032616], [30.0274097, 51.5026726], [30.019056, 51.5046476], [30.0124253, 51.504692], [30.0121843, 51.5026992], [30.0142607, 51.4995844], [30.0152351, 51.4972925], [30.0161514, 51.4960664], [30.0182692, 51.4954281], [30.0130059, 51.4950305], [30.0122061, 51.4895028], [30.0075456, 51.4898533], [30.0034191, 51.4883374], [30.000838, 51.4856456], [29.9902755, 51.4813499], [29.9819051, 51.4857759], [29.9753165, 51.4834988], [29.9711317, 51.4803662], [29.9705389, 51.4752675], [29.966897, 51.4720225], [29.9619871, 51.4713081], [29.9515498, 51.4735699], [29.9465014, 51.4836802], [29.9237181, 51.4898032], [29.9252001, 51.4870909], [29.9212206, 51.4880864], [29.91863, 51.4869806], [29.9170773, 51.4884585], [29.9145843, 51.4870596], [29.9101621, 51.4855049], [29.9062346, 51.4867049], [29.9039274, 51.4851136], [29.8907198, 51.4837359], [29.8894212, 51.4828618], [29.8891527, 51.4789943], [29.8866535, 51.4772657], [29.8842887, 51.4774173], [29.8829351, 51.476798], [29.8844043, 51.4749381], [29.8878855, 51.4740085], [29.8903123, 51.4727955], [29.8894655, 51.4710666], [29.8864676, 51.4709508], [29.8873723, 51.4678986], [29.8853359, 51.466266], [29.8857772, 51.4637921], [29.8756984, 51.4566193], [29.8765828, 51.4522304], [29.8779694, 51.45025], [29.8777186, 51.4452479], [29.873817, 51.4442981], [29.8650231, 51.4462902], [29.8556283, 51.4487609], [29.8479247, 51.4489778], [29.8431281, 51.4572678], [29.8128301, 51.4487358], [29.8104728, 51.4590656], [29.7910083, 51.457438], [29.7939795, 51.441484], [29.7793333, 51.4467727], [29.7641972, 51.4492554], [29.7390325, 51.4589999], [29.7420182, 51.4615767], [29.7334562, 51.4694476], [29.7308884, 51.4798004], [29.7254839, 51.4918202], [29.7447531, 51.4935572], [29.7421063, 51.5023532], [29.7353377, 51.5109354], [29.7423865, 51.5128415], [29.7376719, 51.530831], [29.7075247, 51.5278943], [29.7074774, 51.5205459], [29.7046246, 51.5203971], [29.6951565, 51.5170219], [29.6874057, 51.5169575], [29.6833482, 51.5136864], [29.6716218, 51.5111958], [29.6697082, 51.5082933], [29.6694388, 51.5026748], [29.6657675, 51.5027663], [29.6533409, 51.5061698], [29.6506893, 51.5052799], [29.6482097, 51.5016118], [29.648563, 51.5009888], [29.6398133, 51.4985934], [29.6340653, 51.5061043], [29.6274585, 51.5021814], [29.6208545, 51.4927031], [29.6059268, 51.4938576], [29.6050019, 51.4722792], [29.5923241, 51.4667082], [29.5873956, 51.4645533], [29.5834974, 51.4625586], [29.5775041, 51.4612694], [29.5755439, 51.4614122], [29.537222, 51.4825522], [29.5316295, 51.4679934], [29.5329039, 51.4636993], [29.5287834, 51.4589803], [29.5238061, 51.4570802], [29.5184861, 51.4526127], [29.5164307, 51.4434634], [29.5212526, 51.4340981], [29.5171386, 51.4276638], [29.5205781, 51.4219786], [29.5126951, 51.423144], [29.5006867, 51.3969028], [29.4591604, 51.4030009], [29.4301505, 51.4129379], [29.4158766, 51.4135961], [29.4036632, 51.4110409], [29.3891354, 51.4049505], [29.3736341, 51.3982633], [29.3660324, 51.3898611], [29.3596397, 51.3889624], [29.3487848, 51.3842066], [29.3339419, 51.3854061], [29.3214268, 51.3777329], [29.2998418, 51.3749942], [29.2331235, 51.348757], [29.1910968, 51.3396405], [29.1939889, 51.327748], [29.2164698, 51.2900083], [29.3021174, 51.3044382], [29.4387821, 51.1512226], [29.4797738, 51.015998], [29.4272097, 50.9734594], [29.4312796, 50.9469263], [29.4758835, 50.9234236], [29.4972777, 50.9094105], [29.5188618, 50.8303512], [29.5736652, 50.8216518], [29.5760862, 50.8324458], [29.5675244, 50.8629668], [29.724553, 50.902189], [29.7551731, 50.8281902], [29.7172203, 50.7225345], [29.7497191, 50.616953], [29.7444381, 50.5662674], [29.7675787, 50.5350977], [29.8154374, 50.4975545], [29.8022674, 50.4700473], [29.855264, 50.4484509], [29.8553299, 50.4276866], [29.7215289, 50.4278783], [29.7148596, 50.4238842], [29.7157585, 50.4131752], [29.7206596, 50.4080411], [29.7461064, 50.4133496], [29.8578843, 50.416214], [29.9142951, 50.3686827], [29.9502329, 50.3723417], [29.9913615, 50.3965967], [30.0511281, 50.419385], [30.1073453, 50.4097843], [30.1565557, 50.4108109], [30.1585332, 50.4402161], [30.1962046, 50.4428384], [30.2025037, 50.438022], [30.210117, 50.438031], [30.2098344, 50.4444356], [30.2341204, 50.4465286], [30.2448479, 50.5017205], [30.2275574, 50.5247274], [30.2312705, 50.5327385], [30.2442556, 50.5381302], [30.2718433, 50.5302918], [30.2843294, 50.5406722], [30.29592, 50.5527016], [30.3039943, 50.564777], [30.3306255, 50.6058011], [30.2868643, 50.6227357], [30.2834566, 50.6252549]]]}}, {"type": "Feature", "properties": {"name": "Liberated 25.03", "date": "2022-09-30", "layer_type": "liberated"}, "geometry": {"type": "Polygon", "coordinates": [[[34.9645728, 50.4521996], [34.9405573, 50.4542222], [34.9272474, 50.4088604], [34.9235184, 50.3994141], [34.9167019, 50.3929221], [34.917234, 50.3888645], [34.9211972, 50.3652135], [34.9227177, 50.3564372], [34.9164462, 50.3445287], [34.9414146, 50.3433546], [34.949471, 50.3517731], [34.9383898, 50.3615209], [34.9352567, 50.3715888], [34.9323967, 50.386904], [34.9262858, 50.391396], [34.9309799, 50.3942975], [34.9348167, 50.4016854], [34.9387405, 50.4072129], [34.9371714, 50.4138344], [34.9374157, 50.4206294], [34.9422953, 50.4309244], [34.9493128, 50.4439678], [34.9645728, 50.4521996]]]}}, {"type": "Feature", "properties": {"name": "Liberated 27-31.03", "date": "2022-09-30", "layer_type": "liberated"}, "geometry": {"type": "Polygon", "coordinates": [[[31.3341908, 50.5042485], [31.339066, 50.5091333], [31.3545522, 50.5152863], [31.3708812, 50.5195609], [31.3844114, 50.5315178], [31.389737, 50.5267449], [31.3990955, 50.5248906], [31.4022022, 50.5240484], [31.4056521, 50.522715], [31.4074878, 50.5208393], [31.4080573, 50.5198501], [31.4095008, 50.5187279], [31.4121536, 50.5178666], [31.4137804, 50.5177361], [31.4146777, 50.5189699], [31.4154654, 50.5195908], [31.4162026, 50.5205834], [31.4171291, 50.5213798], [31.4236345, 50.5195567], [31.4287919, 50.5176432], [31.4310271, 50.5163316], [31.4311165, 50.5152929], [31.4308658, 50.5125877], [31.4321994, 50.5100343], [31.4397124, 50.5070441], [31.4443092, 50.5067903], [31.4483236, 50.5068812], [31.4952426, 50.4867672], [31.5036534, 50.4838346], [31.5124069, 50.4837412], [31.5204722, 50.4847557], [31.5297361, 50.4856914], [31.537278, 50.4873432], [31.5388451, 50.4910993], [31.5398007, 50.4946154], [31.5386975, 50.498568], [31.5368199, 50.5011755], [31.5336472, 50.5029158], [31.52854, 50.5014924], [31.5250843, 50.4999055], [31.5215986, 50.4972544], [31.5184836, 50.4950538], [31.517442, 50.4941706], [31.5150331, 50.496731], [31.5153717, 50.4992673], [31.5167411, 50.501737], [31.518111, 50.5040644], [31.5165631, 50.5061022], [31.5138134, 50.5062475], [31.5119232, 50.5051185], [31.5104635, 50.5035708], [31.5087903, 50.5021958], [31.5059802, 50.5019444], [31.5021716, 50.5024185], [31.4989789, 50.5017812], [31.4965242, 50.500479], [31.4939238, 50.4990083], [31.4909932, 50.4973439], [31.4898716, 50.4950366], [31.487681, 50.4950288], [31.4848262, 50.4964167], [31.4532604, 50.5123491], [31.449152, 50.5161063], [31.446107, 50.5169142], [31.4423524, 50.5172633], [31.4392731, 50.5170009], [31.4373041, 50.5168693], [31.4356635, 50.5166074], [31.4264694, 50.5203837], [31.4247322, 50.5218241], [31.4246244, 50.5232637], [31.4246561, 50.5250204], [31.4229551, 50.5260625], [31.4203019, 50.5263106], [31.4171727, 50.5254523], [31.4143207, 50.5254595], [31.4123796, 50.5255721], [31.4112374, 50.5249736], [31.4115246, 50.5240467], [31.4113678, 50.5233923], [31.4100879, 50.5233378], [31.4087612, 50.5233106], [31.4008452, 50.5260252], [31.3922089, 50.5279007], [31.3866192, 50.5324496], [31.4479731, 50.5480051], [31.469163, 50.5538803], [31.482459, 50.5565899], [31.4860174, 50.5542901], [31.4885456, 50.5526446], [31.4943351, 50.5509443], [31.5010063, 50.5503121], [31.5073342, 50.5516428], [31.514823, 50.5528064], [31.5208766, 50.5536036], [31.5281786, 50.5532306], [31.5348893, 50.5544441], [31.5404172, 50.5553411], [31.5452983, 50.5577869], [31.5488857, 50.5602775], [31.549819, 50.5633903], [31.5450862, 50.5670472], [31.5393962, 50.569781], [31.5348812, 50.5730674], [31.5339188, 50.577133], [31.4526187, 50.7350317], [31.5304251, 50.7383992], [31.6633791, 50.6073872], [31.6739599, 50.610871], [31.6932418, 50.6188508], [31.5670762, 50.7742251], [31.4306607, 50.7683354], [31.4035643, 50.82429], [31.3495456, 50.8705835], [31.2872012, 50.8778494], [31.2491831, 50.8682719], [31.242443, 50.8529914], [31.3276928, 50.8437663], [31.3539429, 50.8018928], [31.3521689, 50.7579231], [31.1444812, 50.7162835], [31.1890025, 50.6733799], [31.3910232, 50.7264321], [31.4515385, 50.6531999], [31.4920152, 50.5866032], [31.487676, 50.5826521], [31.4868946, 50.577802], [31.4856759, 50.5743159], [31.4832395, 50.5759586], [31.468769, 50.5868715], [31.4548571, 50.5955264], [31.4349428, 50.5979596], [31.4072921, 50.599738], [31.3981485, 50.5995574], [31.3907212, 50.6074391], [31.3897703, 50.6109999], [31.3917509, 50.6248982], [31.3432843, 50.6373545], [31.3373795, 50.6424009], [31.3289969, 50.649444], [31.3184043, 50.6552551], [31.3061377, 50.6594734], [31.2960201, 50.6596352], [31.289388, 50.6456007], [31.2937514, 50.6300175], [31.3299147, 50.6300655], [31.3545172, 50.625511], [31.3756808, 50.6183383], [31.3682161, 50.6035725], [31.3676808, 50.5975929], [31.3681757, 50.592812], [31.370195, 50.5889169], [31.3788265, 50.5865567], [31.3863185, 50.5886992], [31.3940133, 50.5902056], [31.3999209, 50.5923748], [31.4116297, 50.5932409], [31.4267537, 50.5935644], [31.4406749, 50.5898548], [31.4791442, 50.5679644], [31.4740034, 50.5670036], [31.3355689, 50.5195952], [31.3217975, 50.5092733], [31.311313, 50.5019269], [31.2850392, 50.5000368], [31.2815837, 50.5071743], [31.2626538, 50.5124913], [31.2531619, 50.5163311], [31.2476432, 50.5162313], [31.2410947, 50.5146031], [31.2368809, 50.5067756], [31.2293683, 50.4996958], [31.2146476, 50.4998213], [31.2074944, 50.4891624], [31.2136682, 50.4843007], [31.2362935, 50.4835908], [31.2621808, 50.4844042], [31.2760524, 50.4895258], [31.301253, 50.4931115], [31.3308395, 50.4967956], [31.3534416, 50.4990186], [31.3628686, 50.4952893], [31.370407, 50.4918866], [31.3707202, 50.4892308], [31.3668834, 50.4874143], [31.3612699, 50.484874], [31.356223, 50.4832887], [31.3523095, 50.4803368], [31.3462002, 50.476618], [31.3415361, 50.4726763], [31.3380456, 50.4693819], [31.3386179, 50.4660714], [31.3420185, 50.462243], [31.3473232, 50.4616944], [31.3521986, 50.46273], [31.3578439, 50.4646629], [31.3607426, 50.4658307], [31.3651009, 50.4660696], [31.3669367, 50.4639489], [31.3694852, 50.4611947], [31.3730635, 50.4610084], [31.3741689, 50.4626802], [31.3751509, 50.4654012], [31.3755325, 50.4676851], [31.3749058, 50.4698451], [31.373906, 50.4715261], [31.3720328, 50.4736777], [31.3705814, 50.4752998], [31.3689976, 50.4780227], [31.370566, 50.4812138], [31.377187, 50.4857583], [31.3819326, 50.4832626], [31.3892525, 50.4806573], [31.4021634, 50.4779721], [31.4063883, 50.487633], [31.4030605, 50.4994234], [31.3805408, 50.4984363], [31.3659043, 50.505457], [31.3532233, 50.5050163], [31.3341908, 50.5042485]]]}}, {"type": "Feature", "properties": {"name": "Liberated", "date": "2022-09-30", "layer_type": "liberated"}, "geometry": {"type": "Polygon", "coordinates": [[[33.8760196, 47.4813189], [33.8531962, 47.4542425], [33.8356275, 47.4341851], [33.8766914, 47.4342646], [33.90958, 47.4217531], [33.9572192, 47.4182864], [33.9359577, 47.4867106], [33.9376743, 47.4889145], [33.936816, 47.4903065], [33.9357861, 47.4930903], [33.9333828, 47.4959899], [33.9309795, 47.4986574], [33.9304646, 47.5019046], [33.9299496, 47.5043399], [33.9280613, 47.507007], [33.9284046, 47.509558], [33.9301212, 47.5122248], [33.9289196, 47.5168624], [33.926688, 47.5197607], [33.9235981, 47.519297], [33.9148434, 47.5182536], [33.905917, 47.517558], [33.8945873, 47.515819], [33.8854893, 47.5114132], [33.8808544, 47.5017887], [33.8760196, 47.4813189]]]}}, {"type": "Feature", "properties": {"name": "Liberated 26.03", "date": "2022-09-30", "layer_type": "liberated"}, "geometry": {"type": "Polygon", "coordinates": [[[34.9758543, 50.4987774], [34.9779143, 50.5159721], [34.9713912, 50.5292869], [34.9662413, 50.5399797], [34.9789443, 50.5604856], [34.9772276, 50.5801105], [34.9737944, 50.5992914], [34.993101, 50.5988866], [35.0102569, 50.6004032], [35.0106002, 50.6112977], [34.9984123, 50.6164173], [34.9928333, 50.6236055], [34.991975, 50.6286148], [34.9906017, 50.6372709], [34.9884561, 50.6411357], [34.9814178, 50.643313], [34.964595, 50.6404826], [34.9549819, 50.6328614], [34.9451948, 50.6208281], [34.9302627, 50.6146745], [34.9359275, 50.6031271], [34.9604751, 50.5990957], [34.9611617, 50.5681406], [34.951892, 50.548947], [34.9484588, 50.5380381], [34.9553253, 50.5245075], [34.9618484, 50.510318], [34.9657647, 50.498264], [34.9718927, 50.5016114], [34.9758543, 50.4987774]]]}}, {"type": "Feature", "properties": {"name": "Liberated 27-29.03", "date": "2022-09-30", "layer_type": "liberated"}, "geometry": {"type": "Polygon", "coordinates": [[[36.8054894, 49.3628992], [36.7960234, 49.3648618], [36.7834682, 49.359892], [36.8050793, 49.3488407], [36.8020763, 49.3166269], [36.8022911, 49.2759377], [36.8108945, 49.269411], [36.8293114, 49.2550915], [36.8445597, 49.2459082], [36.8512223, 49.2432235], [36.861665, 49.2415651], [36.8722787, 49.2394013], [36.8798983, 49.2375999], [36.8815953, 49.2359104], [36.885332, 49.2315225], [36.8858069, 49.2303572], [36.8862818, 49.2262774], [36.893328, 49.2166276], [36.8988341, 49.2091007], [36.9050344, 49.1985333], [36.9043866, 49.1913081], [36.8916801, 49.181303], [36.8820652, 49.1836391], [36.8624916, 49.1887567], [36.8642985, 49.1815468], [36.8731424, 49.1770298], [36.8726279, 49.1711672], [36.881125, 49.1646447], [36.8872605, 49.158016], [36.8979885, 49.1555623], [36.9085214, 49.1619891], [36.9151711, 49.1703562], [36.920499, 49.1874478], [36.9213798, 49.1894851], [36.9235483, 49.1913543], [36.9239651, 49.1946283], [36.9266994, 49.1961074], [36.9268204, 49.1977731], [36.9257095, 49.2013499], [36.9169008, 49.2064836], [36.9091492, 49.2069192], [36.9020105, 49.2157716], [36.8955214, 49.2240103], [36.8890148, 49.2367608], [36.886627, 49.2399839], [36.8572864, 49.2459456], [36.836741, 49.2572399], [36.807866, 49.2789323], [36.810817, 49.2892255], [36.8127386, 49.2989589], [36.8129438, 49.3083564], [36.8107457, 49.3174182], [36.8127171, 49.3373359], [36.8142203, 49.3499213], [36.8312476, 49.3479793], [36.8355723, 49.3506781], [36.8380415, 49.3529439], [36.8394802, 49.3547962], [36.8703958, 49.3749831], [36.8894732, 49.3809177], [36.8383621, 49.4051672], [36.8289822, 49.4072579], [36.8256563, 49.4074254], [36.8248687, 49.3904051], [36.8209657, 49.3813117], [36.8139302, 49.3653012], [36.8054894, 49.3628992]]]}}, {"type": "Feature", "properties": {"name": "Liberated 30.03", "date": "2022-09-30", "layer_type": "liberated"}, "geometry": {"type": "Polygon", "coordinates": [[[33.0951221, 47.5616794], [33.0875311, 47.5527966], [33.112937, 47.556388], [33.1434927, 47.547467], [33.144351, 47.5344882], [33.1577405, 47.5313589], [33.1783399, 47.5209265], [33.1906677, 47.520993], [33.1914196, 47.5177318], [33.1949711, 47.5179564], [33.2000664, 47.503586], [33.2011391, 47.4878856], [33.2043583, 47.4870728], [33.2114529, 47.4441035], [33.2222105, 47.4447741], [33.2361151, 47.4461672], [33.2364155, 47.4533934], [33.2615614, 47.4589076], [33.281171, 47.4527236], [33.307486, 47.4562035], [33.308114, 47.4655738], [33.3201883, 47.4717523], [33.3226493, 47.4728325], [33.328801, 47.4719689], [33.3324418, 47.4699519], [33.3343014, 47.4677317], [33.3349207, 47.465553], [33.3476147, 47.4670674], [33.3480451, 47.4680519], [33.3474058, 47.469102], [33.346509, 47.4701811], [33.345166, 47.4707148], [33.3430933, 47.4708423], [33.3417823, 47.4717604], [33.3412383, 47.4733129], [33.3410161, 47.4748945], [33.3407027, 47.4756893], [33.3401898, 47.4761816], [33.3407069, 47.476674], [33.3382306, 47.4785659], [33.3369128, 47.4792976], [33.3368079, 47.4803807], [33.3359508, 47.480886], [33.334407, 47.4811592], [33.3315463, 47.4814351], [33.3268098, 47.4891629], [33.3149216, 47.4893794], [33.3130485, 47.4880454], [33.3077142, 47.4859863], [33.3042555, 47.4834335], [33.2901279, 47.4825611], [33.2874573, 47.4828851], [33.2827102, 47.4851352], [33.2799369, 47.4857611], [33.2783641, 47.4856368], [33.276462, 47.4841825], [33.2776142, 47.4835712], [33.2786625, 47.4818735], [33.2763975, 47.4798357], [33.2722186, 47.4789037], [33.2712883, 47.4769], [33.2720681, 47.475666], [33.2715141, 47.4739759], [33.2711734, 47.4721189], [33.2719485, 47.4700879], [33.2740134, 47.466258], [33.235489, 47.4585667], [33.2321595, 47.4669419], [33.2293869, 47.4711394], [33.2244851, 47.4727746], [33.2159878, 47.4715561], [33.2130466, 47.4865746], [33.2217009, 47.4878396], [33.2197486, 47.4961536], [33.218182, 47.504743], [33.2158859, 47.5074399], [33.2095559, 47.529467], [33.1988057, 47.528482], [33.1955011, 47.5304811], [33.1817467, 47.5287426], [33.1680782, 47.5346826], [33.1658466, 47.5405929], [33.1557186, 47.5436058], [33.152457, 47.5541495], [33.1358059, 47.559131], [33.1110866, 47.5634169], [33.0951221, 47.5616794]]]}}, {"type": "Feature", "properties": {"name": "Liberated", "date": "2022-09-30", "layer_type": "liberated"}, "geometry": {"type": "Polygon", "coordinates": [[[34.9884561, 50.6411357], [35.0094558, 50.6613179], [35.0087691, 50.6806833], [35.013919, 50.6935166], [34.9847366, 50.7554586], [34.9589873, 50.7710942], [34.9445678, 50.7812979], [34.9414779, 50.7914994], [34.950061, 50.8127635], [34.9505778, 50.8249457], [34.9316951, 50.8255963], [34.9313517, 50.8114975], [34.9272319, 50.7913181], [34.9286052, 50.7785115], [34.943368, 50.7628784], [34.966714, 50.7485435], [34.9752971, 50.7276849], [34.9912621, 50.6937004], [34.9878289, 50.6834776], [34.9881722, 50.664331], [34.964595, 50.6404826], [34.9814178, 50.643313], [34.9884561, 50.6411357]]]}}, {"type": "Feature", "properties": {"name": "Liberated 10.05", "date": "2022-09-30", "layer_type": "liberated"}, "geometry": {"type": "Polygon", "coordinates": [[[36.5779066, 50.046777], [36.7480921, 50.029576], [36.7653654, 50.0191934], [36.804874, 50.0283907], [36.8004966, 50.0377632], [36.7982866, 50.0511298], [36.7999816, 50.0518187], [36.8007671, 50.0685269], [36.7980844, 50.0723227], [36.8030978, 50.0763408], [36.8039922, 50.0827824], [36.7985706, 50.0844295], [36.7976834, 50.109753], [36.8103341, 50.1156922], [36.8112616, 50.1258127], [36.8144645, 50.1511132], [36.8153907, 50.1523568], [36.8172271, 50.1517137], [36.8190635, 50.1523904], [36.8195426, 50.1536676], [36.8045352, 50.1611711], [36.7718978, 50.1607468], [36.752136, 50.1542719], [36.7048488, 50.1783521], [36.6797425, 50.1795928], [36.6495489, 50.1756785], [36.6073518, 50.1604745], [36.5548751, 50.148294], [36.5487057, 50.1420142], [36.4924572, 50.1496148], [36.4179366, 50.143609], [36.3832613, 50.1502803], [36.3441985, 50.1685107], [36.3021885, 50.1838128], [36.2857077, 50.1861163], [36.2816736, 50.1878748], [36.2717357, 50.184419], [36.2588006, 50.181573], [36.218685, 50.1844612], [36.2158633, 50.1795012], [36.2197423, 50.1543644], [36.231807, 50.1518043], [36.2356302, 50.1439638], [36.2500395, 50.1291796], [36.3433078, 50.0860291], [36.3315575, 50.0768013], [36.3673919, 50.0446498], [36.4269856, 50.0153275], [36.465936, 50.0018671], [36.484806, 49.9887413], [36.4844358, 49.9288076], [36.5019453, 49.9296916], [36.5549859, 49.9997175], [36.5779066, 50.046777]]]}}, {"type": "Feature", "properties": {"name": "Liberated", "date": "2022-09-30", "layer_type": "liberated"}, "geometry": {"type": "Polygon", "coordinates": [[[35.1776178, 50.3320353], [35.2290408, 50.3295554], [35.2578799, 50.3356917], [35.2791659, 50.331747], [35.3231112, 50.339636], [35.3567569, 50.3497145], [35.3979556, 50.3484001], [35.4748599, 50.3991995], [35.5030124, 50.4114533], [35.5117643, 50.4210858], [35.5482449, 50.4219629], [35.5663118, 50.4209754], [35.5833499, 50.425235], [35.5833498, 50.4299635], [35.5872122, 50.4310711], [35.5866973, 50.4370447], [35.5591411, 50.4268545], [35.5462659, 50.4291276], [35.5078182, 50.4271032], [35.5014679, 50.4337143], [35.492026, 50.4377007], [35.4693667, 50.4473211], [35.4325425, 50.4448095], [35.41701, 50.436826], [35.4095916, 50.4382744], [35.3985679, 50.4458443], [35.3785719, 50.4666629], [35.3528086, 50.4884046], [35.3965823, 50.5586878], [35.3693991, 50.6069855], [35.3323202, 50.643576], [35.3137808, 50.6670834], [35.319274, 50.6975385], [35.2953363, 50.7103787], [35.3641726, 50.7028776], [35.3782488, 50.6955928], [35.3864885, 50.6858054], [35.402453, 50.6788443], [35.4084612, 50.6831951], [35.4101778, 50.6935267], [35.4091478, 50.7001595], [35.4182459, 50.7014642], [35.425284, 50.6947229], [35.4304338, 50.6896119], [35.4426218, 50.6870018], [35.4597879, 50.6887418], [35.4601313, 50.6921131], [35.4606463, 50.7018991], [35.4565264, 50.7041822], [35.4560114, 50.7101613], [35.446055, 50.7063565], [35.4433085, 50.6966802], [35.4355837, 50.6964627], [35.4323221, 50.7030951], [35.4254557, 50.7086394], [35.3569628, 50.7138571], [35.2903582, 50.7278766], [35.2783419, 50.7278766], [35.2675272, 50.724834], [35.2644373, 50.7348305], [35.2728487, 50.7523193], [35.2733841, 50.7607443], [35.288662, 50.7619387], [35.2960434, 50.7663904], [35.2890053, 50.7729044], [35.2793923, 50.7789832], [35.2666893, 50.7820223], [35.2690926, 50.7901619], [35.2902069, 50.7903789], [35.3115407, 50.7932331], [35.3305951, 50.7933416], [35.3506795, 50.7932331], [35.3644124, 50.7938841], [35.3872434, 50.7942097], [35.4016629, 50.7955117], [35.4074994, 50.7987668], [35.3939382, 50.8026726], [35.3893033, 50.8110254], [35.4117909, 50.8118932], [35.4140225, 50.8186177], [35.387415, 50.8178585], [35.3510228, 50.8245822], [35.323557, 50.8440969], [35.3066397, 50.8407818], [35.2920485, 50.8352531], [35.2860403, 50.8349278], [35.2839804, 50.8424078], [35.2795172, 50.8514038], [35.2819204, 50.8583394], [35.2894735, 50.8621318], [35.2908468, 50.8686324], [35.2838087, 50.8701491], [35.2762556, 50.8676573], [35.2693892, 50.867549], [35.2669859, 50.8702574], [35.2747107, 50.8737239], [35.2874136, 50.8740488], [35.3004599, 50.8783816], [35.3183127, 50.8769735], [35.3275824, 50.8761069], [35.3456068, 50.8837969], [35.3543615, 50.8873707], [35.362773, 50.8901862], [35.3660345, 50.8935429], [35.3626013, 50.9000391], [35.35213, 50.9062097], [35.3383795, 50.9176134], [35.3232733, 50.9137173], [35.3301398, 50.9009443], [35.3370063, 50.891633], [35.3208701, 50.8853522], [35.3019873, 50.8875181], [35.2892844, 50.8868683], [35.2717749, 50.8868683], [35.2528922, 50.8853522], [35.2316062, 50.8851356], [35.2223365, 50.8847024], [35.1969306, 50.905924], [35.1783911, 50.9191285], [35.1557318, 50.9139338], [35.1485221, 50.8996452], [35.1474921, 50.884919], [35.1419989, 50.8680215], [35.1251761, 50.854369], [35.0987403, 50.8487335], [35.0843207, 50.8385445], [35.0456698, 50.842376], [35.0206072, 50.8384736], [34.994858, 50.8399912], [34.9697955, 50.8326193], [34.951256, 50.8382567], [34.93203, 50.8365222], [34.9316951, 50.8255963], [34.9505778, 50.8249457], [34.962929, 50.8235112], [34.9818118, 50.8245956], [35.0010378, 50.8241618], [35.0202639, 50.8230774], [35.0436099, 50.8235112], [35.0789721, 50.8235112], [35.0896151, 50.8135336], [35.1170809, 50.8044218], [35.1474712, 50.7953413], [35.1456688, 50.7697256], [35.1485802, 50.7495329], [35.1554554, 50.7331851], [35.1540829, 50.7254987], [35.1540813, 50.7171999], [35.1459991, 50.7093826], [35.1310526, 50.7083036], [35.1274243, 50.7076672], [35.1222521, 50.7059978], [35.1201703, 50.7024802], [35.1190955, 50.698219], [35.1187927, 50.6918379], [35.1214453, 50.6898081], [35.1270217, 50.6888927], [35.1331131, 50.6890645], [35.1429423, 50.6885596], [35.1493376, 50.6852265], [35.1645278, 50.6766007], [35.1719012, 50.6678322], [35.1777171, 50.6613916], [35.1924397, 50.6523873], [35.1943852, 50.6453325], [35.2052557, 50.642196], [35.2249323, 50.6367914], [35.2223946, 50.6168385], [35.2189614, 50.6074704], [35.2175881, 50.5913443], [35.1866891, 50.5590756], [35.1608285, 50.5459795], [35.1189432, 50.5420523], [35.0990304, 50.5472885], [35.0365457, 50.5307053], [35.0152597, 50.5158628], [34.9809991, 50.4949988], [34.9929186, 50.4801327], [35.0125131, 50.4787361], [35.0255594, 50.4717442], [35.0454721, 50.4726183], [35.0543985, 50.4826685], [35.080491, 50.4778621], [35.1113901, 50.4734923], [35.1319894, 50.4678109], [35.1512155, 50.4599432], [35.1718149, 50.4507625], [35.1931009, 50.442892], [35.1971359, 50.436168], [35.2066621, 50.4294435], [35.1898393, 50.4167021], [35.1759761, 50.4065829], [35.1617727, 50.399143], [35.1492398, 50.3981853], [35.1378243, 50.3960232], [35.1412151, 50.3890598], [35.1352716, 50.3869462], [35.1349933, 50.3835192], [35.1452074, 50.3805375], [35.1424192, 50.3734743], [35.1435673, 50.3700936], [35.1416255, 50.366056], [35.1437501, 50.362908], [35.146003, 50.3603897], [35.151174, 50.359514], [35.157567, 50.3544226], [35.1580222, 50.3507847], [35.1594759, 50.342432], [35.163185, 50.3425848], [35.1667655, 50.3428836], [35.1663579, 50.3463807], [35.1654783, 50.3495025], [35.164727, 50.3547328], [35.1639924, 50.3582684], [35.1609832, 50.3597776], [35.1570725, 50.3627651], [35.1570241, 50.3636172], [35.1597489, 50.3649449], [35.1594379, 50.3672784], [35.1583544, 50.3686265], [35.1569165, 50.3699813], [35.1521957, 50.3710216], [35.1578606, 50.3800538], [35.1760138, 50.3923399], [35.2055396, 50.4098469], [35.2345503, 50.4313934], [35.2443351, 50.4424363], [35.2827872, 50.4514], [35.3217543, 50.4747849], [35.3342855, 50.4849441], [35.3451003, 50.4758774], [35.3576316, 50.4656072], [35.3723944, 50.453586], [35.3847541, 50.4409058], [35.3741111, 50.4317215], [35.3679312, 50.4240665], [35.3778876, 50.4194729], [35.387844, 50.4175041], [35.387844, 50.410722], [35.3864707, 50.3980304], [35.3888739, 50.3870865], [35.3916205, 50.3739506], [35.3909339, 50.3647533], [35.3555716, 50.3654103], [35.3253592, 50.3638773], [35.3143729, 50.3564304], [35.2886237, 50.3476678], [35.2673377, 50.3489823], [35.2350653, 50.3452579], [35.2055396, 50.3419713], [35.1761318, 50.343452], [35.1776178, 50.3320353]]]}}, {"type": "Feature", "properties": {"name": "Liberated 05.04", "date": "2022-09-30", "layer_type": "liberated"}, "geometry": {"type": "Polygon", "coordinates": [[[33.689715, 47.4498768], [33.6537543, 47.4481637], [33.6365859, 47.4698393], [33.6275343, 47.4792694], [33.5681773, 47.5622438], [33.4944508, 47.5539001], [33.4836429, 47.5440707], [33.4592796, 47.5275216], [33.4914971, 47.519381], [33.5010935, 47.5115069], [33.5141124, 47.5058632], [33.5400554, 47.5076508], [33.5601605, 47.5027082], [33.5787937, 47.5013026], [33.587617, 47.4940255], [33.5933901, 47.4817903], [33.6011116, 47.4636318], [33.6146149, 47.4497577], [33.6340199, 47.4392032], [33.7212299, 47.4308333], [33.7050786, 47.4512698], [33.689715, 47.4498768]]]}}, {"type": "Feature", "properties": {"name": "Liberated 16.04", "date": "2022-09-30", "layer_type": "liberated"}, "geometry": {"type": "Polygon", "coordinates": [[[36.8927814, 49.7995755], [36.9246422, 49.7899968], [37.0070401, 49.8300984], [37.0039222, 49.8424104], [36.9856275, 49.8334502], [36.977347, 49.8358304], [36.8983152, 49.8121701], [36.8895397, 49.8053192], [36.8927814, 49.7995755]]]}}, {"type": "Feature", "properties": {"name": "Liberated", "date": "2022-09-30", "layer_type": "liberated"}, "geometry": {"type": "Polygon", "coordinates": [[[37.5218536, 47.94582], [37.5144738, 47.9495584], [37.506703, 47.9456049], [37.4981632, 47.9351826], [37.5095584, 47.9326668], [37.5143006, 47.9351794], [37.5218536, 47.94582]]]}}, {"type": "Feature", "properties": {"name": "Liberated", "date": "2022-09-30", "layer_type": "liberated"}, "geometry": {"type": "Polygon", "coordinates": [[[36.4844358, 49.9288076], [36.4839776, 49.9089439], [36.4844005, 49.9011872], [36.5057638, 49.897078], [36.5851256, 49.8773939], [36.5828146, 49.8698789], [36.5822212, 49.8599853], [36.610551, 49.8547093], [36.6126321, 49.8546005], [36.6152285, 49.862128], [36.6185979, 49.8725311], [36.6254868, 49.8698783], [36.6356789, 49.8618999], [36.6470585, 49.8547408], [36.6649965, 49.8461624], [36.6740515, 49.8401574], [36.6787852, 49.8290105], [36.6699625, 49.8282597], [36.6498051, 49.8230773], [36.6538338, 49.819353], [36.6588925, 49.8209446], [36.6710699, 49.822801], [36.6775729, 49.8176525], [36.6850872, 49.8197601], [36.6918786, 49.8253045], [36.7020278, 49.8168985], [36.7085964, 49.8222372], [36.7224176, 49.8120877], [36.7191576, 49.8059655], [36.7064548, 49.7990397], [36.690662, 49.7953829], [36.695467, 49.790285], [36.7201862, 49.7947177], [36.7307308, 49.8022533], [36.7337723, 49.8074608], [36.741449, 49.8053559], [36.7633276, 49.7909599], [36.7999879, 49.7796634], [36.8041522, 49.7769277], [36.7949275, 49.7690927], [36.7909822, 49.7618187], [36.7939865, 49.7597576], [36.7975056, 49.75814], [36.7987503, 49.7580652], [36.8264801, 49.7742571], [36.8424327, 49.7665284], [36.8459974, 49.7643845], [36.8501831, 49.7670824], [36.8475025, 49.770002], [36.8425359, 49.7730685], [36.8290022, 49.7835063], [36.8292836, 49.7883853], [36.8234275, 49.7942334], [36.8169531, 49.7973297], [36.8147673, 49.7952071], [36.814856, 49.7935001], [36.8189877, 49.7875307], [36.777873, 49.7982005], [36.7611318, 49.8106783], [36.7475705, 49.8187643], [36.740518, 49.8263077], [36.7172935, 49.843858], [36.7031724, 49.8464545], [36.7061689, 49.8527543], [36.7312535, 49.8687615], [36.7494472, 49.8765797], [36.7806896, 49.8708269], [36.799229, 49.8661798], [36.8397411, 49.8579911], [36.855534, 49.8559991], [36.8816265, 49.8571058], [36.9128689, 49.8553351], [36.9269451, 49.8551137], [36.941708, 49.8568845], [36.9626507, 49.8655159], [36.972607, 49.8750309], [36.9777568, 49.8821106], [36.962994, 49.8843228], [36.9475445, 49.8812257], [36.9163021, 49.8852077], [36.9039425, 49.8801196], [36.9032558, 49.870163], [36.8943294, 49.8661798], [36.8737301, 49.867065], [36.855534, 49.8661798], [36.8064388, 49.8759159], [36.7820629, 49.8827743], [36.7552837, 49.8927282], [36.724213, 49.8888022], [36.7099652, 49.8818341], [36.7068752, 49.8779072], [36.7009602, 49.8647004], [36.6901457, 49.8483218], [36.6818208, 49.8474356], [36.6710911, 49.8509777], [36.6520356, 49.8599431], [36.6410656, 49.8657607], [36.634501, 49.8699418], [36.6296537, 49.8729932], [36.6240333, 49.8752698], [36.6165744, 49.8778258], [36.6126341, 49.881377], [36.6123057, 49.887705], [36.6071853, 49.8886371], [36.6084184, 49.8940826], [36.612227, 49.8984219], [36.6174092, 49.9034801], [36.6177855, 49.9085382], [36.6028894, 49.9079296], [36.5990354, 49.907376], [36.5909762, 49.9019022], [36.5855022, 49.8953765], [36.5795574, 49.8890156], [36.5730663, 49.8888208], [36.567605, 49.8905059], [36.5607205, 49.8922059], [36.5548661, 49.8901455], [36.5448731, 49.893323], [36.5196472, 49.90089], [36.5018018, 49.9120383], [36.5019453, 49.9296916], [36.4844358, 49.9288076]]]}}, {"type": "Feature", "properties": {"name": "Liberated", "date": "2022-09-30", "layer_type": "liberated"}, "geometry": {"type": "Polygon", "coordinates": [[[32.0866005, 46.684462], [32.1017909, 46.7154142], [32.1462516, 46.7063019], [32.165821, 46.7021817], [32.1688604, 46.7238768], [32.170577, 46.7457602], [32.2175168, 46.7496435], [32.2449066, 46.7704252], [32.2435333, 46.7860604], [32.1864469, 46.7969531], [32.1539092, 46.80802], [32.1096031, 46.7896389], [31.9643776, 46.7724764], [31.9420616, 46.7444874], [31.9746772, 46.7105989], [31.9667808, 46.6823422], [31.9781105, 46.6568985], [32.0023148, 46.6407544], [32.0112411, 46.6338003], [32.0224445, 46.6258715], [32.0367352, 46.6228926], [32.0423118, 46.6408722], [32.0626179, 46.6488548], [32.0866005, 46.684462]]]}}, {"type": "Feature", "properties": {"name": "Liberated", "date": "2022-09-30", "layer_type": "liberated"}, "geometry": {"type": "Polygon", "coordinates": [[[33.2222105, 47.4447741], [33.2114529, 47.4441035], [33.2127964, 47.4350092], [33.2185443, 47.4117249], [33.198015, 47.3730194], [33.1919693, 47.3570351], [33.175629, 47.3491896], [33.1735093, 47.3433898], [33.1847784, 47.3401488], [33.1995625, 47.3391393], [33.2066141, 47.343229], [33.2141816, 47.3454572], [33.2206536, 47.3518584], [33.2233509, 47.3657023], [33.2441219, 47.4119572], [33.2361151, 47.4461672], [33.2222105, 47.4447741]]]}}, {"type": "Feature", "properties": {"name": "Liberated", "date": "2022-09-30", "layer_type": "liberated"}, "geometry": {"type": "Polygon", "coordinates": [[[32.4649078, 47.0749148], [32.4612704, 47.0748221], [32.4511127, 47.0673645], [32.4541448, 47.0501117], [32.4585676, 47.0380601], [32.4667372, 47.0330282], [32.5199405, 47.044387], [32.5649619, 47.0524187], [32.6389928, 47.0657219], [32.6735537, 47.0678401], [32.7181719, 47.068209], [32.7616162, 47.0823217], [32.7796722, 47.0987641], [32.7183015, 47.1010966], [32.6848655, 47.0975182], [32.683837, 47.1048219], [32.6625492, 47.1019594], [32.6592871, 47.099154], [32.6600598, 47.0960574], [32.6535373, 47.0948304], [32.4649078, 47.0749148]]]}}, {"type": "Feature", "properties": {"name": "Liberated 31.03", "date": "2022-09-30", "layer_type": "liberated"}, "geometry": {"type": "Polygon", "coordinates": [[[31.6633791, 50.6073872], [31.6547897, 50.5983703], [31.656163, 50.5918321], [31.6630294, 50.585729], [31.675389, 50.5783169], [31.6925552, 50.584857], [31.7241409, 50.6031644], [31.7708328, 50.6301766], [31.8394973, 50.6506433], [31.8635299, 50.6758877], [31.9122817, 50.6919848], [31.9596603, 50.6963344], [32.0036056, 50.7072067], [32.033818, 50.7206848], [32.0894363, 50.7502362], [32.1436813, 50.7867151], [32.1347549, 50.7975665], [32.125048, 50.8071984], [32.1354881, 50.8280245], [32.0257862, 50.9230114], [32.1233324, 50.9285058], [32.1126909, 50.9484019], [31.9215342, 50.9667243], [31.8965111, 50.9633229], [31.9117328, 50.9345743], [31.9609863, 50.8880251], [31.8705912, 50.8617302], [31.8801733, 50.8224193], [31.9061862, 50.8145636], [31.9322016, 50.8266568], [31.9901185, 50.8564529], [32.0353299, 50.8471867], [32.0715835, 50.820563], [32.0097854, 50.7628334], [31.9610336, 50.7350283], [31.8971755, 50.7198154], [31.8326309, 50.7006836], [31.807225, 50.6719713], [31.7735794, 50.6593498], [31.6932418, 50.6188508], [31.6739599, 50.610871], [31.6633791, 50.6073872]]]}}, {"type": "Feature", "properties": {"name": "Liberated 23.06", "date": "2022-09-30", "layer_type": "liberated"}, "geometry": {"type": "Polygon", "coordinates": [[[37.1201956, 47.7533039], [37.1020021, 47.7446641], [37.1039627, 47.7140795], [37.1667805, 47.7171958], [37.1861162, 47.741201], [37.2556364, 47.7287154], [37.2572126, 47.7325636], [37.249171, 47.7553239], [37.2335703, 47.7591544], [37.2105677, 47.7642317], [37.1559793, 47.7704623], [37.1201956, 47.7533039]]]}}, {"type": "Feature", "properties": {"name": "Liberated", "date": "2022-09-30", "layer_type": "liberated"}, "geometry": {"type": "Polygon", "coordinates": [[[35.5065103, 47.5136471], [35.5593185, 47.5212867], [35.5663317, 47.5307236], [35.5598087, 47.5552896], [35.5354226, 47.5511038], [35.4509829, 47.5444423], [35.4521733, 47.5336851], [35.4443467, 47.5277912], [35.4345108, 47.5141379], [35.4549898, 47.5104016], [35.5065103, 47.5136471]]]}}, {"type": "Feature", "properties": {"name": "Liberated", "date": "2022-09-30", "layer_type": "liberated"}, "geometry": {"type": "Polygon", "coordinates": [[[34.949471, 50.3517731], [34.9414146, 50.3433546], [34.9341068, 50.3302507], [34.9368535, 50.3175375], [34.9430333, 50.3076715], [34.9883519, 50.3074523], [35.0374469, 50.3085486], [35.0686893, 50.3206066], [35.0989016, 50.3256482], [35.1363238, 50.3291551], [35.1776178, 50.3320353], [35.1761318, 50.343452], [35.1667655, 50.3428836], [35.163185, 50.3425848], [35.1594759, 50.342432], [35.1503436, 50.3408938], [35.1436146, 50.3406147], [35.1390293, 50.343046], [35.135534, 50.349958], [35.1300086, 50.3527024], [35.1293909, 50.3590578], [35.1225155, 50.3646448], [35.1207079, 50.3671234], [35.1202547, 50.3687869], [35.1195439, 50.3695198], [35.1202302, 50.3707428], [35.1195004, 50.3734987], [35.1138347, 50.3756436], [35.1062788, 50.3743662], [35.1016865, 50.3694015], [35.0874185, 50.3663712], [35.0694104, 50.3648876], [35.0630759, 50.3637313], [35.0492056, 50.3640448], [35.0230067, 50.3711837], [35.0296447, 50.3797343], [35.0295893, 50.3916782], [35.0243848, 50.3933694], [35.0139743, 50.3888694], [35.0125559, 50.3754865], [34.9844893, 50.3720927], [34.949471, 50.3517731]]]}}, {"type": "Feature", "properties": {"name": "Occupied", "date": "2022-09-30", "layer_type": "russian_occupied"}, "geometry": {"type": "Polygon", "coordinates": [[[37.5585462, 47.986451], [37.5496206, 47.9973638], [37.556143, 48.0098553], [37.5483099, 48.0072067], [37.5432675, 47.9983549], [37.5431833, 47.9954397], [37.5482479, 47.9864508], [37.548504, 47.9792696], [37.5585462, 47.986451]]]}}, {"type": "Feature", "properties": {"name": "Liberated", "date": "2022-09-30", "layer_type": "liberated"}, "geometry": {"type": "Polygon", "coordinates": [[[34.4979046, 50.5454709], [34.5046587, 50.5606354], [34.5100833, 50.5636146], [34.5046928, 50.566037], [34.5029678, 50.5626177], [34.4975619, 50.5483928], [34.4963296, 50.5469742], [34.4975556, 50.5433733], [34.5013759, 50.5372907], [34.4984048, 50.5346341], [34.4947678, 50.5308528], [34.4904549, 50.5278315], [34.4845057, 50.5242796], [34.4777324, 50.5218985], [34.4750306, 50.5207165], [34.4767696, 50.5184338], [34.4789318, 50.5140359], [34.477867, 50.5113728], [34.4771931, 50.5083872], [34.4757157, 50.5063717], [34.474252, 50.5021283], [34.4768773, 50.5017904], [34.4787873, 50.506485], [34.4807504, 50.5131854], [34.4776503, 50.5201894], [34.4825463, 50.5219729], [34.488655, 50.5242498], [34.4916028, 50.5266208], [34.4954116, 50.529557], [34.498888, 50.5331168], [34.5033518, 50.5366898], [34.5001564, 50.5420757], [34.4979046, 50.5454709]]]}}, {"type": "Feature", "properties": {"name": "Liberated", "date": "2022-09-30", "layer_type": "liberated"}, "geometry": {"type": "Polygon", "coordinates": [[[33.1503344, 47.3037415], [33.0962683, 47.2355339], [33.0940611, 47.2262445], [33.0888087, 47.2239539], [33.087333, 47.223237], [33.0861412, 47.2229983], [33.0852511, 47.2225042], [33.0834598, 47.2211648], [33.0819261, 47.2205833], [33.0807357, 47.2205263], [33.0792771, 47.2204911], [33.077561, 47.2210097], [33.0735166, 47.2233282], [33.0725029, 47.2236494], [33.0715751, 47.2234314], [33.0711837, 47.2230895], [33.0710284, 47.2225582], [33.0719879, 47.2211112], [33.0725714, 47.2206687], [33.0742104, 47.2198711], [33.0747846, 47.2192961], [33.0750369, 47.2185389], [33.0748627, 47.2182404], [33.0745597, 47.2180294], [33.0743265, 47.217771], [33.07375, 47.2176292], [33.0717816, 47.2175205], [33.0709397, 47.2177398], [33.0674155, 47.2200722], [33.0669261, 47.2204148], [33.0663079, 47.2204368], [33.0654577, 47.2202768], [33.0648733, 47.2195778], [33.0647343, 47.2190834], [33.0652361, 47.2178411], [33.0651799, 47.2167445], [33.0641379, 47.2156424], [33.0639757, 47.2147589], [33.0644238, 47.213983], [33.0655775, 47.2132109], [33.0658299, 47.212541], [33.0652189, 47.2108221], [33.0652192, 47.2102232], [33.0653697, 47.2097627], [33.0658662, 47.2090089], [33.0664846, 47.2081893], [33.0670279, 47.2075518], [33.0671851, 47.2070331], [33.0671437, 47.2066492], [33.0670289, 47.2062933], [33.0666271, 47.2058134], [33.0660787, 47.2053061], [33.0658521, 47.2050284], [33.0657549, 47.2049129], [33.0655289, 47.2044148], [33.0655276, 47.2042094], [33.0655733, 47.2039299], [33.0660321, 47.2029162], [33.0662361, 47.2025293], [33.0663464, 47.2019925], [33.0663386, 47.2017345], [33.0661703, 47.2012736], [33.0659976, 47.2010614], [33.0657021, 47.2008515], [33.0673967, 47.2007253], [33.1036184, 47.1954999], [33.1183837, 47.2015819], [33.1223319, 47.2032147], [33.1238724, 47.2024624], [33.1268517, 47.2032603], [33.1275995, 47.2031834], [33.1284942, 47.2026214], [33.1306269, 47.2028387], [33.1318025, 47.2032732], [33.1336387, 47.2049586], [33.1342215, 47.2057635], [33.135902, 47.2058572], [33.1365198, 47.2055504], [33.1376096, 47.2057392], [33.1391885, 47.2071663], [33.1396856, 47.208038], [33.1407657, 47.2083821], [33.1417242, 47.2084289], [33.1429547, 47.2098051], [33.1428385, 47.2107779], [33.1424648, 47.2111385], [33.1367392, 47.2124427], [33.1354159, 47.2127188], [33.1340566, 47.2132711], [33.1294018, 47.219283], [33.1285236, 47.22066], [33.1277112, 47.2224231], [33.1271164, 47.2257743], [33.1266993, 47.2288044], [33.1267233, 47.2298521], [33.1273722, 47.2309567], [33.1329539, 47.2330091], [33.1388362, 47.2314476], [33.1409875, 47.2305393], [33.1422859, 47.2301213], [33.147801, 47.2305089], [33.1488751, 47.2309925], [33.1503369, 47.232659], [33.1507717, 47.233544], [33.1514699, 47.2342068], [33.1526946, 47.2346578], [33.1564319, 47.2356179], [33.1591001, 47.2356144], [33.1617506, 47.236379], [33.162899, 47.2359781], [33.1626209, 47.2355843], [33.1593182, 47.2344469], [33.1584635, 47.2326383], [33.1601872, 47.2313524], [33.1638561, 47.2316217], [33.1661947, 47.2341056], [33.166752, 47.2341779], [33.1679523, 47.2333899], [33.1730138, 47.2336204], [33.1751549, 47.2368787], [33.1763474, 47.2378006], [33.1777024, 47.2375463], [33.1787817, 47.2369211], [33.1799102, 47.2366613], [33.1821674, 47.2370155], [33.184193, 47.2380154], [33.1846394, 47.238966], [33.1846747, 47.2416832], [33.1850887, 47.242689], [33.1856594, 47.2432437], [33.1860285, 47.2437705], [33.1864235, 47.2441831], [33.1867845, 47.2439594], [33.1868195, 47.2433371], [33.1873184, 47.2427334], [33.1896039, 47.2419918], [33.1916859, 47.2420817], [33.1929319, 47.2425526], [33.1952531, 47.2448346], [33.1953467, 47.2455527], [33.1949842, 47.246461], [33.1938921, 47.247311], [33.192137, 47.24837], [33.191545, 47.2491481], [33.1914768, 47.2497719], [33.192027, 47.2500875], [33.1932992, 47.2500194], [33.1958436, 47.2496502], [33.1979285, 47.2499022], [33.1996092, 47.2508141], [33.2001383, 47.2515309], [33.1999091, 47.2523238], [33.197734, 47.253793], [33.1969886, 47.254576], [33.1964418, 47.2555596], [33.1955199, 47.2565946], [33.1944486, 47.2572667], [33.1939994, 47.2574145], [33.1939365, 47.2576788], [33.1937706, 47.261183], [33.1941256, 47.262075], [33.195949, 47.2633033], [33.1976866, 47.264124], [33.1981579, 47.2646294], [33.1981564, 47.2665139], [33.1984968, 47.2682445], [33.2010704, 47.2721237], [33.2022708, 47.2733239], [33.204157, 47.2763649], [33.2050921, 47.2773475], [33.2076707, 47.2792759], [33.2088334, 47.280651], [33.2096138, 47.2819455], [33.2095439, 47.2830789], [33.2091467, 47.2834243], [33.2099512, 47.2840899], [33.2110132, 47.2846391], [33.2119139, 47.285089], [33.2136297, 47.2858142], [33.2144866, 47.2866823], [33.2162865, 47.2877782], [33.2202302, 47.289504], [33.2247711, 47.2909177], [33.2267182, 47.2913929], [33.2282363, 47.291344], [33.228955, 47.2920612], [33.2298219, 47.2923657], [33.2309892, 47.292088], [33.2316929, 47.29031], [33.2318987, 47.2895484], [33.2327394, 47.2888402], [33.2388686, 47.2888606], [33.2399767, 47.2886772], [33.2428793, 47.2868548], [33.2472251, 47.286179], [33.2492219, 47.286574], [33.2497823, 47.2863742], [33.2567091, 47.2866102], [33.2598792, 47.287077], [33.2611181, 47.287602], [33.2617076, 47.2881863], [33.2630583, 47.2878992], [33.2639996, 47.2879307], [33.2677305, 47.2906694], [33.2689266, 47.2916639], [33.2698599, 47.2922556], [33.2718124, 47.2930314], [33.2737435, 47.2949905], [33.2746019, 47.2959981], [33.275515, 47.2973833], [33.2757415, 47.2991176], [33.2750786, 47.300549], [33.2749546, 47.3011416], [33.2752216, 47.3030255], [33.275584, 47.3041741], [33.2757167, 47.3058665], [33.2746907, 47.3065405], [33.2740977, 47.30719], [33.2707659, 47.3074413], [33.2698529, 47.307653], [33.2672266, 47.3077569], [33.2623259, 47.3058237], [33.2583611, 47.3055656], [33.2557053, 47.3062096], [33.2505173, 47.3067951], [33.2465828, 47.3076708], [33.2449654, 47.3086628], [33.2418466, 47.3094399], [33.2381269, 47.3114973], [33.236438, 47.3128186], [33.235549, 47.3143846], [33.2353159, 47.3152473], [33.2343345, 47.3167981], [33.2331342, 47.3204733], [33.2334787, 47.3216467], [33.2343395, 47.3221898], [33.2377085, 47.3231949], [33.2406487, 47.3246943], [33.2424941, 47.3259673], [33.2454554, 47.3281129], [33.2468292, 47.3301352], [33.2488903, 47.3321436], [33.2508438, 47.3336067], [33.2520679, 47.3341682], [33.2537438, 47.3348257], [33.25495, 47.3348716], [33.2561561, 47.3345975], [33.2567659, 47.3342239], [33.2607404, 47.3308085], [33.2623112, 47.3295455], [33.2649416, 47.3281319], [33.2668424, 47.3272418], [33.2793478, 47.3223677], [33.2853725, 47.3210714], [33.2869505, 47.3210389], [33.2893323, 47.322101], [33.290255, 47.3221741], [33.2915854, 47.3217965], [33.293817, 47.3215068], [33.2962204, 47.3219746], [33.2975081, 47.3227356], [33.2981954, 47.3235012], [33.299055, 47.3239851], [33.2990424, 47.325272], [33.2976994, 47.3265006], [33.296602, 47.3272986], [33.297618, 47.3279582], [33.2990634, 47.3281961], [33.299524, 47.3285337], [33.3002936, 47.3285745], [33.3010632, 47.3296915], [33.3009716, 47.3305293], [33.3010061, 47.331521], [33.2996673, 47.3330072], [33.2981913, 47.3336526], [33.2969558, 47.3342454], [33.2951715, 47.3354311], [33.2909159, 47.3375697], [33.2890134, 47.3386477], [33.287783, 47.3397567], [33.2865541, 47.342321], [33.2861562, 47.3434366], [33.2851887, 47.3440973], [33.284627, 47.3450116], [33.2846189, 47.3454928], [33.2852974, 47.3460321], [33.2882855, 47.3476921], [33.2906568, 47.3488023], [33.2915371, 47.3495107], [33.2921821, 47.3510437], [33.2920119, 47.3522424], [33.2914917, 47.3529629], [33.289727, 47.3539159], [33.2892875, 47.3546881], [33.2902107, 47.3573371], [33.292105, 47.3603882], [33.2907315, 47.3606497], [33.282159, 47.3614029], [33.2482863, 47.3474361], [33.2206536, 47.3518584], [33.2141816, 47.3454572], [33.2066141, 47.343229], [33.1995625, 47.3391393], [33.1847784, 47.3401488], [33.1503344, 47.3037415]]]}}, {"type": "Feature", "properties": {"name": "Liberated 22.05", "date": "2022-09-30", "layer_type": "liberated"}, "geometry": {"type": "Polygon", "coordinates": [[[36.6132781, 47.7920931], [36.6109799, 47.7859806], [36.6458458, 47.7903034], [36.6356319, 47.7948876], [36.6373485, 47.8204823], [36.6146888, 47.8182931], [36.6085094, 47.8176006], [36.6132781, 47.7920931]]]}}, {"type": "Feature", "properties": {"name": "Liberated 26.03-31.03", "date": "2022-09-30", "layer_type": "liberated"}, "geometry": {"type": "Polygon", "coordinates": [[[36.5552546, 47.6730363], [36.5460223, 47.674954], [36.5121678, 47.6877476], [36.4941161, 47.6930595], [36.4943452, 47.7001039], [36.4981495, 47.7103794], [36.5091636, 47.7119921], [36.5057589, 47.7215742], [36.4908498, 47.7268681], [36.484524, 47.7207865], [36.4754509, 47.723279], [36.4727286, 47.7269837], [36.4661463, 47.7250577], [36.4612812, 47.7220921], [36.4714366, 47.714854], [36.4843356, 47.7088853], [36.4825898, 47.6962557], [36.4732921, 47.6974895], [36.4052703, 47.6904701], [36.4027763, 47.6956102], [36.4005331, 47.6982632], [36.3936447, 47.6975586], [36.3898268, 47.6952239], [36.3873441, 47.6921713], [36.3823817, 47.6897616], [36.3752066, 47.6881746], [36.3402703, 47.6835955], [36.3277293, 47.6878332], [36.3199137, 47.6886797], [36.3107357, 47.687543], [36.308291, 47.6848526], [36.3115108, 47.6811221], [36.3143446, 47.6781688], [36.3186379, 47.6743428], [36.3808378, 47.6801962], [36.3848387, 47.661069], [36.379451, 47.6605004], [36.3748549, 47.6591333], [36.3735575, 47.6563998], [36.3764534, 47.6532446], [36.381899, 47.6504016], [36.3893557, 47.650495], [36.4002608, 47.6533323], [36.4022818, 47.6559053], [36.4020917, 47.6596195], [36.3995947, 47.6621703], [36.394914, 47.6633305], [36.3937757, 47.6662236], [36.3940661, 47.6696354], [36.4065723, 47.6699539], [36.41231, 47.6717293], [36.4148359, 47.6748122], [36.4160996, 47.6773933], [36.4167322, 47.6803015], [36.4175643, 47.6832576], [36.4214144, 47.6849663], [36.4324375, 47.6860511], [36.4412097, 47.6876321], [36.4510881, 47.6885371], [36.4563696, 47.682864], [36.4598672, 47.6773694], [36.4614435, 47.6740442], [36.459828, 47.6709946], [36.4586768, 47.6675048], [36.4608474, 47.6642571], [36.4698288, 47.6640204], [36.4764064, 47.6648236], [36.4847347, 47.6658497], [36.4901447, 47.6676836], [36.4898722, 47.6733825], [36.4892212, 47.6791216], [36.4880376, 47.6845337], [36.488991, 47.6886262], [36.494961, 47.6878991], [36.5005874, 47.6862472], [36.5110591, 47.6833837], [36.5301126, 47.6756636], [36.538214, 47.6689171], [36.5552546, 47.6730363]]]}}, {"type": "Feature", "properties": {"name": "Liberated", "date": "2022-09-30", "layer_type": "liberated"}, "geometry": {"type": "Polygon", "coordinates": [[[33.0476407, 47.1702751], [33.0695251, 47.1756447], [33.0912427, 47.1820604], [33.1347708, 47.1968044], [33.1316015, 47.2010158], [33.1306269, 47.2028387], [33.1284942, 47.2026214], [33.1275995, 47.2031834], [33.1268517, 47.2032603], [33.1238724, 47.2024624], [33.1223319, 47.2032147], [33.1183837, 47.2015819], [33.1036184, 47.1954999], [33.0673967, 47.2007253], [33.0657021, 47.2008515], [33.0655677, 47.2007728], [33.0651544, 47.2002131], [33.0642934, 47.1994709], [33.0633627, 47.1987469], [33.0631052, 47.1986731], [33.0618553, 47.1975226], [33.0615603, 47.1973417], [33.0602032, 47.1959725], [33.0597473, 47.1956458], [33.0587713, 47.1951773], [33.058686, 47.1944881], [33.0569272, 47.1934199], [33.0559516, 47.1930369], [33.0546756, 47.1928289], [33.053979, 47.1920085], [33.0528533, 47.1912464], [33.0517402, 47.1910268], [33.0498545, 47.1910551], [33.0485295, 47.1908492], [33.046196, 47.1902933], [33.0435192, 47.1899123], [33.0422532, 47.1899632], [33.0396353, 47.1893654], [33.0371892, 47.1884904], [33.0365455, 47.1877904], [33.0357193, 47.1865253], [33.0354082, 47.1842102], [33.035773, 47.18238], [33.0362934, 47.1816991], [33.038187, 47.180391], [33.0388414, 47.1792625], [33.0388646, 47.1790138], [33.038785, 47.1788839], [33.0385896, 47.1787278], [33.0386421, 47.1785878], [33.0382875, 47.1782808], [33.0378742, 47.1780872], [33.0374529, 47.1780414], [33.0372677, 47.1780904], [33.029408, 47.1774796], [33.0265939, 47.1765905], [33.0215482, 47.1787351], [33.0123619, 47.1695766], [33.0285385, 47.1623099], [33.0476407, 47.1702751]]]}}, {"type": "Feature", "properties": {"name": "Liberated 02.07", "date": "2022-09-30", "layer_type": "liberated"}, "geometry": {"type": "Polygon", "coordinates": [[[33.3368079, 47.4803807], [33.3369128, 47.4792976], [33.3382306, 47.4785659], [33.3407069, 47.476674], [33.3401898, 47.4761816], [33.3407027, 47.4756893], [33.3410161, 47.4748945], [33.3412383, 47.4733129], [33.3417823, 47.4717604], [33.3430933, 47.4708423], [33.345166, 47.4707148], [33.346509, 47.4701811], [33.3474058, 47.469102], [33.3480451, 47.4680519], [33.3476147, 47.4670674], [33.3485575, 47.4640811], [33.3483585, 47.4592186], [33.3502192, 47.4577365], [33.3485848, 47.4517643], [33.3461163, 47.4503438], [33.3437227, 47.4493738], [33.3426547, 47.4482939], [33.3430673, 47.4471704], [33.3443585, 47.4467129], [33.3458214, 47.4464295], [33.346898, 47.4456963], [33.3498842, 47.4448614], [33.3538828, 47.4437838], [33.3572587, 47.4442663], [33.359948, 47.4453001], [33.3620434, 47.4458873], [33.3641817, 47.4472001], [33.3719346, 47.4546276], [33.3731006, 47.4562915], [33.374095, 47.4589275], [33.3763161, 47.4598793], [33.3789235, 47.4602363], [33.3824464, 47.4592603], [33.3844672, 47.458676], [33.3883835, 47.4584887], [33.3889629, 47.4581332], [33.4075553, 47.4567261], [33.4530486, 47.4627642], [33.4551511, 47.4870671], [33.4387109, 47.4867743], [33.405582, 47.4772516], [33.3754014, 47.4835134], [33.3526646, 47.4988618], [33.3268098, 47.4891629], [33.3315463, 47.4814351], [33.334407, 47.4811592], [33.3359508, 47.480886], [33.3368079, 47.4803807]]]}}, {"type": "Feature", "properties": {"name": "Liberated 30.05", "date": "2022-09-30", "layer_type": "liberated"}, "geometry": {"type": "Polygon", "coordinates": [[[33.3526646, 47.4988618], [33.3754014, 47.4835134], [33.405582, 47.4772516], [33.4387109, 47.4867743], [33.4551511, 47.4870671], [33.507049, 47.4973199], [33.5141124, 47.5058632], [33.5010935, 47.5115069], [33.4914971, 47.519381], [33.4592796, 47.5275216], [33.3857636, 47.5166463], [33.363458, 47.5031778], [33.3526646, 47.4988618]]]}}, {"type": "Feature", "properties": {"name": "Snake Island", "date": "2022-09-30", "layer_type": "liberated"}, "geometry": {"type": "Polygon", "coordinates": [[[30.1968802, 45.2637827], [30.1845198, 45.2535108], [30.1913891, 45.2422262], [30.1999724, 45.2416601], [30.2071817, 45.237709], [30.2209136, 45.2423309], [30.2186384, 45.2514858], [30.2254839, 45.2533738], [30.2295828, 45.2522404], [30.2301087, 45.253109], [30.227373, 45.2553069], [30.2291113, 45.2613943], [30.2229742, 45.2653523], [30.2040914, 45.2591907], [30.1968802, 45.2637827]]]}}, {"type": "Feature", "properties": {"name": "Liberated", "date": "2022-09-30", "layer_type": "liberated"}, "geometry": {"type": "Polygon", "coordinates": [[[34.2027067, 50.4388305], [34.2120179, 50.4313411], [34.226394, 50.418272], [34.2475962, 50.4242872], [34.2409349, 50.4299333], [34.2298085, 50.4350323], [34.2179748, 50.4415787], [34.2027067, 50.4388305]]]}}, {"type": "Feature", "properties": {"name": "Liberated 23.06", "date": "2022-09-30", "layer_type": "liberated"}, "geometry": {"type": "Polygon", "coordinates": [[[33.5605299, 47.4933511], [33.5553104, 47.4856931], [33.5581594, 47.4736268], [33.5649605, 47.4622771], [33.6011116, 47.4636318], [33.5933902, 47.4817902], [33.587617, 47.4940255], [33.5787937, 47.5013026], [33.5601605, 47.5027082], [33.5605299, 47.4933511]]]}}, {"type": "Feature", "properties": {"name": "Liberated", "date": "2022-09-30", "layer_type": "liberated"}, "geometry": {"type": "Polygon", "coordinates": [[[32.4370853, 47.3884735], [32.423698, 47.3835876], [32.3498087, 47.2870612], [32.2980618, 47.2407917], [32.2505521, 47.2021405], [32.1681283, 47.1103303], [32.1341866, 47.0760961], [32.1654778, 47.0488761], [32.1943212, 47.0603062], [32.3228845, 47.1101618], [32.2977735, 47.1350886], [32.2417354, 47.1289455], [32.2793126, 47.1753976], [32.318396, 47.22575], [32.3318605, 47.230289], [32.4391496, 47.3796314], [32.4521915, 47.3270742], [32.4309055, 47.3186961], [32.4350254, 47.2963478], [32.4700443, 47.3070575], [32.5833408, 47.2492924], [32.6437656, 47.2548854], [32.6307193, 47.291225], [32.5215427, 47.3033326], [32.50163, 47.334055], [32.4638645, 47.4010237], [32.4370853, 47.3884735]]]}}, {"type": "Feature", "properties": {"name": "Liberated", "date": "2022-09-30", "layer_type": "liberated"}, "geometry": {"type": "Polygon", "coordinates": [[[37.0784707, 49.0919071], [37.0873971, 49.0574971], [37.0949806, 49.0513978], [37.1361794, 49.0468412], [37.1749255, 49.0334824], [37.1763177, 49.0079769], [37.2525354, 48.9827477], [37.3112436, 48.9899573], [37.3335595, 48.9960397], [37.3551889, 48.9895068], [37.3872896, 48.9918722], [37.4092612, 48.9912547], [37.4334676, 49.002459], [37.5110574, 49.0099568], [37.5263612, 49.0121608], [37.5365181, 49.0220194], [37.5131798, 49.0238716], [37.5073878, 49.0273334], [37.4979679, 49.0197211], [37.4530423, 49.018565], [37.3991341, 48.9958144], [37.3577681, 48.9973431], [37.231936, 49.0223879], [37.2209496, 49.0520973], [37.1646447, 49.0552473], [37.1292825, 49.0595219], [37.0940727, 49.0920208], [37.0784707, 49.0919071]]]}}, {"type": "Feature", "properties": {"name": "Liberated 04.09", "date": "2022-09-30", "layer_type": "liberated"}, "geometry": {"type": "Polygon", "coordinates": [[[33.4622298, 47.4451763], [33.4910885, 47.4535319], [33.5184649, 47.4544486], [33.5674138, 47.4210864], [33.5904527, 47.4096195], [33.5919282, 47.3814604], [33.6207167, 47.3697838], [33.6729078, 47.4073129], [33.7248794, 47.4146346], [33.7212299, 47.4308333], [33.6340199, 47.4392032], [33.6146149, 47.4497577], [33.6011116, 47.4636318], [33.5649605, 47.4622771], [33.5581594, 47.4736268], [33.5553104, 47.4856931], [33.5605299, 47.4933511], [33.5601605, 47.5027082], [33.5400554, 47.5076508], [33.5141124, 47.5058632], [33.507049, 47.4973199], [33.4551511, 47.4870671], [33.4530486, 47.4627642], [33.4622298, 47.4451763]]]}}, {"type": "Feature", "properties": {"name": "Liberated", "date": "2022-09-30", "layer_type": "liberated"}, "geometry": {"type": "Polygon", "coordinates": [[[32.3961784, 51.470191], [32.4896261, 51.5067155], [32.4573538, 51.5699243], [32.2301709, 51.5531193], [31.8441801, 51.5983056], [31.8237775, 51.5639839], [32.087722, 51.4891563], [32.1640633, 51.4239726], [32.3065976, 51.3263688], [32.3678199, 51.2672812], [32.3397242, 51.2226239], [32.1415467, 51.1830179], [32.1525111, 51.1310087], [32.1209276, 51.0746895], [32.4150922, 51.0877844], [32.3896588, 50.9848098], [32.248897, 50.9765289], [32.1126909, 50.9484019], [32.1233324, 50.9285058], [32.1947609, 50.9315714], [32.2634678, 50.9449808], [32.5232054, 50.9576532], [32.5328316, 50.9380559], [32.5208378, 50.8887922], [32.5739794, 50.8110821], [32.5043495, 50.7602212], [32.4381738, 50.7381598], [32.4242308, 50.7047854], [32.3182474, 50.6881541], [32.3335891, 50.6667841], [32.373642, 50.6745625], [32.4340556, 50.6803538], [32.4381749, 50.6900519], [32.4562421, 50.7144582], [32.5404875, 50.7440996], [32.6113529, 50.7778641], [32.6494875, 50.7808134], [32.6791976, 50.7859637], [32.7143094, 50.7815835], [32.7606982, 50.7976172], [32.8050365, 50.809218], [32.8135425, 50.8025702], [32.7897801, 50.7889785], [32.7923802, 50.7804579], [32.785607, 50.7719812], [32.8002058, 50.7621906], [32.8310327, 50.777507], [32.8214099, 50.7897143], [32.8413261, 50.7992957], [32.8279518, 50.8155783], [32.9066974, 50.8313624], [32.9581683, 50.8456867], [33.0154789, 50.8422137], [33.0435491, 50.8387586], [33.075742, 50.846569], [33.112737, 50.8508998], [33.124022, 50.8263932], [33.1531494, 50.8274696], [33.1578622, 50.8567052], [33.200753, 50.8622333], [33.1960642, 50.8758042], [33.1269186, 50.9218907], [33.1276287, 50.939436], [33.119908, 50.9426352], [33.08266, 50.9432341], [33.0637677, 50.9621648], [32.9726862, 50.9496298], [32.9216213, 50.9740751], [33.0160848, 51.016452], [33.0387667, 51.0201775], [33.0710707, 51.031671], [33.0826718, 51.0309393], [33.0920624, 51.0136272], [33.1300905, 51.0050053], [33.1478661, 51.0110601], [33.1695215, 51.0527126], [33.240592, 51.0846493], [33.2937838, 51.0466737], [33.3808182, 51.0427743], [33.3839912, 51.0797225], [33.4274557, 51.1539863], [33.2988487, 51.2089455], [33.1796973, 51.1769155], [33.1020315, 51.1873516], [33.0238634, 51.1704292], [32.9774114, 51.1271507], [32.9620733, 51.1525588], [32.8270845, 51.2730002], [32.8894887, 51.2819122], [32.9907319, 51.2468058], [33.113522, 51.2491912], [33.1091963, 51.2645037], [32.9776295, 51.2876143], [32.8888055, 51.3287011], [32.7452654, 51.3231167], [32.7234398, 51.3089384], [32.564996, 51.3047772], [32.4134929, 51.3139607], [32.310315, 51.3789886], [32.3691427, 51.4037166], [32.3716644, 51.4331021], [32.3961784, 51.470191]]]}}, {"type": "Feature", "properties": {"name": "Liberated", "date": "2022-09-30", "layer_type": "liberated"}, "geometry": {"type": "Polygon", "coordinates": [[[34.1573428, 50.387941], [34.1268324, 50.3736241], [34.132068, 50.3591704], [34.1432689, 50.3579662], [34.1542982, 50.3593894], [34.1735243, 50.357199], [34.2250227, 50.3734052], [34.2466568, 50.3793221], [34.2800499, 50.3719599], [34.2820216, 50.3606532], [34.2974638, 50.3609225], [34.3038159, 50.3661809], [34.3504213, 50.3622914], [34.3564751, 50.3542697], [34.3863844, 50.3491486], [34.4674086, 50.2982408], [34.4971568, 50.2969458], [34.5201905, 50.3304995], [34.5335809, 50.3467974], [34.5514442, 50.3664869], [34.5908021, 50.3713753], [34.630682, 50.4041343], [34.6566562, 50.4165651], [34.711317, 50.417277], [34.7164431, 50.4442985], [34.7160798, 50.4912138], [34.7397355, 50.497628], [34.7671546, 50.4958186], [34.8023127, 50.4924057], [34.8374681, 50.4866836], [34.9183964, 50.4736659], [34.9261542, 50.4897624], [34.9421552, 50.4905661], [34.9465509, 50.4889912], [34.9657647, 50.498264], [34.9618484, 50.510318], [34.9553253, 50.5245075], [34.9484588, 50.5380381], [34.951892, 50.548947], [34.9611617, 50.5681406], [34.9604751, 50.5990957], [34.9359275, 50.6031271], [34.9302627, 50.6146745], [34.9078832, 50.6269909], [34.8703391, 50.6330085], [34.8274543, 50.6256482], [34.8137488, 50.6450768], [34.785302, 50.6379841], [34.7854051, 50.6255358], [34.7684454, 50.6073833], [34.7544065, 50.5860622], [34.7294778, 50.5892548], [34.6851604, 50.6028446], [34.679886, 50.6173447], [34.6476605, 50.6273771], [34.6360775, 50.6419956], [34.6560926, 50.6594118], [34.6816122, 50.6655055], [34.6945484, 50.6694207], [34.695362, 50.6752939], [34.6987114, 50.6816013], [34.6957998, 50.68791], [34.6978795, 50.6959619], [34.6834926, 50.6990209], [34.6698209, 50.7108016], [34.620467, 50.7213246], [34.5959192, 50.6675344], [34.5864875, 50.6319528], [34.5887555, 50.6118244], [34.5418614, 50.6122477], [34.5123065, 50.6047057], [34.4974864, 50.5876039], [34.5128785, 50.5739897], [34.5046928, 50.566037], [34.5100833, 50.5636146], [34.5344427, 50.5671329], [34.569909, 50.5626694], [34.5850473, 50.5529343], [34.6036505, 50.5502623], [34.6250637, 50.5405583], [34.6461772, 50.521372], [34.6643739, 50.5115891], [34.6818825, 50.5090521], [34.6973271, 50.5002673], [34.6820578, 50.4724677], [34.6918993, 50.4654591], [34.6934952, 50.4251158], [34.6399154, 50.4269573], [34.6269503, 50.4203411], [34.5943786, 50.4031382], [34.589757, 50.4196497], [34.5734594, 50.4166893], [34.5748619, 50.3982915], [34.5707467, 50.3834509], [34.5400287, 50.3781266], [34.5362924, 50.3723916], [34.5270434, 50.3638305], [34.5123055, 50.3552681], [34.5055261, 50.3449712], [34.5093487, 50.3410283], [34.4912044, 50.315498], [34.4754671, 50.3211751], [34.4657042, 50.3138736], [34.3929075, 50.3589513], [34.3470092, 50.369756], [34.316323, 50.3773368], [34.2832934, 50.379918], [34.2536901, 50.3877452], [34.20408, 50.3806305], [34.2275908, 50.4013147], [34.2530035, 50.4113804], [34.2866491, 50.4038316], [34.3479323, 50.4154279], [34.3642401, 50.4245059], [34.3927359, 50.4577411], [34.4047522, 50.4522764], [34.4163376, 50.4515661], [34.4217882, 50.4594072], [34.4227766, 50.4670296], [34.4558232, 50.4872386], [34.4946659, 50.4875745], [34.4971216, 50.4992649], [34.4768773, 50.5017904], [34.474252, 50.5021283], [34.4567094, 50.5043026], [34.4095176, 50.5135009], [34.4153971, 50.4873489], [34.3912912, 50.4742733], [34.3699406, 50.469059], [34.3570107, 50.4641287], [34.334814, 50.4609442], [34.3158315, 50.4550088], [34.3019383, 50.4590301], [34.3082085, 50.4658494], [34.3143954, 50.4758369], [34.3296355, 50.4904085], [34.3489811, 50.4961257], [34.365239, 50.4999523], [34.3722218, 50.501291], [34.3811773, 50.5015165], [34.3922567, 50.5012726], [34.4000906, 50.5006657], [34.4055681, 50.499695], [34.4125165, 50.4995068], [34.4115276, 50.5037802], [34.4081353, 50.5036862], [34.4034927, 50.5039653], [34.3965949, 50.5046445], [34.3885734, 50.5045225], [34.3827516, 50.505345], [34.3723386, 50.5056868], [34.3608987, 50.5082549], [34.3503288, 50.5043347], [34.3288445, 50.4974749], [34.3198138, 50.490126], [34.309096, 50.4777634], [34.3027875, 50.4716735], [34.2928731, 50.4681227], [34.2819284, 50.4628227], [34.2756184, 50.458264], [34.2624216, 50.4553549], [34.2275976, 50.4547902], [34.2027046, 50.4496555], [34.1754126, 50.4390492], [34.1794466, 50.4329809], [34.2027067, 50.4388305], [34.2179748, 50.4415787], [34.2331728, 50.4442492], [34.2851042, 50.4475762], [34.3084501, 50.4440781], [34.3753983, 50.4644617], [34.3876718, 50.4665102], [34.3706773, 50.4489426], [34.3581461, 50.4327622], [34.3382334, 50.4301379], [34.3288778, 50.4230842], [34.2821859, 50.4159748], [34.2475962, 50.4242872], [34.226394, 50.418272], [34.2296575, 50.4094112], [34.2193512, 50.4044878], [34.1909479, 50.3805757], [34.1732023, 50.3796622], [34.1573428, 50.387941]]]}}, {"type": "Feature", "properties": {"name": "Liberated", "date": "2022-09-30", "layer_type": "liberated"}, "geometry": {"type": "Polygon", "coordinates": [[[37.8946214, 48.8888163], [37.8968947, 48.8886179], [37.899683, 48.8879116], [37.9013568, 48.8863031], [37.9036527, 48.8848074], [37.9029875, 48.8827473], [37.900949, 48.8815338], [37.9006271, 48.8803626], [37.9016785, 48.8789091], [37.9052834, 48.8780342], [37.9072146, 48.8791349], [37.9108625, 48.8802073], [37.9142957, 48.8796429], [37.9182437, 48.8805884], [37.9225354, 48.8831706], [37.92496, 48.8846663], [37.9268269, 48.8865288], [37.9312901, 48.892003], [37.9306035, 48.8931881], [37.9320841, 48.8953183], [37.9322336, 48.8983758], [37.9228092, 48.9003286], [37.9135208, 48.9054308], [37.8621853, 48.9377891], [37.8254425, 48.9277751], [37.7846978, 48.9349786], [37.7661071, 48.9486992], [37.7629602, 48.9637955], [37.7292445, 48.9842985], [37.717942, 48.9889013], [37.7246541, 49.0018968], [37.7079241, 49.0129783], [37.7025039, 49.019826], [37.6808756, 49.0347852], [37.6628501, 49.0314199], [37.6634178, 49.0291014], [37.6601231, 49.0264732], [37.6558517, 49.0241997], [37.6551058, 49.0218725], [37.6568489, 49.0205021], [37.6619657, 49.0209977], [37.6673184, 49.0197484], [37.6667486, 49.0153469], [37.6498376, 49.0102657], [37.6468336, 49.0041704], [37.6437321, 49.0038551], [37.6397292, 49.006383], [37.630298, 49.0005493], [37.6235293, 48.9951936], [37.6250644, 48.9929353], [37.6274866, 48.9921525], [37.6323121, 48.9935097], [37.6349678, 48.9921131], [37.6324253, 48.9882918], [37.6273084, 48.9858223], [37.633235, 48.9837794], [37.634598, 48.9810981], [37.630125, 48.9745579], [37.6284745, 48.968547], [37.6260325, 48.9667798], [37.6181028, 48.9671047], [37.6152525, 48.9652705], [37.6148487, 48.9627038], [37.6273063, 48.955267], [37.6317801, 48.95479], [37.6368644, 48.9490729], [37.6594048, 48.9445367], [37.6631639, 48.9451423], [37.6659447, 48.9437257], [37.6740468, 48.9437181], [37.6826988, 48.9476624], [37.6900643, 48.9491823], [37.6955854, 48.9578319], [37.6995625, 48.9588726], [37.7044409, 48.957591], [37.7066556, 48.9560296], [37.7095898, 48.9564798], [37.7121123, 48.9536013], [37.7116593, 48.95129], [37.7228367, 48.9534031], [37.7254503, 48.9522748], [37.7259567, 48.950018], [37.7237936, 48.9470261], [37.7258185, 48.9436916], [37.7284087, 48.9419833], [37.7400246, 48.9377202], [37.7667256, 48.9198565], [37.7683558, 48.9089844], [37.7677941, 48.9019182], [37.7605827, 48.8952542], [37.7644746, 48.8940527], [37.7642035, 48.8911866], [37.7581686, 48.8896304], [37.7613765, 48.8879853], [37.7652168, 48.883228], [37.767828, 48.8818803], [37.7762326, 48.8843627], [37.7801748, 48.8881711], [37.7886618, 48.8928806], [37.8197167, 48.8950431], [37.8375145, 48.8916366], [37.841407, 48.8915586], [37.8431761, 48.8886465], [37.8474528, 48.8868717], [37.8515254, 48.8859716], [37.8574646, 48.8856921], [37.8588985, 48.886109], [37.8599891, 48.8870055], [37.8616553, 48.8870773], [37.8639048, 48.8862806], [37.8648238, 48.8849194], [37.8645001, 48.883745], [37.8635756, 48.8831067], [37.8615997, 48.8824685], [37.8611259, 48.8815198], [37.8632465, 48.8806102], [37.8670407, 48.8798135], [37.8696546, 48.8781135], [37.8738132, 48.8772037], [37.8802002, 48.8773173], [37.8842056, 48.8790112], [37.8846742, 48.8810999], [37.882761, 48.8825113], [37.882264, 48.8851503], [37.8831617, 48.8859127], [37.8862894, 48.8866069], [37.889696, 48.8867508], [37.8923303, 48.8881363], [37.8946214, 48.8888163]]]}}, {"type": "Feature", "properties": {"name": "Occupied", "date": "2022-09-30", "layer_type": "russian_occupied"}, "geometry": {"type": "Polygon", "coordinates": [[[37.7730529, 48.0920319], [37.7892831, 48.1001774], [37.7920214, 48.1045282], [37.7885882, 48.1034965], [37.7696197, 48.104127], [37.7665297, 48.1010318], [37.7730529, 48.0920319]]]}}, {"type": "Feature", "properties": {"name": "Occupied", "date": "2022-09-30", "layer_type": "russian_occupied"}, "geometry": {"type": "Polygon", "coordinates": [[[38.402637, 48.5919397], [38.4060702, 48.6019302], [38.4048036, 48.6090985], [38.4046894, 48.6169314], [38.4088093, 48.62964], [38.4143025, 48.6382619], [38.4198032, 48.6450485], [38.4314762, 48.6504924], [38.4452016, 48.6550476], [38.4644278, 48.6564083], [38.4802281, 48.6591107], [38.4967076, 48.6631925], [38.5152472, 48.6663671], [38.5161483, 48.6705617], [38.5272842, 48.6746424], [38.5394514, 48.6735091], [38.5489783, 48.6752945], [38.5594455, 48.6866947], [38.5722313, 48.6890556], [38.577732, 48.6967418], [38.5784187, 48.7094303], [38.5832177, 48.7198696], [38.6301672, 48.721172], [38.6784116, 48.723701], [38.6745492, 48.7293629], [38.6917155, 48.7293629], [38.7055541, 48.7754591], [38.5596882, 48.8300656], [38.5304354, 48.8497759], [38.4952068, 48.8707374], [38.4748205, 48.9035945], [38.413393, 48.9399705], [38.4022715, 48.9556589], [38.3698935, 48.9817692], [38.2997041, 49.0248792], [38.2844417, 49.0264547], [38.2626116, 49.0244189], [38.2409757, 49.005535], [38.2587717, 48.9692683], [38.23705, 48.956746], [38.2986174, 48.9494312], [38.32215, 48.9356883], [38.3114278, 48.9081755], [38.3362868, 48.8612617], [38.3302969, 48.8373009], [38.3028583, 48.8355909], [38.2892873, 48.7862097], [38.2247224, 48.7716926], [38.2255597, 48.7383328], [38.2088754, 48.7295349], [38.1941429, 48.7291851], [38.1706768, 48.7107277], [38.161815, 48.701557], [38.1260101, 48.6942159], [38.110503, 48.6837927], [38.108817, 48.6799986], [38.1046741, 48.6740547], [38.1032339, 48.6736077], [38.1006689, 48.6684954], [38.1080601, 48.6644033], [38.1019115, 48.6532773], [38.0505253, 48.6255409], [38.0602614, 48.6127701], [38.0639254, 48.6026629], [38.0910651, 48.5795849], [38.0794765, 48.5715944], [38.0742142, 48.5646874], [38.0852627, 48.5445413], [38.093967, 48.5393604], [38.1069069, 48.5210443], [38.0775899, 48.4989222], [38.0517389, 48.5072894], [38.0366187, 48.4951206], [38.0376156, 48.4736756], [38.0115723, 48.4693209], [37.9948042, 48.4403715], [38.0239572, 48.4348073], [38.0421228, 48.4090856], [38.1137059, 48.4080126], [38.1174769, 48.420805], [38.135158, 48.4190391], [38.1484618, 48.4144818], [38.1630936, 48.4021166], [38.1544451, 48.395536], [38.1500926, 48.3854193], [38.1847683, 48.3749299], [38.2074276, 48.371509], [38.2149807, 48.3690002], [38.2276837, 48.3671755], [38.2591203, 48.359806], [38.2736891, 48.3591918], [38.2907061, 48.361631], [38.3217544, 48.3710529], [38.3435779, 48.3844372], [38.3542284, 48.390346], [38.3672748, 48.3996925], [38.3799702, 48.4086007], [38.390964, 48.4158739], [38.3892474, 48.4322779], [38.3930237, 48.436606], [38.4053767, 48.4733655], [38.4115634, 48.5105796], [38.4143026, 48.5206053], [38.402637, 48.5478669], [38.402637, 48.5919397]]]}}, {"type": "Feature", "properties": {"name": "Occupied", "date": "2022-09-30", "layer_type": "russian_occupied"}, "geometry": {"type": "Polygon", "coordinates": [[[37.8562077, 48.1928465], [37.8833302, 48.1997121], [37.8965706, 48.2154292], [37.8929432, 48.2335689], [37.89157, 48.2550609], [37.8953466, 48.268546], [37.8881602, 48.2836394], [37.8901968, 48.2991598], [37.8696933, 48.2818506], [37.8423308, 48.2832692], [37.8217294, 48.2899051], [37.8082985, 48.2875112], [37.784159, 48.2832303], [37.7783907, 48.2719789], [37.8006261, 48.272697], [37.8048352, 48.2662158], [37.8012386, 48.2582824], [37.7834469, 48.2548452], [37.7761512, 48.2501586], [37.7849065, 48.2446757], [37.7712588, 48.2370691], [37.7478328, 48.2181878], [37.76948, 48.2044644], [37.7843355, 48.1941874], [37.7938695, 48.1889643], [37.80971, 48.1649436], [37.8103277, 48.1553785], [37.8094909, 48.1524009], [37.8198549, 48.1438969], [37.824622, 48.1578177], [37.8285927, 48.1751503], [37.8562077, 48.1928465]]]}}, {"type": "Feature", "properties": {"name": "Occupied", "date": "2022-09-30", "layer_type": "russian_occupied"}, "geometry": {"type": "Polygon", "coordinates": [[[38.5596903, 48.8300678], [38.7055563, 48.7754613], [38.6917176, 48.7293651], [38.7535158, 48.7184937], [38.7670695, 48.7143222], [38.8084401, 48.713416], [38.8300695, 48.7170404], [38.8360776, 48.7232693], [38.8471497, 48.7429134], [38.8553895, 48.7496484], [38.8593804, 48.7495921], [38.8606035, 48.7497902], [38.8609575, 48.7507381], [38.8638811, 48.7513818], [38.8716946, 48.7513075], [38.8776197, 48.7525911], [38.879079, 48.7524782], [38.8802377, 48.7506107], [38.881332, 48.7501863], [38.8920393, 48.7504407], [38.8988199, 48.7501862], [38.9010944, 48.7509076], [38.9047423, 48.7506104], [38.9087767, 48.7492524], [38.911137, 48.7480073], [38.9125746, 48.7468754], [38.9143233, 48.7443851], [38.9180301, 48.7429135], [38.9199692, 48.7434228], [38.9213076, 48.7446113], [38.9227237, 48.7450076], [38.9246333, 48.745036], [38.9306522, 48.7452765], [38.9336673, 48.7460263], [38.9350567, 48.7468558], [38.9369612, 48.7471193], [38.938281, 48.7466842], [38.9388603, 48.745814], [38.937959, 48.7440736], [38.934354, 48.7429134], [38.9324656, 48.7368002], [38.9340107, 48.7357814], [38.9437095, 48.7338565], [38.9460695, 48.7344511], [38.9569485, 48.734069], [38.9610475, 48.7365172], [38.9612192, 48.7399132], [38.9599318, 48.7429131], [38.9611333, 48.7461395], [38.9640946, 48.7461965], [38.9669485, 48.7452061], [38.9698345, 48.7437486], [38.972565, 48.7435858], [38.974999, 48.7447654], [38.9788143, 48.7448944], [38.9812181, 48.7438471], [38.9823341, 48.7421915], [38.9822053, 48.7402883], [38.9844583, 48.737582], [38.9895432, 48.7349888], [38.9914389, 48.7306106], [38.9983914, 48.7242694], [38.9993354, 48.7196263], [38.9980481, 48.7174744], [38.9939206, 48.716191], [38.988864, 48.7152092], [38.9847443, 48.7136235], [38.9843076, 48.7118303], [38.9869253, 48.7101597], [38.9919248, 48.7100039], [38.9969247, 48.7116038], [38.9989883, 48.7111978], [38.9982198, 48.7076767], [38.9995071, 48.7039949], [38.9998504, 48.7001997], [39.001817, 48.6980094], [39.0048287, 48.6963474], [39.01555, 48.6948935], [39.0157292, 48.6886421], [39.0143558, 48.6834289], [39.0163693, 48.680945], [39.0195841, 48.6791411], [39.0202783, 48.6756083], [39.0205358, 48.6722643], [39.023883, 48.6698837], [39.0262863, 48.6672762], [39.027488, 48.6632514], [39.0254279, 48.6619759], [39.0216515, 48.6624011], [39.0185616, 48.6641017], [39.0129825, 48.6640451], [39.0096352, 48.6626278], [39.0103182, 48.6600862], [39.0123742, 48.6583382], [39.019155, 48.6569775], [39.0285105, 48.6530086], [39.0322087, 48.652876], [39.0334496, 48.6519783], [39.0355485, 48.6482454], [39.0380844, 48.6471869], [39.0426802, 48.6464684], [39.0548681, 48.6470355], [39.0743517, 48.6504379], [39.0758966, 48.6516286], [39.084909, 48.6506647], [39.0985561, 48.6508915], [39.1036199, 48.6498709], [39.1119381, 48.6533489], [39.1168304, 48.6567508], [39.1231894, 48.6600201], [39.1273093, 48.6604736], [39.1394898, 48.6596423], [39.1419864, 48.6608705], [39.1426731, 48.6635349], [39.1416432, 48.6650656], [39.1419006, 48.6666528], [39.1445144, 48.6709135], [39.1486736, 48.6752874], [39.1519428, 48.6762885], [39.1574358, 48.6753817], [39.1633508, 48.6757409], [39.1742513, 48.6803313], [39.1816402, 48.6857524], [39.1854168, 48.6934014], [39.1909024, 48.6998222], [39.1951083, 48.7039008], [39.1965103, 48.7065157], [39.1975189, 48.7064873], [39.1983558, 48.7057793], [39.1991498, 48.7022673], [39.2003727, 48.7000016], [39.2031839, 48.6986137], [39.207175, 48.6983021], [39.2125393, 48.7012195], [39.2194058, 48.7051845], [39.2248989, 48.7067705], [39.2267874, 48.7089794], [39.2323663, 48.7114148], [39.2359926, 48.7110903], [39.2395901, 48.709127], [39.2435169, 48.7096215], [39.2497824, 48.7125666], [39.2539023, 48.720155], [39.2533091, 48.7220612], [39.2539646, 48.7244039], [39.2561413, 48.726874], [39.2592313, 48.7338376], [39.2552841, 48.7387765], [39.2550255, 48.740687], [39.2563131, 48.7422719], [39.2585371, 48.7427437], [39.2644702, 48.7412546], [39.2686652, 48.7419513], [39.2708112, 48.7439889], [39.2716769, 48.7477619], [39.2703037, 48.751214], [39.2708111, 48.752761], [39.272385, 48.7538889], [39.2747777, 48.7536833], [39.2766606, 48.7523355], [39.2788895, 48.7493413], [39.2820625, 48.7486107], [39.286436, 48.7489032], [39.2895221, 48.7515159], [39.2892828, 48.7536855], [39.2906454, 48.7562503], [39.2914962, 48.7594381], [39.2926196, 48.7606073], [39.299915, 48.7630401], [39.3030909, 48.7654163], [39.308834, 48.7719976], [39.3118456, 48.7740715], [39.3145923, 48.7748068], [39.3228245, 48.7759006], [39.3245486, 48.7760513], [39.3262579, 48.7755612], [39.3279744, 48.7736946], [39.327485, 48.7721107], [39.3260862, 48.7700176], [39.326605, 48.768311], [39.3316726, 48.7666043], [39.3361358, 48.7659821], [39.3403377, 48.766303], [39.3472451, 48.7683868], [39.3510629, 48.7685469], [39.3527834, 48.7679435], [39.3545036, 48.7668307], [39.3538953, 48.765492], [39.3513279, 48.7630966], [39.3491746, 48.7621539], [39.3455302, 48.7616634], [39.3433649, 48.7592115], [39.3431406, 48.7573631], [39.346178, 48.7510443], [39.3470287, 48.7502144], [39.3472079, 48.745781], [39.349268, 48.7424983], [39.3581944, 48.7370077], [39.3588735, 48.7361776], [39.3588772, 48.7339037], [39.3570785, 48.7323091], [39.3540746, 48.7296483], [39.3537238, 48.7268931], [39.355226, 48.7252511], [39.3615344, 48.7223068], [39.3691304, 48.7200702], [39.3726065, 48.7198719], [39.3741848, 48.7186546], [39.3737889, 48.7174938], [39.3720818, 48.7159364], [39.3704606, 48.7159645], [39.365268, 48.7168424], [39.3601611, 48.7156814], [39.3541336, 48.7132465], [39.3486404, 48.713473], [39.3468571, 48.7122268], [39.3486596, 48.7087153], [39.3505051, 48.707639], [39.3559553, 48.6972163], [39.3603134, 48.6958003], [39.3658924, 48.692231], [39.3673187, 48.691976], [39.3779881, 48.6862391], [39.3795588, 48.6862814], [39.3817046, 48.6855165], [39.389601, 48.6847515], [39.3909313, 48.6837598], [39.3891718, 48.680388], [39.3905259, 48.6788014], [39.3979931, 48.6746075], [39.4026474, 48.6744372], [39.4058231, 48.6738138], [39.4117261, 48.6705266], [39.4138719, 48.6684294], [39.4135284, 48.6668422], [39.4082071, 48.6614568], [39.4080354, 48.6598127], [39.4106961, 48.6576582], [39.4142345, 48.6566941], [39.4207479, 48.6582252], [39.4323254, 48.6567511], [39.4389503, 48.6549424], [39.4465035, 48.6563032], [39.4501783, 48.6556738], [39.452375, 48.6547127], [39.4533874, 48.6528147], [39.45131, 48.6517105], [39.4497999, 48.6504034], [39.4495774, 48.6445597], [39.4516422, 48.6410356], [39.4542171, 48.6397878], [39.4575645, 48.6386535], [39.4658154, 48.6386672], [39.4673921, 48.6372355], [39.4642705, 48.634016], [39.464013, 48.6310664], [39.4656326, 48.628188], [39.4685938, 48.6274506], [39.476104, 48.6287553], [39.4841506, 48.6282023], [39.4862749, 48.6288972], [39.4930128, 48.6304288], [39.4955448, 48.6321306], [39.500437, 48.632556], [39.5104364, 48.6344562], [39.5140898, 48.6338391], [39.5160265, 48.632201], [39.5167131, 48.6299887], [39.5162713, 48.6279728], [39.5154257, 48.6261878], [39.5119798, 48.6235478], [39.5116491, 48.621876], [39.5167863, 48.6181009], [39.5257254, 48.6130243], [39.5271845, 48.6112652], [39.5278218, 48.6094624], [39.5272821, 48.6082772], [39.523481, 48.6051057], [39.5226355, 48.6029792], [39.525387, 48.5982007], [39.5280477, 48.597179], [39.532425, 48.596441], [39.53359, 48.5954628], [39.5332101, 48.593633], [39.5281334, 48.5918429], [39.5269143, 48.5895523], [39.5287169, 48.5859471], [39.5312059, 48.5842722], [39.5373858, 48.5833923], [39.5450247, 48.5839315], [39.5493162, 48.5859755], [39.5505609, 48.5885871], [39.5494879, 48.5932424], [39.5512045, 48.5955699], [39.5586718, 48.5980108], [39.5617617, 48.5980108], [39.5633068, 48.5974431], [39.5656367, 48.5939539], [39.567304, 48.5921221], [39.5672794, 48.5902411], [39.5660531, 48.5883033], [39.5631476, 48.5862329], [39.5629697, 48.5836344], [39.5680736, 48.5818525], [39.5733488, 48.5805247], [39.5765372, 48.5812363], [39.5777815, 48.5828829], [39.5817729, 48.5850406], [39.5925379, 48.591299], [39.5963515, 48.5923909], [39.6017588, 48.5915393], [39.6045913, 48.5888143], [39.6050204, 48.5867705], [39.6040762, 48.5862595], [39.600643, 48.5857484], [39.5948066, 48.5793322], [39.5949908, 48.5766935], [39.596315, 48.5750316], [39.6036471, 48.5741079], [39.6080245, 48.5727165], [39.6124877, 48.5729153], [39.6137321, 48.5749028], [39.6175517, 48.5771177], [39.6212424, 48.5819441], [39.621929, 48.5858053], [39.6228303, 48.5863731], [39.6236458, 48.5860891], [39.6319715, 48.5806951], [39.6353187, 48.5800421], [39.657549, 48.5846696], [39.6587505, 48.5856348], [39.6675909, 48.5867705], [39.672226, 48.5884168], [39.6765177, 48.5881898], [39.6772901, 48.5875652], [39.6872732, 48.5870866], [39.6868007, 48.5877507], [39.686693, 48.5895447], [39.6861455, 48.5898314], [39.6854854, 48.5899606], [39.6839108, 48.5907348], [39.6833809, 48.5914341], [39.6832232, 48.5921102], [39.683037, 48.5924056], [39.6800042, 48.5923121], [39.6794961, 48.591953], [39.6795855, 48.5906238], [39.6790723, 48.5902005], [39.6786441, 48.5901166], [39.677722, 48.5902307], [39.6767673, 48.5907845], [39.6763758, 48.5913027], [39.6757295, 48.5930945], [39.675728, 48.5937917], [39.6762207, 48.59441], [39.676832, 48.595001], [39.6776365, 48.59545], [39.6779127, 48.5957863], [39.6781781, 48.5958601], [39.678595, 48.5957799], [39.6788786, 48.5955978], [39.6792457, 48.5955068], [39.6795473, 48.5955181], [39.6799664, 48.5957295], [39.6803154, 48.5960268], [39.6804685, 48.596296], [39.6802982, 48.5967074], [39.6800844, 48.597016], [39.6799023, 48.597188], [39.6795001, 48.5974408], [39.678961, 48.5977303], [39.6785788, 48.597868], [39.6781624, 48.5979014], [39.6778856, 48.5979206], [39.6767093, 48.5978013], [39.6760247, 48.5974437], [39.6753928, 48.5967185], [39.6750446, 48.5965262], [39.6744842, 48.5961391], [39.6736891, 48.5957256], [39.6728409, 48.5954691], [39.6718267, 48.5952912], [39.670912, 48.5953158], [39.6701864, 48.5954771], [39.6694071, 48.5958158], [39.668828, 48.5962902], [39.6683023, 48.59701], [39.6679536, 48.5978524], [39.6680153, 48.5989406], [39.6681533, 48.5997402], [39.6680722, 48.600736], [39.6679446, 48.6008786], [39.6680101, 48.6011772], [39.6684559, 48.6016316], [39.6688588, 48.6021144], [39.6698411, 48.602505], [39.6707185, 48.6030835], [39.6710714, 48.6035998], [39.6708056, 48.6039276], [39.6704367, 48.6043185], [39.6696085, 48.6046275], [39.6685292, 48.6048245], [39.6676784, 48.6048875], [39.6664268, 48.6048765], [39.6658467, 48.6047929], [39.6653335, 48.604654], [39.6649464, 48.6045968], [39.6643451, 48.6045872], [39.6638888, 48.6046238], [39.6636096, 48.6046665], [39.663309, 48.604773], [39.6627615, 48.6050745], [39.6625307, 48.6052111], [39.6622463, 48.6053194], [39.6615295, 48.6055407], [39.6612565, 48.6056872], [39.6610586, 48.6058869], [39.6609211, 48.6066755], [39.6608641, 48.6067901], [39.6607426, 48.6069119], [39.6605052, 48.6072087], [39.6604379, 48.6074404], [39.6604215, 48.6077762], [39.6605737, 48.6080851], [39.6606561, 48.6083656], [39.6606291, 48.6085025], [39.6605539, 48.6086695], [39.6605642, 48.6089077], [39.6605695, 48.60902], [39.6606231, 48.6090898], [39.6607999, 48.6093499], [39.6609407, 48.6095962], [39.6611082, 48.6099381], [39.6612114, 48.6104912], [39.6613933, 48.6107266], [39.6616718, 48.6108839], [39.6622179, 48.6113831], [39.6626032, 48.6117971], [39.6629543, 48.6120008], [39.6633163, 48.612318], [39.6635938, 48.6126708], [39.6637318, 48.6129668], [39.6639932, 48.6138197], [39.6641882, 48.6146292], [39.6648008, 48.6151616], [39.6648335, 48.6152433], [39.6648203, 48.6154562], [39.664803, 48.6156514], [39.6648695, 48.6158996], [39.665077, 48.6161302], [39.6651567, 48.6163128], [39.6653195, 48.6165717], [39.6656436, 48.6171473], [39.6660643, 48.6176555], [39.6661454, 48.6178181], [39.6661192, 48.6181792], [39.6663935, 48.618746], [39.6665091, 48.6192848], [39.6669157, 48.6198378], [39.6671887, 48.6203874], [39.6678694, 48.6212845], [39.6681757, 48.6214301], [39.6689756, 48.622299], [39.6715351, 48.624331], [39.6745883, 48.6263629], [39.6776159, 48.6280368], [39.6800097, 48.6294268], [39.684361, 48.6315399], [39.6856581, 48.6320788], [39.6869552, 48.6324617], [39.6876837, 48.6327311], [39.6884551, 48.6331991], [39.6901808, 48.6351004], [39.6905749, 48.6353348], [39.6910978, 48.6354699], [39.6928063, 48.6359737], [39.693483, 48.636408], [39.6939881, 48.6368565], [39.6941335, 48.6372898], [39.6943147, 48.6376285], [39.6943672, 48.6381091], [39.6943553, 48.6386889], [39.6942742, 48.6390285], [39.6942873, 48.6396024], [39.6940471, 48.6404706], [39.6938948, 48.6411458], [39.6938722, 48.6417599], [39.6937537, 48.642783], [39.6935549, 48.6431457], [39.6930371, 48.643483], [39.6927031, 48.6436233], [39.6921391, 48.644062], [39.6915996, 48.6448273], [39.6913283, 48.6453302], [39.6911844, 48.645683], [39.6911233, 48.6462333], [39.6913175, 48.64649], [39.6915975, 48.6466828], [39.6918936, 48.6469005], [39.6920256, 48.6471528], [39.6920916, 48.6473641], [39.6920985, 48.6476391], [39.6922633, 48.6477274], [39.6924664, 48.6478779], [39.6927047, 48.6481357], [39.6929339, 48.648401], [39.693204, 48.6487924], [39.6934035, 48.648958], [39.6935788, 48.6492068], [39.6938865, 48.6494008], [39.6942255, 48.6494765], [39.6944486, 48.6495427], [39.694638, 48.6496573], [39.6948507, 48.6498581], [39.6949865, 48.6499178], [39.6952825, 48.6501284], [39.6957791, 48.6503524], [39.6965317, 48.6506309], [39.6967574, 48.6507227], [39.6970153, 48.6507897], [39.6972736, 48.6509024], [39.6982536, 48.651604], [39.6986314, 48.6518538], [39.6989812, 48.6520921], [39.6994673, 48.6523814], [39.7001073, 48.6525544], [39.7006848, 48.6526586], [39.7011667, 48.6527993], [39.7016812, 48.6530149], [39.7018634, 48.6530988], [39.7020939, 48.6531576], [39.7022219, 48.653199], [39.7023017, 48.6532456], [39.7029003, 48.6538582], [39.7034631, 48.6544401], [39.7039536, 48.6547382], [39.7042404, 48.6549654], [39.7045833, 48.6553631], [39.7046394, 48.6555761], [39.7047345, 48.6558102], [39.7050718, 48.6561682], [39.7051599, 48.6563082], [39.7052684, 48.6564597], [39.7054729, 48.6565568], [39.7057466, 48.6565627], [39.7060177, 48.656626], [39.7061962, 48.6567816], [39.7063346, 48.6568188], [39.7065268, 48.6568275], [39.7067028, 48.6567655], [39.7068767, 48.65666], [39.707028, 48.6565222], [39.7071627, 48.6563187], [39.7072722, 48.6561633], [39.7073628, 48.6560502], [39.7076526, 48.6557567], [39.7080543, 48.6554451], [39.7081923, 48.6553473], [39.7084751, 48.6550687], [39.7086078, 48.6549258], [39.7088136, 48.6547161], [39.7090774, 48.6545616], [39.7093569, 48.6544791], [39.7095154, 48.6544626], [39.7096939, 48.6545022], [39.7099789, 48.6545238], [39.7101697, 48.6545842], [39.7103268, 48.6546578], [39.7105421, 48.6548364], [39.7106931, 48.6550184], [39.7107834, 48.6551395], [39.7108849, 48.6555296], [39.7109517, 48.6560329], [39.7108361, 48.6569225], [39.7105366, 48.6574605], [39.7099206, 48.6584521], [39.7096022, 48.6592204], [39.7095369, 48.6599324], [39.709528, 48.6606549], [39.7096939, 48.6619313], [39.7096227, 48.6623567], [39.7101308, 48.662853], [39.7105961, 48.6638949], [39.7107215, 48.6642671], [39.7107412, 48.66485], [39.7109764, 48.665517], [39.7110614, 48.6663824], [39.7110048, 48.6665531], [39.7104722, 48.6670069], [39.7103708, 48.6671061], [39.7101943, 48.6671628], [39.7097446, 48.6673471], [39.7091555, 48.6673968], [39.7084746, 48.6674216], [39.7075174, 48.6672604], [39.7071406, 48.6670488], [39.7066897, 48.6668435], [39.706271, 48.6667835], [39.7058189, 48.6667039], [39.7054204, 48.6666349], [39.7049819, 48.666658], [39.7044318, 48.6666765], [39.7040181, 48.6667337], [39.7035832, 48.6668067], [39.7032933, 48.6668371], [39.7021237, 48.6679834], [39.7025418, 48.6687329], [39.7030026, 48.6704091], [39.7118123, 48.6750625], [39.7150333, 48.6810046], [39.7221603, 48.6839996], [39.7162415, 48.6902814], [39.7155134, 48.6956885], [39.7199355, 48.697923], [39.7027753, 48.7066348], [39.7110161, 48.7133693], [39.7048377, 48.7214631], [39.7227168, 48.7341097], [39.7389273, 48.7484098], [39.7414119, 48.7717638], [39.7652033, 48.7650083], [39.7843087, 48.7973486], [39.7971263, 48.8405757], [39.8046722, 48.8435763], [39.808044, 48.8394801], [39.8075031, 48.838581], [39.8278316, 48.831465], [39.8304389, 48.8335543], [39.8862549, 48.8209457], [39.9383246, 48.79989], [39.9522741, 48.7974774], [39.9582182, 48.7978533], [39.9761775, 48.7937048], [40.0788309, 48.8698666], [40.0712862, 48.876975], [40.0554947, 48.9100982], [40.0484954, 48.9101863], [40.0311949, 48.9158013], [40.0180629, 48.9077912], [40.0039798, 48.9007927], [39.9919704, 48.8687374], [39.9415107, 48.8866911], [39.9246793, 48.8942499], [39.8532683, 48.8910898], [39.8467459, 48.9028262], [39.8367889, 48.9030519], [39.8244293, 48.8906382], [39.8189362, 48.907791], [39.7942169, 48.9249379], [39.7694979, 48.9303515], [39.7887239, 48.9474907], [39.7641419, 48.9618605], [39.7477829, 48.9879474], [39.7329762, 48.9802019], [39.7294465, 48.977857], [39.7270474, 48.9752955], [39.7248201, 48.9765649], [39.7244781, 48.9780682], [39.7264818, 48.9786786], [39.7263809, 48.9794609], [39.7252267, 48.9802357], [39.7233642, 48.9805198], [39.721521, 48.9812885], [39.7189764, 48.9816292], [39.7176226, 48.9823543], [39.7179234, 48.9833772], [39.7176175, 48.9843629], [39.7174133, 48.9845882], [39.7167236, 48.9849123], [39.7164999, 48.9856102], [39.7169186, 48.9862422], [39.7167695, 48.9870667], [39.7157117, 48.9879918], [39.7154075, 48.9885802], [39.7153496, 48.9897089], [39.7150579, 48.9898997], [39.7135051, 48.9895852], [39.7121031, 48.9899597], [39.7118037, 48.9901938], [39.7107543, 48.9915351], [39.7097368, 48.991951], [39.7076624, 48.9924319], [39.7074252, 48.9940653], [39.7069232, 48.9950645], [39.7048376, 48.9974022], [39.7039535, 48.9987251], [39.7020672, 48.9994172], [39.6999965, 49.0004579], [39.6989236, 49.0006606], [39.6969601, 48.9998949], [39.6933444, 48.9990417], [39.6911773, 48.9967329], [39.6912204, 48.9960572], [39.6769304, 48.9895384], [39.6634114, 49.0008718], [39.6702767, 49.0031482], [39.6792044, 49.0128865], [39.6736576, 49.0149338], [39.6756634, 49.0268881], [39.6817358, 49.0287326], [39.6835816, 49.0369246], [39.6731526, 49.039175], [39.692937, 49.0495271], [39.7296771, 49.0430075], [39.7681246, 49.0403006], [39.7887207, 49.049977], [39.8031433, 49.0592018], [39.8203094, 49.0583019], [39.8752408, 49.0655007], [39.9088893, 49.0574061], [39.9377254, 49.0560522], [39.942532, 49.0713467], [39.9387378, 49.083262], [39.9727245, 49.1252934], [39.9974635, 49.1473126], [40.031575, 49.1802406], [40.0761297, 49.1868276], [40.0927592, 49.2031637], [40.1082896, 49.2108827], [40.1217682, 49.2307105], [40.1365399, 49.2391565], [40.1768263, 49.2368726], [40.2096731, 49.2417777], [40.2143705, 49.2448867], [40.2208062, 49.2577735], [40.2192639, 49.2651715], [40.1859382, 49.2840082], [40.1851984, 49.304209], [40.1885261, 49.3074433], [40.1910602, 49.3179457], [40.196814, 49.3452278], [40.1918369, 49.3483339], [40.1755704, 49.3566185], [40.1701818, 49.3564001], [40.159934, 49.3654585], [40.1620449, 49.3682563], [40.1445985, 49.3776671], [40.1124361, 49.3857515], [40.0769088, 49.4099572], [40.0593789, 49.4340904], [40.0480295, 49.4443746], [40.029447, 49.4537799], [40.04176, 49.4991027], [40.037599, 49.5198952], [40.1684346, 49.5689206], [40.139525, 49.5962742], [40.1352584, 49.6162537], [40.0635377, 49.5992332], [40.0567287, 49.6065734], [39.9522226, 49.596549], [39.9346008, 49.572783], [39.8902242, 49.5583589], [39.8660234, 49.5597859], [39.8389138, 49.5635177], [39.8080591, 49.5580501], [39.7683405, 49.5852915], [39.7502318, 49.5967191], [39.7127471, 49.6059228], [39.6967474, 49.6042914], [39.6869259, 49.611558], [39.6599951, 49.6148107], [39.6383788, 49.6350998], [39.6131333, 49.6903627], [39.5919609, 49.7196329], [39.6083925, 49.7339093], [39.5338346, 49.7408478], [39.4787607, 49.7564746], [39.4382009, 49.7600062], [39.4120621, 49.7531109], [39.3769627, 49.7384241], [39.3079236, 49.7530435], [39.28556, 49.7556663], [39.2799653, 49.7609101], [39.2754705, 49.7680264], [39.2646388, 49.7684801], [39.2503713, 49.7778017], [39.2403717, 49.7911227], [39.2391461, 49.7982264], [39.228992, 49.8084322], [39.228114, 49.8165027], [39.2256563, 49.8401842], [39.188395, 49.8862222], [39.1784018, 49.888001], [39.1285066, 49.8597974], [39.1111387, 49.8390463], [39.069763, 49.8187306], [39.0662328, 49.8153488], [39.033522, 49.8223722], [39.02166, 49.8209101], [38.9849055, 49.8077831], [38.9711376, 49.8072206], [38.964893, 49.8038773], [38.9488159, 49.7960742], [38.9466628, 49.7978063], [38.9394922, 49.8006668], [38.9334741, 49.7997781], [38.9329103, 49.7975803], [38.9307528, 49.7971736], [38.927811, 49.7985761], [38.9274206, 49.8013809], [38.9286996, 49.8038881], [38.9203573, 49.8049462], [38.9191886, 49.8089419], [38.9161629, 49.8127235], [38.9190384, 49.8138621], [38.9182656, 49.8148103], [38.9122545, 49.8180357], [38.9098445, 49.8182834], [38.9087992, 49.8227668], [38.9073925, 49.8284121], [38.9135074, 49.8286295], [38.9150941, 49.8310586], [38.9113984, 49.8345887], [38.9143069, 49.8369998], [38.9125679, 49.8435956], [38.9065345, 49.8446567], [38.904277, 49.8488171], [38.90967, 49.8508492], [38.9161716, 49.8558743], [38.9181325, 49.8581765], [38.9164883, 49.8599253], [38.9093376, 49.8601028], [38.8984669, 49.8704163], [38.8874411, 49.8692839], [38.8764156, 49.8694227], [38.8745919, 49.8678788], [38.874563, 49.866638], [38.8693985, 49.8644883], [38.8668376, 49.8648912], [38.8653205, 49.866029], [38.8627154, 49.86587], [38.8571621, 49.8680135], [38.8566121, 49.8686491], [38.8558549, 49.8688905], [38.8545396, 49.8676106], [38.8538372, 49.8671223], [38.8491041, 49.865103], [38.8467252, 49.8654845], [38.8456689, 49.8658095], [38.8432897, 49.865145], [38.839345, 49.8657616], [38.8363462, 49.8673664], [38.834813, 49.8690697], [38.8366836, 49.8721533], [38.8362589, 49.8739412], [38.8346799, 49.8746685], [38.8329728, 49.8747443], [38.8277628, 49.8771588], [38.8270414, 49.8777563], [38.8260275, 49.8783703], [38.8244287, 49.8789346], [38.8224322, 49.8789842], [38.7949575, 49.8833098], [38.7901498, 49.8785098], [38.7834876, 49.881113], [38.7776828, 49.8853198], [38.7682317, 49.896044], [38.7438467, 49.897307], [38.7422828, 49.8989211], [38.7338456, 49.9050248], [38.7232471, 49.9270052], [38.6929003, 49.9347656], [38.6852998, 49.9603436], [38.7153149, 49.9823836], [38.7151365, 49.9877098], [38.6874856, 50.0058363], [38.684284, 50.0074905], [38.6797094, 50.002525], [38.676054, 49.9928137], [38.6797311, 49.9744937], [38.6669406, 49.9721563], [38.6461959, 49.9559371], [38.6160779, 49.9743898], [38.5815696, 49.977416], [38.5267154, 49.9582706], [38.5078984, 49.9640299], [38.4877059, 49.963602], [38.4833004, 49.9765278], [38.4775197, 49.9832711], [38.4659138, 49.9839611], [38.4680396, 49.9952467], [38.4340951, 50.0010186], [38.4160076, 49.981338], [38.3975626, 49.990585], [38.3495747, 50.006444], [38.3541639, 50.0190482], [38.3512004, 50.0347406], [38.3339758, 50.0590927], [38.3290988, 50.0852071], [38.3126376, 50.0885848], [38.3002957, 50.0866739], [38.2927809, 50.0793262], [38.2770689, 50.0729988], [38.2463353, 50.0731144], [38.1785146, 50.0797967], [38.1787152, 50.0777831], [38.1790874, 50.077422], [38.1819201, 50.0668699], [38.1850665, 50.0556923], [38.183827, 50.0458318], [38.1875596, 50.0410503], [38.1880089, 50.039397], [38.1883911, 50.0244721], [38.1881595, 50.0234099], [38.1853834, 50.0220707], [38.1869811, 50.0214624], [38.1924403, 50.013795], [38.1971784, 50.0082215], [38.2009456, 50.0046587], [38.2026427, 50.0016706], [38.2050065, 50.0007698], [38.205029, 49.9967473], [38.207712, 49.9915109], [38.2108518, 49.9892474], [38.215534, 49.9881869], [38.2171261, 49.9871815], [38.1963316, 49.9674407], [38.1629598, 49.9514409], [38.1721662, 49.9425085], [38.1274332, 49.9228687], [38.1215605, 49.9413368], [38.0552625, 49.9235505], [38.0339211, 49.9047607], [38.0159717, 49.9193262], [38.04197, 49.9338915], [38.0072611, 49.9661411], [37.9642728, 49.9829178], [37.940048, 50.0151423], [37.9247364, 50.012396], [37.9130761, 50.0030781], [37.9017572, 50.0036588], [37.8928326, 49.9890988], [37.8875152, 49.9877814], [37.8866634, 49.9801715], [37.8749089, 49.9800635], [37.8546974, 49.9702386], [37.831706, 49.9716469], [37.8198726, 49.9562244], [37.8036648, 49.9419956], [37.7854396, 49.9323385], [37.7737493, 49.9070916], [37.7667561, 49.8996539], [37.7548533, 49.8975943], [37.7351733, 49.8714553], [37.7334131, 49.8608183], [37.7572439, 49.8285898], [37.7070269, 49.7740827], [37.716509, 49.7599249], [37.6944111, 49.7302407], [37.7081378, 49.7070341], [37.7530799, 49.682602], [37.7579176, 49.6686119], [37.7349269, 49.6490429], [37.7463308, 49.6271898], [37.7801653, 49.592067], [37.7576614, 49.5575863], [37.7145728, 49.5453634], [37.6956554, 49.5267181], [37.7008533, 49.5133115], [37.6687783, 49.4881039], [37.6518343, 49.4597668], [37.6354479, 49.4112872], [37.5985122, 49.3917341], [37.609653, 49.3677103], [37.6976479, 49.3429879], [37.7755056, 49.2881998], [37.8209449, 49.2497023], [37.8828406, 49.2112], [37.962772, 49.1950904], [37.9534245, 49.1303855], [37.9539444, 49.1102703], [37.9458817, 49.0971197], [37.9304528, 49.0774513], [37.9238773, 49.0452902], [37.8162238, 49.0404427], [37.749929, 49.0341508], [37.7539747, 49.0180887], [37.7686548, 49.0130792], [37.7734917, 48.9927787], [37.8258496, 48.959259], [37.8544778, 48.9433069], [37.8714201, 48.957143], [37.88016, 48.9693774], [37.9106813, 48.9800706], [37.9801662, 48.9876783], [37.9973196, 48.9971053], [38.0962524, 48.9924883], [38.1920833, 49.0104582], [38.237052, 48.9567482], [38.2587737, 48.9692705], [38.2409777, 49.0055372], [38.2626136, 49.0244211], [38.2844437, 49.0264569], [38.2997062, 49.0248814], [38.3698955, 48.9817714], [38.4022736, 48.9556611], [38.4133951, 48.9399727], [38.4748226, 48.9035967], [38.4952089, 48.8707396], [38.5304375, 48.8497781], [38.5596903, 48.8300678]]]}}, {"type": "Feature", "properties": {"name": "Occupied", "date": "2022-09-30", "layer_type": "russian_occupied"}, "geometry": {"type": "Polygon", "coordinates": [[[37.6878504, 48.0547535], [37.6911989, 48.0534065], [37.6942941, 48.0565448], [37.6877494, 48.0618935], [37.6930492, 48.0693073], [37.6997015, 48.0722042], [37.6637782, 48.0724502], [37.664269, 48.0643654], [37.6417223, 48.0576579], [37.6095479, 48.0588584], [37.6226618, 48.0194438], [37.6478104, 48.0289444], [37.6699861, 48.0433634], [37.6794605, 48.049407], [37.6878504, 48.0547535]]]}}, {"type": "Feature", "properties": {"name": "Occupied", "date": "2022-09-30", "layer_type": "russian_occupied"}, "geometry": {"type": "Polygon", "coordinates": [[[37.5078854, 47.9299295], [37.5063169, 47.9264247], [37.5350286, 47.917986], [37.5380764, 47.9241494], [37.5428393, 47.9324766], [37.5285901, 47.9414985], [37.5266259, 47.9355163], [37.5182679, 47.9336454], [37.5137189, 47.9330128], [37.5078854, 47.9299295]]]}}, {"type": "Feature", "properties": {"name": "Liberated", "date": "2022-09-30", "layer_type": "liberated"}, "geometry": {"type": "Polygon", "coordinates": [[[33.1429547, 47.2098051], [33.1417242, 47.2084289], [33.1407657, 47.2083821], [33.1396856, 47.208038], [33.1391885, 47.2071663], [33.1376096, 47.2057392], [33.1365198, 47.2055504], [33.135902, 47.2058572], [33.1342215, 47.2057635], [33.1336387, 47.2049586], [33.1318025, 47.2032732], [33.1306269, 47.2028387], [33.1316015, 47.2010158], [33.1347708, 47.1968044], [33.0912427, 47.1820604], [33.0695251, 47.1756447], [33.0476407, 47.1702751], [33.0285385, 47.1623099], [33.0227498, 47.1463464], [33.0901245, 47.1443633], [33.1313256, 47.1661904], [33.1601337, 47.1914387], [33.1585254, 47.2013905], [33.1599918, 47.202726], [33.1474748, 47.2086621], [33.1429547, 47.2098051]]]}}, {"type": "Feature", "properties": {"name": "Liberated", "date": "2022-09-30", "layer_type": "liberated"}, "geometry": {"type": "Polygon", "coordinates": [[[38.1999147, 48.9288467], [38.2004794, 48.8953911], [38.192123, 48.8617096], [38.2273692, 48.8078128], [38.2163618, 48.7782953], [38.2556506, 48.8001176], [38.2547071, 48.8166253], [38.225082, 48.8408128], [38.2173006, 48.8766161], [38.242329, 48.90609], [38.2741197, 48.9141141], [38.2650602, 48.9378119], [38.2340555, 48.9418302], [38.2116937, 48.9313209], [38.1999147, 48.9288467]]]}}, {"type": "Feature", "properties": {"name": "Liberated", "date": "2022-09-30", "layer_type": "liberated"}, "geometry": {"type": "Polygon", "coordinates": [[[36.0692656, 47.5405755], [36.2169684, 47.5732713], [36.1386608, 47.587686], [36.0686229, 47.5945166], [36.0385071, 47.6022257], [36.01486, 47.6250524], [35.9657956, 47.6187081], [36.0188411, 47.5854862], [36.0385822, 47.5569956], [36.0692656, 47.5405755]]]}}, {"type": "Feature", "properties": {"name": "Liberated", "date": "2022-09-30", "layer_type": "liberated"}, "geometry": {"type": "Polygon", "coordinates": [[[37.2827727, 49.2498155], [37.1935373, 49.3136202], [37.1630892, 49.3161988], [37.1502694, 49.3025343], [37.1394424, 49.2948615], [37.1217537, 49.2861794], [37.1024325, 49.2797279], [37.0832006, 49.2774141], [37.0594314, 49.2838136], [37.0217949, 49.2878519], [37.0092147, 49.2923891], [36.9862863, 49.2983822], [36.9774392, 49.3035594], [36.9646467, 49.298004], [36.9610387, 49.3008994], [36.9493794, 49.2943859], [36.9530789, 49.2902331], [36.9516672, 49.2834541], [36.931976, 49.2753856], [36.9237136, 49.2761464], [36.9248077, 49.2688997], [36.9364586, 49.2545964], [36.9463847, 49.2278548], [36.9449928, 49.2228841], [36.9374222, 49.2162314], [36.9312081, 49.2153715], [36.932977, 49.2121573], [36.9308838, 49.2041208], [36.9257095, 49.2013499], [36.9268204, 49.1977731], [36.9266994, 49.1961074], [36.9239651, 49.1946283], [36.9235483, 49.1913543], [36.9213798, 49.1894851], [36.9230085, 49.1856903], [36.9275789, 49.178928], [36.9458492, 49.1771173], [36.9500053, 49.1826068], [36.9659884, 49.1810871], [36.9706397, 49.1721604], [36.9992799, 49.1818783], [37.0408985, 49.1667713], [37.0388016, 49.1442775], [36.9969124, 49.1298483], [36.9667208, 49.1059689], [36.9852859, 49.0963236], [37.0085924, 49.0997077], [37.0305308, 49.107583], [37.0784707, 49.0919071], [37.0940727, 49.0920208], [37.1292825, 49.0595219], [37.1646447, 49.0552473], [37.2209496, 49.0520973], [37.231936, 49.0223879], [37.3577681, 48.9973431], [37.3991341, 48.9958144], [37.4530423, 49.018565], [37.4979679, 49.0197211], [37.5073878, 49.0273334], [37.5131798, 49.0238716], [37.5365181, 49.0220194], [37.5672639, 49.0301997], [37.5784469, 49.0375883], [37.6011661, 49.045861], [37.6218846, 49.0460568], [37.6285516, 49.0389652], [37.65995, 49.0336745], [37.6628501, 49.0314199], [37.6808756, 49.0347852], [37.6791629, 49.0424265], [37.6747475, 49.065623], [37.632389, 49.0906027], [37.6107569, 49.1193231], [37.6079865, 49.1708733], [37.5345435, 49.1672415], [37.4974718, 49.18962], [37.2827727, 49.2498155]]]}}, {"type": "Feature", "properties": {"name": "Liberated", "date": "2022-09-30", "layer_type": "liberated"}, "geometry": {"type": "Polygon", "coordinates": [[[33.0150578, 47.1803598], [33.0125258, 47.1825582], [33.0118819, 47.1851067], [33.0130138, 47.1863281], [33.0137595, 47.1874619], [33.0118714, 47.1910126], [33.0093609, 47.1936045], [33.0058845, 47.1962692], [33.001829, 47.196415], [33.0009063, 47.1959411], [32.9999836, 47.1934441], [33.0000909, 47.1926677], [33.0037387, 47.1919241], [33.0042, 47.1909252], [33.003052, 47.1899263], [33.000445, 47.1896639], [32.9976662, 47.1908304], [32.9940827, 47.1907429], [32.9914435, 47.189693], [32.9910787, 47.1876806], [32.9920979, 47.1869369], [32.9914864, 47.1855662], [32.9916795, 47.1832546], [32.9910572, 47.1803451], [32.9916152, 47.1766113], [32.9926237, 47.1734024], [32.9936805, 47.1717139], [32.9951664, 47.1700254], [32.9960301, 47.1682056], [32.9960542, 47.1669602], [32.995456, 47.1660211], [32.9945977, 47.1654813], [32.9934713, 47.1654522], [32.9922643, 47.1659482], [32.9917252, 47.1662108], [32.9907689, 47.1671225], [32.9897054, 47.1678738], [32.9885252, 47.1685886], [32.9878386, 47.1687783], [32.9875489, 47.168399], [32.9874577, 47.1680124], [32.9876482, 47.1674908], [32.9888364, 47.1670641], [32.9895499, 47.1664332], [32.9904001, 47.1649725], [32.9907461, 47.1631398], [32.9909661, 47.1615166], [32.9909902, 47.1598734], [32.9911163, 47.1584381], [32.9929026, 47.161017], [32.99831, 47.1627677], [33.0227498, 47.1463464], [33.0285385, 47.1623099], [33.0123619, 47.1695766], [33.0215482, 47.1787351], [33.0150578, 47.1803598]]]}}, {"type": "Feature", "properties": {"name": "Liberated", "date": "2022-09-30", "layer_type": "liberated"}, "geometry": {"type": "Polygon", "coordinates": [[[37.6299643, 49.7108026], [37.6365328, 49.7014512], [37.6299426, 49.6632016], [37.6371553, 49.641827], [37.6306685, 49.6250253], [37.699896, 49.6152111], [37.6962039, 49.6529782], [37.6732683, 49.6605766], [37.6511075, 49.6992146], [37.6650235, 49.7067742], [37.6811666, 49.7082863], [37.6883857, 49.7213402], [37.6875125, 49.7498925], [37.6718497, 49.7456454], [37.6446555, 49.7626107], [37.6299643, 49.7108026]]]}}, {"type": "Feature", "properties": {"name": "Occupied", "date": "2022-09-30", "layer_type": "russian_occupied"}, "geometry": {"type": "Polygon", "coordinates": [[[35.2525174, 46.2505709], [35.2210679, 46.2268989], [35.2090233, 46.1903722], [35.1330574, 46.1634307], [35.0290037, 46.14808], [35.0256763, 46.127811], [34.9871752, 46.1052755], [34.9733811, 46.0721051], [35.0708827, 46.0957873], [35.1518034, 46.1216585], [35.1858838, 46.1469167], [35.275482, 46.2556112], [35.3602359, 46.3546635], [35.4578294, 46.4412316], [35.6043534, 46.4804352], [35.7360032, 46.5839813], [35.9364232, 46.6585947], [36.1170931, 46.6514246], [36.1898849, 46.6670306], [36.2290436, 46.6505061], [36.2598962, 46.6186212], [36.1908498, 46.5346757], [36.1665138, 46.5276778], [36.1516335, 46.5468178], [36.1472619, 46.508948], [36.0911211, 46.4924288], [36.1167335, 46.4871992], [36.1840637, 46.4980304], [36.3170968, 46.6501447], [36.3768491, 46.7055039], [36.5871045, 46.7646623], [36.7055683, 46.7776224], [36.8012652, 46.7277543], [36.7906962, 46.6747997], [36.7783436, 46.6636496], [36.7610148, 46.6658088], [36.742359, 46.6373607], [36.7589376, 46.6217212], [36.8049871, 46.6591521], [36.8380534, 46.7057614], [36.8685198, 46.765691], [36.9019536, 46.8087899], [36.9930792, 46.8624588], [37.0368602, 46.8654582], [37.2380483, 46.9398175], [37.2972107, 46.9273264], [37.3189188, 46.8962982], [37.2805705, 46.8736902], [37.2872851, 46.863351], [37.3214636, 46.8692065], [37.526304, 47.0495337], [37.5264869, 47.0697845], [37.5878876, 47.0772638], [37.6204618, 47.0865732], [37.6273774, 47.0941014], [37.6758112, 47.0778874], [37.684032, 47.0766772], [37.6858846, 47.0804963], [37.7138794, 47.0798327], [37.7743938, 47.0875496], [37.7940835, 47.0837782], [37.8219878, 47.0908909], [37.8383095, 47.0997045], [37.8292834, 47.1127418], [37.8180535, 47.1190987], [37.8499825, 47.1742053], [37.8513558, 47.198938], [37.833503, 47.249301], [37.8338464, 47.2854117], [37.8276665, 47.3026429], [37.8348763, 47.3082302], [37.8317864, 47.3149807], [37.8245766, 47.3214977], [37.8273232, 47.3284792], [37.8292834, 47.3425074], [37.8444894, 47.3419742], [37.856849, 47.3436027], [37.8612124, 47.3478578], [37.8591525, 47.3543707], [37.8486092, 47.3501161], [37.8376229, 47.3524422], [37.8417428, 47.3584893], [37.8515994, 47.3655338], [37.841643, 47.3690218], [37.8383096, 47.3780216], [37.8503258, 47.3842983], [37.856849, 47.3928985], [37.855819, 47.403124], [37.8637154, 47.4265885], [37.8784784, 47.4416839], [37.8925547, 47.4697729], [37.7823477, 47.5859162], [37.7686147, 47.6354478], [37.801917, 47.6423879], [37.8039769, 47.6601962], [37.7644947, 47.6847015], [37.6726795, 47.7247168], [37.6375888, 47.7519939], [37.623169, 47.7731102], [37.6345486, 47.8025384], [37.6342622, 47.838423], [37.6440338, 47.8866264], [37.5759066, 47.9077328], [37.5685999, 47.9077685], [37.5350286, 47.917986], [37.5407013, 47.8815661], [37.5280859, 47.8554011], [37.5058702, 47.845921], [37.4953996, 47.809155], [37.4841197, 47.7934297], [37.4696463, 47.7807851], [37.4377864, 47.773467], [37.4251051, 47.7510839], [37.4108784, 47.7412695], [37.398621, 47.7366362], [37.3920715, 47.7401991], [37.3876407, 47.738956], [37.3790374, 47.7433381], [37.3683547, 47.7428091], [37.3678462, 47.7418087], [37.3568995, 47.7442315], [37.3544172, 47.7445792], [37.3465338, 47.7473523], [37.3319098, 47.7490964], [37.3308037, 47.7516756], [37.3323669, 47.7561416], [37.3248494, 47.7573979], [37.3171094, 47.7580051], [37.3039992, 47.7586027], [37.2962932, 47.7633797], [37.2910934, 47.7623834], [37.2868848, 47.7586953], [37.2806592, 47.7593923], [37.2797556, 47.7573485], [37.2833064, 47.7554815], [37.286342, 47.7530951], [37.2841424, 47.7510841], [37.2684675, 47.7519574], [37.2639388, 47.7305232], [37.2536497, 47.7149239], [37.2440583, 47.7166472], [37.2213503, 47.7115098], [37.2025681, 47.7171854], [37.1667805, 47.7171958], [37.1039627, 47.7140795], [37.1020021, 47.7446641], [37.0535419, 47.7436656], [36.964522, 47.7635413], [36.931931, 47.7748372], [36.903955, 47.7868254], [36.8879868, 47.7953492], [36.8735563, 47.805457], [36.8360852, 47.8152793], [36.8202493, 47.8216769], [36.8008516, 47.8216192], [36.7870329, 47.8083914], [36.7906163, 47.7989076], [36.787934, 47.7966593], [36.7811671, 47.7931944], [36.7695932, 47.7804734], [36.7325091, 47.7804865], [36.7220327, 47.7891402], [36.7079481, 47.7921414], [36.6945468, 47.7924877], [36.660036, 47.7841794], [36.6581247, 47.7764101], [36.6065339, 47.7738529], [36.5375529, 47.7167429], [36.5552546, 47.6730363], [36.538214, 47.6689171], [36.4448402, 47.6502396], [36.3683277, 47.6315602], [36.3052024, 47.5967757], [36.2676334, 47.5759913], [36.2255515, 47.5633106], [36.1872538, 47.5405371], [36.0787899, 47.5254084], [36.0304002, 47.516142], [36.0139186, 47.5103296], [35.9953037, 47.499107], [35.9589323, 47.4809483], [35.8082162, 47.4970101], [35.7132434, 47.4921281], [35.7104288, 47.5001207], [35.7022113, 47.5000623], [35.6986295, 47.4956547], [35.691872, 47.4978572], [35.6851135, 47.5028427], [35.6654653, 47.4972684], [35.6546633, 47.5009618], [35.5593185, 47.5212867], [35.5065103, 47.5136471], [35.4549898, 47.5104016], [35.4345108, 47.5141379], [35.4443467, 47.5277912], [35.3950278, 47.5209199], [35.3347223, 47.525255], [35.3228214, 47.5155116], [35.2993812, 47.5109537], [35.2878203, 47.5072123], [35.2808962, 47.5033687], [35.2746786, 47.4968778], [35.2736544, 47.4936921], [35.2807955, 47.4721641], [35.2644227, 47.4738779], [35.2026425, 47.4449743], [35.1486619, 47.445657], [35.1190963, 47.4510955], [35.0702994, 47.4507769], [35.0624319, 47.4486647], [35.046158, 47.4377275], [35.0288206, 47.4181151], [34.9686931, 47.3892045], [34.9354445, 47.3916029], [34.8837144, 47.406089], [34.8633723, 47.4208554], [34.8747419, 47.4375288], [34.8741835, 47.4494994], [34.8599235, 47.4512248], [34.8252023, 47.4647735], [34.7923046, 47.467718], [34.7491537, 47.492572], [34.7193654, 47.4920934], [34.708982, 47.4905527], [34.6894139, 47.4948642], [34.6801991, 47.5107016], [34.6420717, 47.5443897], [34.6283781, 47.5458007], [34.6180346, 47.5444616], [34.5990399, 47.5346411], [34.5862489, 47.5217799], [34.5445304, 47.5326781], [34.5331376, 47.5304299], [34.5006234, 47.4996444], [34.4358396, 47.4968841], [34.3869488, 47.5138458], [34.3727587, 47.5106463], [34.3383722, 47.4677319], [34.3349123, 47.4469725], [34.2961027, 47.4286586], [34.2696797, 47.4395195], [34.19929, 47.4120751], [34.1457254, 47.4244375], [34.1183461, 47.4205374], [34.0648743, 47.4242885], [34.0466778, 47.4176252], [34.0422354, 47.4104], [34.0196507, 47.3580093], [33.9826473, 47.2283016], [33.9271512, 47.1814188], [33.8499522, 47.1377648], [33.8407881, 47.0984953], [33.8023184, 47.0589876], [33.7227502, 47.0173544], [33.6976692, 46.9951021], [33.6956106, 46.9553908], [33.689791, 46.9215339], [33.6784469, 46.9008966], [33.6568173, 46.9046493], [33.6338234, 46.8994853], [33.6340293, 46.8662278], [33.6202993, 46.8290051], [33.4702672, 46.8209318], [33.375491, 46.7765416], [33.3691524, 46.7822006], [33.359107, 46.7856999], [33.3569043, 46.7818208], [33.3662116, 46.7732883], [33.3248985, 46.754623], [33.2866502, 46.7489573], [33.2557563, 46.7540735], [33.2422885, 46.7633934], [33.1919064, 46.7692367], [33.1516875, 46.7819188], [33.1455765, 46.7821922], [33.1364617, 46.7810842], [33.1287897, 46.7792791], [33.1145381, 46.7729614], [33.0972858, 46.7658777], [33.0839853, 46.7597036], [33.0621012, 46.7470944], [33.0441353, 46.7405882], [33.0257169, 46.7379188], [33.0097302, 46.7369916], [32.9870616, 46.7390543], [32.9353109, 46.732044], [32.9146024, 46.7277705], [32.9039352, 46.7231427], [32.8621856, 46.6985771], [32.836024, 46.6847162], [32.8153649, 46.6769739], [32.8027755, 46.6760847], [32.7971616, 46.6741048], [32.7864417, 46.6702986], [32.7588567, 46.6656057], [32.7318311, 46.6648554], [32.7211245, 46.6655909], [32.7198636, 46.6658863], [32.713963, 46.6658582], [32.6977201, 46.6620595], [32.6593408, 46.6503611], [32.6149477, 46.6173221], [32.5885651, 46.5925707], [32.5578634, 46.5970285], [32.5396214, 46.5925785], [32.5123265, 46.5917217], [32.4896464, 46.5796492], [32.4788171, 46.5717038], [32.4614565, 46.5648964], [32.3066919, 46.4956161], [32.2527452, 46.5056506], [32.2504361, 46.4820732], [32.1945942, 46.4882908], [32.1486947, 46.5145828], [32.1166462, 46.517163], [32.0439937, 46.4915104], [31.9941309, 46.4928168], [31.9665383, 46.5082456], [31.879015, 46.5354656], [31.8815641, 46.5182691], [31.8649158, 46.5175934], [31.8070728, 46.5294354], [31.7569233, 46.5479256], [31.6976527, 46.5450053], [31.6690382, 46.5387374], [31.6315001, 46.5404893], [31.5816742, 46.537219], [31.5540849, 46.5454363], [31.5305196, 46.5576033], [31.5134183, 46.5807998], [31.5112983, 46.5766614], [31.5216224, 46.561578], [31.5469521, 46.5387028], [31.6567519, 46.4688867], [31.7263209, 46.4086438], [31.7460697, 46.3764563], [31.7738399, 46.3585737], [31.7892493, 46.3733802], [31.737668, 46.4261928], [31.7083516, 46.446609], [31.6971262, 46.4472352], [31.704266, 46.4665485], [31.7420407, 46.4853092], [31.7970201, 46.4781096], [31.89212, 46.4568005], [31.9528254, 46.4374539], [31.9748459, 46.4392025], [32.0022447, 46.453429], [32.0290404, 46.4375397], [32.0355703, 46.4165629], [32.0090507, 46.3641139], [31.9697707, 46.3483597], [31.8682771, 46.3343548], [31.8234499, 46.3371015], [31.7725398, 46.3271444], [31.7455912, 46.306021], [31.7477398, 46.2981388], [31.7580932, 46.2948403], [31.7680176, 46.2965165], [31.7745083, 46.2939227], [31.7712141, 46.288838], [31.7755462, 46.2854607], [31.775112, 46.282265], [31.78213, 46.2768377], [31.7832894, 46.2725096], [31.7771981, 46.2681276], [31.7796043, 46.2644672], [31.7844089, 46.2650835], [31.7845155, 46.2688628], [31.7917038, 46.2738877], [31.8097262, 46.2720936], [31.8143596, 46.2694483], [31.8132429, 46.2647435], [31.8183057, 46.2643109], [31.8346957, 46.266138], [31.8331443, 46.2697922], [31.8351926, 46.2728282], [31.8476993, 46.2679219], [31.8507402, 46.268254], [31.8612225, 46.2721427], [31.8708329, 46.2657735], [31.8740032, 46.2652566], [31.8832899, 46.2734161], [31.8950685, 46.2807445], [31.9044902, 46.2974386], [31.9368206, 46.2921419], [31.9437442, 46.2855591], [31.9555985, 46.2658955], [31.9695132, 46.2572078], [32.0285439, 46.2455961], [32.0514181, 46.2497849], [32.077753, 46.2389204], [32.0878278, 46.2214609], [32.1211521, 46.2043925], [32.1659652, 46.196893], [32.1870241, 46.175666], [32.2061324, 46.1721801], [32.2081053, 46.1867989], [32.2218112, 46.18771], [32.2398791, 46.1785152], [32.2279414, 46.1683471], [32.2366721, 46.1501329], [32.2195204, 46.1279609], [32.5431059, 46.0616925], [32.7101943, 46.1028118], [32.9365042, 46.1016028], [33.1679366, 46.119522], [33.2823694, 46.0723123], [33.429206, 46.0254405], [33.5256314, 46.0267545], [33.4967004, 46.0702854], [33.5721609, 46.0737878], [33.5309796, 46.1101035], [33.6066801, 46.1468776], [33.6897001, 46.204334], [33.7145537, 46.1968941], [33.7405319, 46.1851281], [33.82395, 46.1870691], [34.0383336, 46.1169353], [34.1225822, 46.1081224], [34.1607715, 46.0804296], [34.2277542, 46.0608165], [34.3824645, 46.0346918], [34.4367261, 45.9681642], [34.4785519, 45.9469467], [34.5560425, 45.988691], [34.6514148, 45.9739079], [34.7008834, 45.9591791], [34.7527159, 45.9102311], [34.7828789, 45.9049747], [34.796134, 45.8920532], [34.8008812, 45.8047349], [34.9582188, 45.7600372], [34.9770528, 45.765285], [34.8959643, 45.8988106], [34.8524739, 46.0092176], [34.8346407, 46.1155296], [34.833783, 46.2001334], [34.9030041, 46.2363897], [35.0248139, 46.2563043], [35.079863, 46.2766366], [35.1177702, 46.3142433], [35.1380024, 46.3482526], [35.1783568, 46.3629189], [35.1931728, 46.3709222], [35.2017945, 46.3797144], [35.2567497, 46.3752827], [35.2614702, 46.3658773], [35.2654164, 46.3523256], [35.2690989, 46.3553905], [35.2898036, 46.3565521], [35.3041691, 46.3538716], [35.307895, 46.3482888], [35.3142642, 46.3437571], [35.3179201, 46.3378326], [35.3165158, 46.3307144], [35.3174416, 46.3170382], [35.2988051, 46.314937], [35.2925857, 46.3079961], [35.293277, 46.302449], [35.2989871, 46.2989783], [35.2525174, 46.2505709]]]}}, {"type": "Feature", "properties": {"name": "Occupied", "date": "2022-09-30", "layer_type": "russian_occupied"}, "geometry": {"type": "Polygon", "coordinates": [[[33.321765, 47.3649185], [33.3152542, 47.3674861], [33.3107116, 47.3702232], [33.3056083, 47.3689176], [33.2997952, 47.3681488], [33.2992063, 47.3663695], [33.2974149, 47.3653411], [33.2953177, 47.3654082], [33.2935825, 47.3642208], [33.292105, 47.3603882], [33.2902107, 47.3573371], [33.2892875, 47.3546881], [33.289727, 47.3539159], [33.2914917, 47.3529629], [33.2920119, 47.3522424], [33.2921821, 47.3510437], [33.2915371, 47.3495107], [33.2906568, 47.3488023], [33.2882855, 47.3476921], [33.2852974, 47.3460321], [33.2846189, 47.3454928], [33.284627, 47.3450116], [33.2851887, 47.3440973], [33.2861562, 47.3434366], [33.2865541, 47.342321], [33.287783, 47.3397567], [33.2890134, 47.3386477], [33.2909159, 47.3375697], [33.2951715, 47.3354311], [33.2969558, 47.3342454], [33.2981913, 47.3336526], [33.2996673, 47.3330072], [33.3010061, 47.331521], [33.3009716, 47.3305293], [33.3010632, 47.3296915], [33.3002936, 47.3285745], [33.299524, 47.3285337], [33.2990634, 47.3281961], [33.297618, 47.3279582], [33.296602, 47.3272986], [33.2976994, 47.3265006], [33.2990424, 47.325272], [33.299055, 47.3239851], [33.2981954, 47.3235012], [33.2975081, 47.3227356], [33.2962204, 47.3219746], [33.293817, 47.3215068], [33.2915854, 47.3217965], [33.290255, 47.3221741], [33.2893323, 47.322101], [33.2869505, 47.3210389], [33.2853725, 47.3210714], [33.2793478, 47.3223677], [33.2766785, 47.3233648], [33.2668424, 47.3272418], [33.2649416, 47.3281319], [33.2623112, 47.3295455], [33.2607404, 47.3308085], [33.2567659, 47.3342239], [33.2561561, 47.3345975], [33.25495, 47.3348716], [33.2537438, 47.3348257], [33.2520679, 47.3341682], [33.2508438, 47.3336067], [33.2488903, 47.3321436], [33.2468292, 47.3301352], [33.2454554, 47.3281129], [33.2424941, 47.3259673], [33.2406487, 47.3246943], [33.2377085, 47.3231949], [33.2343395, 47.3221898], [33.2334787, 47.3216467], [33.2331342, 47.3204733], [33.2343345, 47.3167981], [33.2353159, 47.3152473], [33.235549, 47.3143846], [33.236438, 47.3128186], [33.2381269, 47.3114973], [33.2418466, 47.3094399], [33.2449654, 47.3086628], [33.2465828, 47.3076708], [33.2505173, 47.3067951], [33.2557053, 47.3062096], [33.2583611, 47.3055656], [33.2623259, 47.3058237], [33.2672266, 47.3077569], [33.2698529, 47.307653], [33.2707659, 47.3074413], [33.2740977, 47.30719], [33.2746907, 47.3065405], [33.2757167, 47.3058665], [33.275584, 47.3041741], [33.2752216, 47.3030255], [33.2749546, 47.3011416], [33.2750786, 47.300549], [33.2757415, 47.2991176], [33.275515, 47.2973833], [33.2746019, 47.2959981], [33.2737435, 47.2949905], [33.2718124, 47.2930314], [33.2698599, 47.2922556], [33.2689266, 47.2916639], [33.2677305, 47.2906694], [33.2639996, 47.2879307], [33.2630583, 47.2878992], [33.2617076, 47.2881863], [33.2611181, 47.287602], [33.2598792, 47.287077], [33.2567091, 47.2866102], [33.2497823, 47.2863742], [33.2492219, 47.286574], [33.2472251, 47.286179], [33.2428793, 47.2868548], [33.2399767, 47.2886772], [33.2388686, 47.2888606], [33.2327394, 47.2888402], [33.2318987, 47.2895484], [33.2316929, 47.29031], [33.2309892, 47.292088], [33.2298219, 47.2923657], [33.228955, 47.2920612], [33.2282363, 47.291344], [33.2267182, 47.2913929], [33.2247711, 47.2909177], [33.2202302, 47.289504], [33.2162865, 47.2877782], [33.2144866, 47.2866823], [33.2136297, 47.2858142], [33.2119139, 47.285089], [33.2099512, 47.2840899], [33.2091467, 47.2834243], [33.2095439, 47.2830789], [33.2096138, 47.2819455], [33.2088334, 47.280651], [33.2076707, 47.2792759], [33.2050921, 47.2773475], [33.204157, 47.2763649], [33.2022708, 47.2733239], [33.2010704, 47.2721237], [33.1984968, 47.2682445], [33.1981564, 47.2665139], [33.1981579, 47.2646294], [33.1976866, 47.264124], [33.195949, 47.2633033], [33.1941256, 47.262075], [33.1937706, 47.261183], [33.1939365, 47.2576788], [33.1939994, 47.2574145], [33.1944486, 47.2572667], [33.1955199, 47.2565946], [33.1964418, 47.2555596], [33.1969886, 47.254576], [33.197734, 47.253793], [33.1999091, 47.2523238], [33.2001383, 47.2515309], [33.1996092, 47.2508141], [33.1979285, 47.2499022], [33.1958436, 47.2496502], [33.1932992, 47.2500194], [33.192027, 47.2500875], [33.1914768, 47.2497719], [33.191545, 47.2491481], [33.192137, 47.24837], [33.1938921, 47.247311], [33.1949842, 47.246461], [33.1953467, 47.2455527], [33.1952531, 47.2448346], [33.1929319, 47.2425526], [33.1916859, 47.2420817], [33.1896039, 47.2419918], [33.1873184, 47.2427334], [33.1868195, 47.2433371], [33.1867845, 47.2439594], [33.1864235, 47.2441831], [33.1860285, 47.2437705], [33.1856594, 47.2432437], [33.1850887, 47.242689], [33.1846747, 47.2416832], [33.1846394, 47.238966], [33.184193, 47.2380154], [33.1821674, 47.2370155], [33.1799102, 47.2366613], [33.1787817, 47.2369211], [33.1777024, 47.2375463], [33.1763474, 47.2378006], [33.1751549, 47.2368787], [33.1730138, 47.2336204], [33.1679523, 47.2333899], [33.166752, 47.2341779], [33.1661947, 47.2341056], [33.1638561, 47.2316217], [33.1601872, 47.2313524], [33.1584635, 47.2326383], [33.1593182, 47.2344469], [33.1626209, 47.2355843], [33.162899, 47.2359781], [33.1617506, 47.236379], [33.1591001, 47.2356144], [33.1564319, 47.2356179], [33.1526946, 47.2346578], [33.1514699, 47.2342068], [33.1507717, 47.233544], [33.1540276, 47.2300946], [33.180748, 47.2178191], [33.2228419, 47.151892], [33.2010716, 47.1432582], [33.1597854, 47.1161441], [33.1196567, 47.0887819], [33.0841661, 47.1045385], [33.008947, 47.1291949], [33.0028008, 47.1316446], [33.0019681, 47.129874], [33.0010797, 47.1296895], [32.9999918, 47.127933], [32.9989759, 47.1267043], [32.996408, 47.12536], [32.9943946, 47.1240747], [32.9926468, 47.1227361], [32.9876531, 47.1206943], [32.9819731, 47.1196744], [32.9764548, 47.1183564], [32.9727088, 47.1170839], [32.9701921, 47.1160972], [32.9662593, 47.1157529], [32.9628247, 47.11586], [32.9521788, 47.1173589], [32.950676, 47.1170619], [32.9503748, 47.1157426], [32.9509647, 47.1141743], [32.9520967, 47.1127771], [32.9538294, 47.1117303], [32.9566509, 47.1104545], [32.9594615, 47.1095978], [32.9636348, 47.1087021], [32.966365, 47.1083417], [32.9700047, 47.108366], [32.9716528, 47.108086], [32.9723997, 47.1077183], [32.9728821, 47.1072413], [32.9738793, 47.1050117], [32.9738896, 47.1033516], [32.9736423, 47.101341], [32.9730401, 47.1004263], [32.9726961, 47.0994724], [32.9700347, 47.0975251], [32.9672015, 47.0970484], [32.9643683, 47.0970975], [32.961578, 47.097614], [32.9593026, 47.0985687], [32.9553943, 47.1008234], [32.9510796, 47.1054268], [32.950112, 47.105999], [32.9487321, 47.1062429], [32.9446057, 47.1060193], [32.9422606, 47.1053721], [32.9396582, 47.1040238], [32.9390882, 47.1031382], [32.9385527, 47.1016892], [32.9376412, 47.1002636], [32.9358123, 47.0942045], [32.9344689, 47.0878441], [32.933469, 47.0864508], [32.9303407, 47.0845755], [32.9262684, 47.0835182], [32.9249216, 47.0835416], [32.9237464, 47.0839741], [32.9166323, 47.0851019], [32.9153862, 47.0857051], [32.9136903, 47.087234], [32.9134001, 47.0879692], [32.9096067, 47.091896], [32.9089495, 47.0936378], [32.9087213, 47.0970158], [32.910595, 47.1006227], [32.9133345, 47.103507], [32.9136279, 47.1043757], [32.9131902, 47.1052925], [32.9107396, 47.1077081], [32.9057997, 47.1103572], [32.9020051, 47.112247], [32.899979, 47.1129582], [32.8950177, 47.1136351], [32.8939187, 47.1133188], [32.8932417, 47.1127459], [32.892045, 47.1111451], [32.8912106, 47.1091472], [32.8907506, 47.1065125], [32.8909772, 47.1034104], [32.8948015, 47.0966294], [32.89534, 47.095021], [32.8973259, 47.0919379], [32.8983674, 47.089147], [32.897724, 47.0881152], [32.8943983, 47.0868104], [32.8845939, 47.0823491], [32.8752944, 47.0787176], [32.8715892, 47.0769585], [32.8702517, 47.0768382], [32.8646047, 47.0788821], [32.8624668, 47.0792606], [32.8527287, 47.0787482], [32.8489747, 47.0800107], [32.8479554, 47.0827458], [32.8463295, 47.0846394], [32.8439711, 47.08582], [32.845624, 47.0887186], [32.8136276, 47.098335], [32.7796722, 47.0987641], [32.7616162, 47.0823217], [32.7181719, 47.068209], [32.6735537, 47.0678401], [32.6389928, 47.0657219], [32.5649619, 47.0524187], [32.5199405, 47.044387], [32.5159312, 47.0272845], [32.5150734, 47.0206741], [32.5070862, 47.0057721], [32.4872602, 46.998126], [32.4765316, 46.9847777], [32.4226403, 46.9590115], [32.4523871, 46.9224495], [32.4790588, 46.8698018], [32.4237936, 46.8670294], [32.3765699, 46.8713688], [32.3567438, 46.8668509], [32.3612837, 46.8562256], [32.3619703, 46.8500037], [32.3638323, 46.8319394], [32.3042471, 46.7773434], [32.2585526, 46.7546086], [32.2175168, 46.7496435], [32.170577, 46.7457602], [32.1688604, 46.7238768], [32.165821, 46.7021817], [32.1462516, 46.7063019], [32.1440085, 46.6327955], [32.1182709, 46.6310297], [32.0949749, 46.6340632], [32.0881623, 46.6168188], [32.1032104, 46.6110575], [32.1129214, 46.6041075], [32.1180811, 46.5962135], [32.1379079, 46.555622], [32.1852864, 46.5746236], [32.2090614, 46.5762756], [32.2234354, 46.5812322], [32.2457109, 46.5914952], [32.2591005, 46.5898437], [32.2760187, 46.5821029], [32.2816602, 46.5763853], [32.2968393, 46.5689243], [32.3012001, 46.5560336], [32.3152555, 46.5509408], [32.3439442, 46.547518], [32.3588567, 46.5496107], [32.3668796, 46.5475374], [32.3876456, 46.5473991], [32.3975775, 46.5532163], [32.4121473, 46.559209], [32.418972, 46.5603338], [32.4291002, 46.5589468], [32.4466042, 46.5616287], [32.4775359, 46.5740403], [32.4847765, 46.5816493], [32.4968048, 46.5865842], [32.5035874, 46.5927555], [32.5112294, 46.595122], [32.5205905, 46.5960622], [32.5387493, 46.5950538], [32.5467255, 46.596168], [32.557449, 46.5995523], [32.5725442, 46.5968551], [32.5793889, 46.5965599], [32.5806125, 46.5982397], [32.579615, 46.6015564], [32.5886601, 46.6030447], [32.629977, 46.6314823], [32.6457378, 46.644146], [32.6550457, 46.6530871], [32.6621531, 46.6563864], [32.6847422, 46.6629851], [32.6900929, 46.6646356], [32.6950578, 46.6664921], [32.7003139, 46.6680203], [32.7055702, 46.6692169], [32.7108206, 46.670698], [32.7177901, 46.6735527], [32.7191859, 46.6738123], [32.7198636, 46.6658863], [32.7211245, 46.6655909], [32.7204453, 46.6741235], [32.7265598, 46.675019], [32.7397455, 46.6743829], [32.7502782, 46.6730268], [32.7581556, 46.6726159], [32.7672322, 46.6725501], [32.7775964, 46.6731313], [32.7850445, 46.6742572], [32.7933287, 46.6766528], [32.7951478, 46.6773583], [32.7971616, 46.6741048], [32.7979193, 46.6743734], [32.7958321, 46.6776227], [32.8026964, 46.6803456], [32.8200644, 46.6843303], [32.8348487, 46.6901699], [32.8385394, 46.6940371], [32.869186, 46.7066438], [32.8818926, 46.7152193], [32.892714, 46.7206158], [32.8998536, 46.7248178], [32.9033192, 46.7259252], [32.9133446, 46.7319047], [32.9239584, 46.7352726], [32.9338597, 46.7367115], [32.9422617, 46.7388171], [32.9623394, 46.740272], [32.9767477, 46.7423554], [32.996296, 46.7420462], [33.0007182, 46.7430734], [33.0136828, 46.7420641], [33.0363423, 46.7428876], [33.0949717, 46.7690037], [33.1160149, 46.775871], [33.1182563, 46.7772751], [33.1431089, 46.7863384], [33.1538027, 46.7868769], [33.164967, 46.7886064], [33.179592, 46.7883558], [33.1846899, 46.7889124], [33.1908514, 46.7878064], [33.2054061, 46.7880898], [33.2079998, 46.7866298], [33.2103145, 46.7839943], [33.2121327, 46.7830137], [33.2150714, 46.7828662], [33.2189549, 46.7839599], [33.2212293, 46.7849213], [33.2270657, 46.7857649], [33.2335461, 46.7861673], [33.2412334, 46.7848594], [33.2428266, 46.7841684], [33.2528572, 46.7832114], [33.2575022, 46.7836324], [33.2603447, 46.7827603], [33.2725528, 46.7826907], [33.2808953, 46.7841748], [33.283225, 46.7840864], [33.2870206, 46.7810185], [33.2880813, 46.7804984], [33.2925966, 46.779273], [33.29671, 46.77634], [33.3017603, 46.7745443], [33.3090124, 46.7742365], [33.3156105, 46.7751917], [33.3237592, 46.7772709], [33.3307069, 46.7794965], [33.351202, 46.7791429], [33.3535113, 46.7796149], [33.3569043, 46.7818208], [33.359107, 46.7856999], [33.3823343, 46.8056755], [33.4014134, 46.8215723], [33.4132893, 46.8287743], [33.4432133, 46.8404672], [33.4717737, 46.8472203], [33.5086542, 46.8581315], [33.5905495, 46.853824], [33.5991266, 46.8942143], [33.5987808, 46.9347217], [33.6551155, 46.985062], [33.6620523, 46.9999038], [33.6574147, 47.0469396], [33.7665884, 47.0970999], [33.7895228, 47.132385], [33.7817432, 47.1787464], [33.804309, 47.1896433], [33.8253366, 47.1951697], [33.8549139, 47.2072308], [33.8656744, 47.2096815], [33.8847869, 47.220094], [33.902891, 47.2324757], [33.9139764, 47.2449577], [33.9193697, 47.2719297], [33.9664246, 47.3030694], [33.9759094, 47.3560771], [33.9749812, 47.3872984], [33.9572192, 47.4182864], [33.90958, 47.4217531], [33.8698299, 47.4039107], [33.8272929, 47.3923237], [33.726596, 47.373265], [33.7377898, 47.4006999], [33.7248794, 47.4146346], [33.6729078, 47.4073129], [33.6207167, 47.3697838], [33.5919282, 47.3814604], [33.5904527, 47.4096195], [33.5674138, 47.4210864], [33.5184649, 47.4544486], [33.4910885, 47.4535319], [33.4622298, 47.4451763], [33.4356333, 47.4290364], [33.4159896, 47.4370473], [33.4035539, 47.4348376], [33.4052179, 47.4271896], [33.4076738, 47.4254313], [33.407277, 47.4234556], [33.4025031, 47.4213057], [33.396842, 47.417637], [33.3878594, 47.4163996], [33.3788771, 47.4163231], [33.3766184, 47.4171562], [33.3736934, 47.418526], [33.3697384, 47.4194311], [33.3687874, 47.4187681], [33.3671962, 47.4173912], [33.3667438, 47.4165867], [33.365831, 47.4132223], [33.3662328, 47.4120046], [33.3655754, 47.4105245], [33.3654292, 47.4056985], [33.3661772, 47.4015249], [33.3671519, 47.3993219], [33.3672957, 47.3976974], [33.3684475, 47.395955], [33.3697708, 47.3940963], [33.3699783, 47.3923537], [33.3703394, 47.3909013], [33.3738486, 47.3882826], [33.3762897, 47.3869735], [33.3764802, 47.385796], [33.3756313, 47.3818366], [33.3718597, 47.379392], [33.37006, 47.3793902], [33.3691601, 47.37875], [33.369826, 47.3767444], [33.3689471, 47.3757268], [33.3685391, 47.372892], [33.3619131, 47.3690442], [33.3584291, 47.367876], [33.3548849, 47.3650828], [33.3501089, 47.3643256], [33.3481501, 47.3644703], [33.3468363, 47.3650042], [33.3459499, 47.3655156], [33.3452138, 47.3650677], [33.3460286, 47.3618645], [33.3455389, 47.3608656], [33.3425626, 47.360318], [33.3395435, 47.3606859], [33.3378333, 47.3625652], [33.335476, 47.3629961], [33.3322375, 47.3643161], [33.3299316, 47.3639295], [33.321765, 47.3649185]]]}}, {"type": "Feature", "properties": {"name": "Liberated", "date": "2022-09-30", "layer_type": "liberated"}, "geometry": {"type": "Polygon", "coordinates": [[[36.5599313, 50.2507963], [36.5686499, 50.2577678], [36.574008, 50.2552685], [36.5778942, 50.258635], [36.5751086, 50.2606715], [36.5803646, 50.2625845], [36.5756486, 50.2742462], [36.573643, 50.2753741], [36.5938055, 50.2758283], [36.5935638, 50.2780791], [36.5913182, 50.2785121], [36.5895515, 50.2793455], [36.588153, 50.2811608], [36.5880328, 50.2816981], [36.5887666, 50.283859], [36.5865368, 50.2852273], [36.5829326, 50.2862815], [36.5712192, 50.2857476], [36.5633634, 50.2848067], [36.5607892, 50.2842356], [36.5561281, 50.2813658], [36.5254193, 50.2859719], [36.5272544, 50.2926586], [36.5237835, 50.2935688], [36.52093, 50.2932246], [36.5189026, 50.2938612], [36.5175831, 50.293922], [36.5166941, 50.2939814], [36.5163629, 50.2953568], [36.5156577, 50.2959142], [36.5127589, 50.2957669], [36.5111508, 50.2953694], [36.5007018, 50.2992484], [36.4978805, 50.302051], [36.4927119, 50.3045198], [36.4896888, 50.307838], [36.4899511, 50.3099244], [36.4876531, 50.3116651], [36.472289, 50.3131612], [36.4403174, 50.3109799], [36.4336977, 50.3306813], [36.4292452, 50.3296951], [36.4255433, 50.3282704], [36.423633, 50.326599], [36.421691, 50.324133], [36.4092992, 50.3124459], [36.400835, 50.3071702], [36.373927, 50.30029], [36.3788622, 50.2933816], [36.3674031, 50.2885835], [36.3612668, 50.2872672], [36.354359, 50.2887798], [36.3309273, 50.2895626], [36.2972827, 50.2922416], [36.2992128, 50.2991033], [36.2863791, 50.2985904], [36.2853921, 50.3041001], [36.28492, 50.3058546], [36.2768089, 50.3174201], [36.2804137, 50.3230648], [36.2743627, 50.3239964], [36.2850487, 50.3349548], [36.255507, 50.3553653], [36.2419957, 50.358383], [36.2339479, 50.3637348], [36.2311989, 50.3713449], [36.2142893, 50.3835235], [36.2023615, 50.396405], [36.1850529, 50.4066029], [36.1770769, 50.4016182], [36.1697056, 50.4104182], [36.160795, 50.4317766], [36.1357179, 50.4376792], [36.117806, 50.4383144], [36.1038193, 50.4419129], [36.0899949, 50.4244097], [36.0645078, 50.4108806], [36.0380045, 50.4004071], [36.040718, 50.387073], [36.055099, 50.3702358], [36.0806334, 50.3781343], [36.0972499, 50.3860309], [36.1706767, 50.3472125], [36.1548, 50.3322039], [36.1272333, 50.3248327], [36.1316117, 50.3149039], [36.1272352, 50.292689], [36.1435431, 50.2850116], [36.1579117, 50.25853], [36.2087445, 50.2502145], [36.2256169, 50.252947], [36.2376492, 50.2455451], [36.2469184, 50.2441238], [36.2490632, 50.2421778], [36.2640381, 50.2352085], [36.2636509, 50.224057], [36.2589073, 50.2139749], [36.276238, 50.2072254], [36.2876442, 50.2012181], [36.2902147, 50.1994264], [36.2908968, 50.1979644], [36.2820478, 50.1941611], [36.2816736, 50.1878748], [36.2857077, 50.1861163], [36.3021885, 50.1838128], [36.3441985, 50.1685107], [36.3832613, 50.1502803], [36.4179366, 50.143609], [36.4924572, 50.1496148], [36.5487057, 50.1420142], [36.5548751, 50.148294], [36.6073518, 50.1604745], [36.6495489, 50.1756785], [36.6797425, 50.1795928], [36.7048488, 50.1783521], [36.752136, 50.1542719], [36.7718978, 50.1607468], [36.8045352, 50.1611711], [36.8195426, 50.1536676], [36.8323976, 50.151512], [36.8195042, 50.1332934], [36.8128111, 50.0645526], [36.8218092, 50.0280709], [36.8908314, 50.0115917], [36.9186262, 49.9995048], [36.8938548, 49.9762358], [36.9144294, 49.9526798], [36.9583184, 49.9291149], [37.0389492, 49.9234329], [36.9777568, 49.8821106], [36.972607, 49.8750309], [36.9626507, 49.8655159], [37.0039222, 49.8424104], [37.0070401, 49.8300984], [36.9246422, 49.7899968], [36.8851134, 49.7582778], [36.8457292, 49.7336541], [36.7971759, 49.7229684], [36.7806422, 49.6212216], [36.7929551, 49.5497187], [36.7874347, 49.4759421], [36.8256563, 49.4074254], [36.8289822, 49.4072579], [36.8383621, 49.4051672], [36.8894732, 49.3809177], [36.9186961, 49.3873245], [37.0047568, 49.3807624], [37.0063504, 49.3764189], [37.0258467, 49.37957], [37.0381587, 49.3810105], [37.0503025, 49.3813834], [37.0510104, 49.3833618], [37.0599155, 49.3840827], [37.0685352, 49.3805805], [37.0838454, 49.3665713], [37.1034719, 49.3573837], [37.1063954, 49.3501143], [37.1091463, 49.3402169], [37.1190175, 49.3358546], [37.1359258, 49.3362449], [37.1567623, 49.3318726], [37.1630892, 49.3161988], [37.1935373, 49.3136202], [37.2827727, 49.2498155], [37.4974718, 49.18962], [37.5371168, 49.2205729], [37.5498496, 49.2282955], [37.5333401, 49.2399166], [37.4943816, 49.2515031], [37.5022802, 49.2751657], [37.5620615, 49.302768], [37.5446392, 49.3417957], [37.5450561, 49.3817175], [37.5587742, 49.4249021], [37.6270889, 49.4542765], [37.6486016, 49.5010245], [37.690198, 49.5325057], [37.6511917, 49.582331], [37.6306685, 49.6250253], [37.6371553, 49.641827], [37.6299426, 49.6632016], [37.6365328, 49.7014512], [37.6299643, 49.7108026], [37.6446555, 49.7626107], [37.6840876, 49.812453], [37.6930407, 49.8412098], [37.7134016, 49.8509012], [37.7334113, 49.8608162], [37.7351715, 49.8714532], [37.7548516, 49.8975922], [37.7667543, 49.8996518], [37.7737475, 49.9070895], [37.7854378, 49.9323364], [37.803663, 49.9419935], [37.8198709, 49.9562223], [37.8317043, 49.9716448], [37.8546956, 49.9702365], [37.8749072, 49.9800614], [37.8866616, 49.9801694], [37.8875134, 49.9877793], [37.8928308, 49.9890967], [37.9017554, 50.0036567], [37.9130743, 50.003076], [37.9247346, 50.0123939], [37.9400462, 50.0151402], [37.9333177, 50.0235343], [37.9301194, 50.0274039], [37.9267272, 50.0342509], [37.9222154, 50.037343], [37.9029164, 50.046732], [37.8923823, 50.0507909], [37.8841867, 50.0522386], [37.8603365, 50.0555289], [37.8554098, 50.0575752], [37.8485943, 50.0595111], [37.8303041, 50.0663569], [37.8184034, 50.0718438], [37.7976141, 50.0842419], [37.7903281, 50.0834566], [37.77682, 50.0815963], [37.755685, 50.0784787], [37.7476772, 50.0872801], [37.7468942, 50.0902862], [37.7432589, 50.094482], [37.7396876, 50.09737], [37.7381329, 50.0984547], [37.7347326, 50.102072], [37.7295295, 50.104712], [37.7256993, 50.1070489], [37.7197541, 50.1136768], [37.7077161, 50.1271945], [37.7084635, 50.1335591], [37.7034094, 50.1340647], [37.6985267, 50.1352304], [37.6909916, 50.1426224], [37.682768, 50.1457779], [37.6747933, 50.1498304], [37.6711094, 50.1512427], [37.6670481, 50.1557225], [37.6542126, 50.1660656], [37.6504962, 50.1714977], [37.6440324, 50.174016], [37.6406098, 50.177706], [37.6398474, 50.1814235], [37.6435998, 50.1908655], [37.6148134, 50.2169824], [37.6272386, 50.2420886], [37.6264219, 50.2928495], [37.6288489, 50.2965057], [37.6380363, 50.3025328], [37.6355593, 50.3112495], [37.629797, 50.3138269], [37.6086275, 50.316499], [37.5950274, 50.3162107], [37.585698, 50.3143593], [37.576876, 50.3063627], [37.5554426, 50.3296499], [37.5212797, 50.3364079], [37.5058871, 50.352039], [37.4850657, 50.3567591], [37.4823099, 50.3627101], [37.473198, 50.3686128], [37.4661416, 50.3826723], [37.4657523, 50.4300519], [37.4825358, 50.4314915], [37.4844928, 50.4450027], [37.4909154, 50.4573936], [37.4768588, 50.4595046], [37.4732658, 50.4556966], [37.4690725, 50.4535553], [37.4325183, 50.4436876], [37.4213115, 50.4349545], [37.3968633, 50.4311436], [37.3769383, 50.4327494], [37.3525331, 50.4374574], [37.3322044, 50.4369707], [37.3196865, 50.4328354], [37.3101224, 50.4264121], [37.3091346, 50.4230588], [37.2996159, 50.4061639], [37.2923209, 50.4011996], [37.2644211, 50.3940201], [37.2578968, 50.3909966], [37.2560166, 50.3925961], [37.2222615, 50.3792804], [37.2233363, 50.377942], [37.1968156, 50.3691644], [37.1836692, 50.363709], [37.1608704, 50.3588355], [37.1490262, 50.3558239], [37.1383396, 50.3609985], [37.1032561, 50.357316], [37.1055093, 50.3516069], [37.0738349, 50.3469003], [37.0597588, 50.3471051], [37.0447837, 50.3449659], [37.0379634, 50.3486626], [36.9574209, 50.3491802], [36.9376449, 50.350224], [36.9152938, 50.346287], [36.882156, 50.336552], [36.8722411, 50.3357038], [36.8543892, 50.3298951], [36.8525045, 50.3278929], [36.8340251, 50.3139125], [36.8071566, 50.3107914], [36.8002037, 50.3063524], [36.7684502, 50.3027299], [36.7642445, 50.2907495], [36.757441, 50.2895915], [36.7538884, 50.2896398], [36.7478995, 50.287467], [36.750267, 50.2863092], [36.7506956, 50.2830016], [36.7498369, 50.2809005], [36.7399355, 50.2829553], [36.7288619, 50.2773295], [36.7201284, 50.2774436], [36.6946388, 50.2690885], [36.6887613, 50.2668681], [36.6829359, 50.2570278], [36.6840638, 50.250425], [36.679584, 50.2378234], [36.6641098, 50.2221715], [36.6480306, 50.217714], [36.6400623, 50.2223168], [36.6152393, 50.2279209], [36.6134889, 50.2237259], [36.5942325, 50.2325734], [36.5599313, 50.2507963]]]}}, {"type": "Feature", "properties": {"name": "Liberated", "date": "2022-09-30", "layer_type": "liberated"}, "geometry": {"type": "Polygon", "coordinates": [[[37.6295005, 49.2910332], [37.5620615, 49.302768], [37.5022802, 49.2751657], [37.4943816, 49.2515031], [37.5333401, 49.2399166], [37.5498496, 49.2282955], [37.5371168, 49.2205729], [37.4974718, 49.18962], [37.5345435, 49.1672415], [37.6079865, 49.1708733], [37.6107569, 49.1193231], [37.632389, 49.0906027], [37.6747475, 49.065623], [37.6791629, 49.0424265], [37.7145729, 49.0750697], [37.7151298, 49.090153], [37.7441502, 49.1009196], [37.7646105, 49.1244264], [37.7817128, 49.1274628], [37.8031845, 49.1251196], [37.8232914, 49.1283751], [37.8817271, 49.122968], [37.9061398, 49.1229537], [37.903776, 49.1350706], [37.8467271, 49.1724028], [37.8332242, 49.182844], [37.7602472, 49.2210208], [37.703979, 49.2425406], [37.6861189, 49.2797371], [37.6295005, 49.2910332]]]}}, {"type": "Feature", "properties": {"name": "Liberated", "date": "2022-09-30", "layer_type": "liberated"}, "geometry": {"type": "Polygon", "coordinates": [[[37.8621853, 48.9377891], [37.9135208, 48.9054308], [37.9228092, 48.9003286], [37.9322336, 48.8983758], [37.936541, 48.9048549], [37.9447807, 48.9103835], [37.9525055, 48.911963], [37.956482, 48.9102597], [37.9839022, 48.9221539], [37.9978252, 48.9418384], [37.9799538, 48.9561802], [37.9262818, 48.9518702], [37.8621853, 48.9377891]]]}}]}