{"type": "FeatureCollection", "features": [{"type": "Feature", "properties": {"name": "Liberated", "date": "2023-09-30", "layer_type": "liberated"}, "geometry": {"type": "Polygon", "coordinates": [[[37.8854933, 48.6803056], [37.8896509, 48.6818103], [37.8937229, 48.6823515], [37.8963358, 48.6824112], [37.9000647, 48.6815076], [37.908195, 48.6868984], [37.9091163, 48.6903057], [37.9084701, 48.6938342], [37.9107833, 48.6985685], [37.9003494, 48.7035992], [37.89168, 48.701717], [37.8863776, 48.6981915], [37.8812584, 48.6914905], [37.8798851, 48.6862777], [37.8854933, 48.6803056]]]}}, {"type": "Feature", "properties": {"name": "Liberated", "date": "2023-09-30", "layer_type": "liberated"}, "geometry": {"type": "Polygon", "coordinates": [[[37.877822, 48.659992], [37.8724484, 48.6564649], [37.8722252, 48.6512368], [37.8798459, 48.6411208], [37.8865311, 48.6471308], [37.8873809, 48.6532265], [37.877822, 48.659992]]]}}, {"type": "Feature", "properties": {"name": "Liberated", "date": "2023-09-30", "layer_type": "liberated"}, "geometry": {"type": "Polygon", "coordinates": [[[37.7243902, 48.1080777], [37.7216643, 48.1098451], [37.715218, 48.1099951], [37.7133203, 48.1127809], [37.7069733, 48.1090668], [37.7078366, 48.1032895], [37.7207202, 48.1039419], [37.7236606, 48.0998815], [37.7313646, 48.0978557], [37.7415283, 48.0978374], [37.7484133, 48.0986417], [37.7441461, 48.1044578], [37.7379126, 48.1071046], [37.7296909, 48.1081441], [37.7243902, 48.1080777]]]}}, {"type": "Feature", "properties": {"name": "Liberated", "date": "2023-09-30", "layer_type": "liberated"}, "geometry": {"type": "Polygon", "coordinates": [[[37.2559609, 47.7696254], [37.2546305, 47.7636255], [37.2597803, 47.7636255], [37.2653302, 47.7659731], [37.2857939, 47.7642474], [37.2926924, 47.76669], [37.2983747, 47.7692651], [37.3000042, 47.7732221], [37.2974581, 47.7750251], [37.2891855, 47.7687014], [37.2725001, 47.7709568], [37.2741738, 47.7807049], [37.2723284, 47.7809067], [37.2712985, 47.7772154], [37.2682515, 47.7775038], [37.2688094, 47.7821179], [37.259883, 47.7793783], [37.2575226, 47.7777057], [37.2559609, 47.7696254]]]}}, {"type": "Feature", "properties": {"name": "Liberated", "date": "2023-09-30", "layer_type": "liberated"}, "geometry": {"type": "Polygon", "coordinates": [[[37.4989452, 47.8117443], [37.512475, 47.823969], [37.4915638, 47.8232713], [37.4864139, 47.8191219], [37.4816074, 47.8111679], [37.4989452, 47.8117443]]]}}, {"type": "Feature", "properties": {"name": "Liberated", "date": "2023-09-30", "layer_type": "liberated"}, "geometry": {"type": "Polygon", "coordinates": [[[38.0764173, 48.746263], [38.0741791, 48.742628], [38.0795828, 48.7362256], [38.0797094, 48.7327406], [38.0844931, 48.732583], [38.0935701, 48.744992], [38.0764173, 48.746263]]]}}, {"type": "Feature", "properties": {"name": "Liberated", "date": "2023-09-30", "layer_type": "liberated"}, "geometry": {"type": "Polygon", "coordinates": [[[37.9565878, 48.512953], [37.9512022, 48.5017878], [37.9506242, 48.4906788], [37.9431951, 48.4824002], [37.9435694, 48.4755164], [37.947051, 48.4727695], [37.9497992, 48.4762475], [37.9484695, 48.4827924], [37.9509379, 48.483861], [37.9626761, 48.484546], [37.9685581, 48.4916444], [37.9707643, 48.4972363], [37.9698807, 48.5036246], [37.9686437, 48.5113564], [37.9714479, 48.5167559], [37.9740569, 48.5258449], [37.9689316, 48.5290378], [37.9728923, 48.5338456], [37.9768741, 48.5385819], [37.975074, 48.5395247], [37.9678973, 48.5408699], [37.9640678, 48.5426269], [37.9591579, 48.5474255], [37.9560507, 48.5454616], [37.9532857, 48.5382922], [37.9552003, 48.5305528], [37.9598424, 48.5223782], [37.9565878, 48.512953]]]}}, {"type": "Feature", "properties": {"name": "Liberated", "date": "2023-09-30", "layer_type": "liberated"}, "geometry": {"type": "Polygon", "coordinates": [[[38.0146746, 48.7461191], [38.0166037, 48.7425535], [38.0260857, 48.7447607], [38.0271971, 48.7508159], [38.0314012, 48.7522524], [38.0305363, 48.7545331], [38.028691, 48.7558063], [38.0246998, 48.7510529], [38.0242707, 48.747629], [38.0146746, 48.7461191]]]}}, {"type": "Feature", "properties": {"name": "Liberated", "date": "2023-09-30", "layer_type": "liberated"}, "geometry": {"type": "Polygon", "coordinates": [[[37.9155804, 48.6227178], [37.9239827, 48.6183949], [37.928875, 48.6146499], [37.9318791, 48.6103372], [37.9322707, 48.6096527], [37.9329198, 48.608883], [37.9347544, 48.6078969], [37.935087, 48.6079962], [37.9337728, 48.6088333], [37.9334884, 48.6093441], [37.9330486, 48.6096917], [37.9342663, 48.6102131], [37.9364281, 48.6093512], [37.9365139, 48.6084112], [37.9364013, 48.6079342], [37.9357307, 48.6076557], [37.9360419, 48.6074429], [37.937104, 48.6078259], [37.9375922, 48.6082728], [37.9378014, 48.608663], [37.943123, 48.607528], [37.9480303, 48.6042656], [37.951946, 48.6056631], [37.9545742, 48.6047619], [37.9632641, 48.6075562], [37.9634782, 48.6096259], [37.9592723, 48.6153544], [37.9599186, 48.620434], [37.9566165, 48.6235844], [37.9474561, 48.6269875], [37.9461815, 48.6285122], [37.9448084, 48.6324829], [37.9436925, 48.6353191], [37.9380695, 48.6344093], [37.9326832, 48.6349753], [37.9298718, 48.6344067], [37.9267381, 48.6351979], [37.9225743, 48.6350815], [37.9192526, 48.6328574], [37.9110046, 48.6328503], [37.8975624, 48.6361609], [37.8942574, 48.633935], [37.9117224, 48.6290993], [37.9155804, 48.6227178]]]}}, {"type": "Feature", "properties": {"name": "Liberated", "date": "2023-09-30", "layer_type": "liberated"}, "geometry": {"type": "Polygon", "coordinates": [[[37.8817395, 48.5482276], [37.8788082, 48.5428918], [37.8775454, 48.5424928], [37.8793397, 48.5382706], [37.875795, 48.5373033], [37.8767693, 48.5355977], [37.879224, 48.5361653], [37.8824902, 48.5280334], [37.8840017, 48.5278815], [37.892946, 48.5187146], [37.8889978, 48.5175207], [37.8903711, 48.5149623], [37.8958642, 48.5159857], [37.9029772, 48.5085464], [37.8993577, 48.5056889], [37.90062, 48.501476], [37.904604, 48.498735], [37.899802, 48.488679], [37.921132, 48.47686], [37.92299, 48.471514], [37.9349391, 48.4664526], [37.9395327, 48.4594929], [37.9335246, 48.4527191], [37.930434, 48.449775], [37.9360995, 48.443724], [37.9411206, 48.4444926], [37.9377303, 48.4519221], [37.9433093, 48.4553376], [37.9524929, 48.458753], [37.9542956, 48.4604605], [37.947051, 48.4727695], [37.9435694, 48.4755164], [37.9431951, 48.4824002], [37.9506242, 48.4906788], [37.9512022, 48.5017878], [37.9565878, 48.512953], [37.9598424, 48.5223782], [37.9552003, 48.5305528], [37.9532857, 48.5382922], [37.9560507, 48.5454616], [37.9591579, 48.5474255], [37.9570485, 48.5541714], [37.9652787, 48.5612418], [37.9611163, 48.5680227], [37.953349, 48.5617391], [37.9391849, 48.5598355], [37.9256661, 48.5635128], [37.913616, 48.56037], [37.9025962, 48.5624521], [37.8978231, 48.5579522], [37.8927257, 48.5592143], [37.8892925, 48.5616569], [37.8795078, 48.5609184], [37.8755596, 48.5586462], [37.8800228, 48.5535901], [37.8772762, 48.5504085], [37.8817395, 48.5482276]]]}}, {"type": "Feature", "properties": {"name": "Liberated 25.03", "date": "2023-09-30", "layer_type": "liberated"}, "geometry": {"type": "Polygon", "coordinates": [[[34.942155, 50.490566], [34.926154, 50.489762], [34.918396, 50.473666], [34.938031, 50.468261], [34.942413, 50.454604], [34.966429, 50.452582], [34.970557, 50.457859], [34.987412, 50.455088], [34.992964, 50.460483], [34.984814, 50.471273], [34.992919, 50.480133], [34.980999, 50.494999], [34.975854, 50.498777], [34.971893, 50.501611], [34.965765, 50.498264], [34.946551, 50.488991], [34.942155, 50.490566]]]}}, {"type": "Feature", "properties": {"name": "Liberated", "date": "2023-09-30", "layer_type": "liberated"}, "geometry": {"type": "Polygon", "coordinates": [[[32.145013, 46.939465], [32.166726, 46.944245], [32.157444, 46.996877], [32.188694, 47.035458], [32.228456, 47.029637], [32.366269, 47.044463], [32.3661, 47.056441], [32.197495, 47.045812], [32.194321, 47.060306], [32.165478, 47.048876], [32.167923, 47.041657], [32.140203, 47.023822], [32.114839, 47.042453], [32.03794, 47.049695], [32.149692, 47.20993], [32.116441, 47.351815], [32.121476, 47.360014], [32.221287, 47.373768], [32.243054, 47.315028], [32.237441, 47.2824], [32.253794, 47.241387], [32.273914, 47.254586], [32.27208, 47.345122], [32.294535, 47.366938], [32.298212, 47.39445], [32.261787, 47.399996], [32.207108, 47.395446], [32.188722, 47.389092], [32.116101, 47.382719], [32.118663, 47.392031], [32.119521, 47.400407], [32.088768, 47.466635], [32.080601, 47.497048], [32.084293, 47.50747], [32.100216, 47.51013], [32.105154, 47.515804], [32.103622, 47.528067], [32.097142, 47.536457], [32.099052, 47.549692], [32.103098, 47.565114], [32.104059, 47.579376], [32.104203, 47.619331], [32.024095, 47.613827], [31.925858, 47.605115], [31.919896, 47.632598], [31.874671, 47.628645], [31.869386, 47.662282], [31.862015, 47.683952], [31.82837, 47.685739], [31.806622, 47.681485], [31.758883, 47.674128], [31.621592, 47.652366], [31.560313, 47.638965], [31.51659, 47.624514], [31.476323, 47.610277], [31.426488, 47.591913], [31.372569, 47.573758], [31.342391, 47.559711], [31.33769, 47.557783], [31.340284, 47.552843], [31.342685, 47.552108], [31.343757, 47.550322], [31.35395, 47.554481], [31.388328, 47.567099], [31.522805, 47.610284], [31.569267, 47.628113], [31.625376, 47.644993], [31.765131, 47.663479], [31.849806, 47.679453], [31.86347, 47.666416], [31.863397, 47.649911], [31.866501, 47.622445], [31.909252, 47.626381], [31.919372, 47.598971], [32.079379, 47.609992], [32.087818, 47.590688], [32.073587, 47.564426], [32.075736, 47.549464], [32.073081, 47.529407], [32.066572, 47.520542], [32.063843, 47.500316], [32.071191, 47.465782], [32.082672, 47.44212], [32.0399189, 47.4430639], [32.0404997, 47.427131], [32.080361, 47.430007], [32.09256, 47.412862], [32.033014, 47.399664], [32.032844, 47.37791], [32.094155, 47.360016], [32.136122, 47.212932], [32.01088, 47.050926], [32.01854, 47.033169], [32.045836, 47.03751], [32.109007, 47.026278], [32.145013, 46.939465]]]}}, {"type": "Feature", "properties": {"name": "Liberated 23.03", "date": "2023-09-30", "layer_type": "liberated"}, "geometry": {"type": "Polygon", "coordinates": [[[32.366269, 47.044463], [32.370362, 47.020543], [32.376027, 47.002518], [32.37488, 46.995417], [32.379035, 46.987997], [32.387939, 46.96351], [32.42264, 46.959012], [32.476656, 46.985068], [32.487384, 46.998417], [32.50721, 47.006063], [32.515198, 47.020965], [32.51994, 47.044387], [32.466737, 47.033028], [32.458568, 47.03806], [32.454145, 47.050112], [32.451113, 47.067364], [32.46127, 47.074822], [32.460273, 47.083916], [32.463426, 47.091496], [32.463834, 47.10001], [32.444864, 47.105058], [32.437092, 47.152896], [32.460398, 47.157292], [32.4634, 47.170318], [32.466191, 47.174322], [32.462629, 47.17856], [32.450162, 47.180444], [32.444186, 47.179168], [32.439139, 47.176896], [32.434556, 47.17506], [32.429287, 47.172289], [32.422711, 47.170515], [32.415991, 47.169393], [32.400786, 47.171283], [32.406094, 47.210731], [32.38341, 47.212074], [32.36289, 47.203128], [32.362628, 47.189749], [32.360768, 47.189285], [32.359324, 47.188003], [32.357229, 47.186487], [32.348354, 47.17377], [32.350734, 47.163214], [32.352426, 47.152074], [32.359743, 47.104032], [32.36607, 47.067269], [32.3661, 47.056441], [32.366269, 47.044463]]]}}, {"type": "Feature", "properties": {"name": "Liberated 16.03-17.03", "date": "2023-09-30", "layer_type": "liberated"}, "geometry": {"type": "Polygon", "coordinates": [[[32.01088, 47.050926], [31.972127, 47.048698], [31.908151, 47.157574], [31.880425, 47.215058], [31.865455, 47.220363], [31.849902, 47.226776], [31.821184, 47.249171], [31.811307, 47.267834], [31.827383, 47.290026], [31.814757, 47.321743], [31.802271, 47.330862], [31.791377, 47.334233], [31.771497, 47.34129], [31.76067, 47.345073], [31.76337, 47.34727], [31.764525, 47.350629], [31.762888, 47.35223], [31.756508, 47.353632], [31.755004, 47.357514], [31.756075, 47.359536], [31.758562, 47.361138], [31.758041, 47.364575], [31.755797, 47.36517], [31.752092, 47.365474], [31.749296, 47.360219], [31.749443, 47.354684], [31.74823, 47.351044], [31.726159, 47.357579], [31.69506, 47.355225], [31.664545, 47.360332], [31.642608, 47.366364], [31.61576, 47.389557], [31.582565, 47.419186], [31.566891, 47.427939], [31.538153, 47.463163], [31.516038, 47.471603], [31.502158, 47.473077], [31.477963, 47.47385], [31.455901, 47.489546], [31.441768, 47.504583], [31.425769, 47.522536], [31.413988, 47.533597], [31.410243, 47.540055], [31.398237, 47.543781], [31.387856, 47.543152], [31.381595, 47.544434], [31.370787, 47.545728], [31.360438, 47.549656], [31.35395, 47.554481], [31.343757, 47.550322], [31.342849, 47.546982], [31.352563, 47.54374], [31.365916, 47.54104], [31.374998, 47.537264], [31.377609, 47.537247], [31.38209, 47.536069], [31.38537, 47.534718], [31.389242, 47.532286], [31.401698, 47.531593], [31.405969, 47.53006], [31.410582, 47.52644], [31.414906, 47.520537], [31.417683, 47.512838], [31.417229, 47.5088], [31.436337, 47.482673], [31.471083, 47.461956], [31.505806, 47.459332], [31.524046, 47.454379], [31.533883, 47.439366], [31.546114, 47.42435], [31.584969, 47.400813], [31.606288, 47.377267], [31.632394, 47.356506], [31.692452, 47.347893], [31.702808, 47.3424], [31.693567, 47.332995], [31.686387, 47.332197], [31.686764, 47.330126], [31.689442, 47.325659], [31.693527, 47.323658], [31.702135, 47.321901], [31.705335, 47.318572], [31.712535, 47.320979], [31.719827, 47.320902], [31.722272, 47.325808], [31.738773, 47.32768], [31.751587, 47.341012], [31.752687, 47.340885], [31.796009, 47.325807], [31.808015, 47.31821], [31.817747, 47.290031], [31.80216, 47.267035], [31.809426, 47.247291], [31.819572, 47.232996], [31.83648, 47.218507], [31.836852, 47.196686], [31.875651, 47.152465], [31.818315, 47.115095], [31.848528, 47.079569], [31.915134, 47.086816], [31.913972, 47.077755], [31.905945, 47.068694], [31.874799, 47.05197], [31.871967, 47.045193], [31.895975, 47.045021], [31.917928, 47.056074], [31.946034, 47.043084], [31.97762, 47.0253], [32.01854, 47.033169], [32.01088, 47.050926]]]}}, {"type": "Feature", "properties": {"name": "Liberated", "date": "2023-09-30", "layer_type": "liberated"}, "geometry": {"type": "Polygon", "coordinates": [[[32.243533, 46.78606], [32.244907, 46.770425], [32.304247, 46.777343], [32.363956, 46.83223], [32.37102, 46.844776], [32.361407, 46.856516], [32.356744, 46.866851], [32.35573, 46.876594], [32.382766, 46.876949], [32.404311, 46.883165], [32.399332, 46.896304], [32.397005, 46.929504], [32.42264, 46.959012], [32.387939, 46.96351], [32.379035, 46.987997], [32.37488, 46.995417], [32.166726, 46.944245], [32.145013, 46.939465], [32.11732, 46.933224], [32.11629, 46.935451], [32.104274, 46.947171], [32.09552, 46.94928], [32.086078, 46.949163], [32.07801, 46.946351], [32.06874, 46.940374], [32.061874, 46.933927], [32.058269, 46.928769], [32.067195, 46.920211], [32.082263, 46.911155], [32.092047, 46.880187], [32.055827, 46.865401], [32.070247, 46.860942], [32.086039, 46.862584], [32.112486, 46.830765], [32.147143, 46.811622], [32.153909, 46.80802], [32.186447, 46.796953], [32.243533, 46.78606]]]}}, {"type": "Feature", "properties": {"name": "Liberated 27-31.03", "date": "2023-09-30", "layer_type": "liberated"}, "geometry": {"type": "Polygon", "coordinates": [[[31.334191, 50.504248], [31.339066, 50.509133], [31.354552, 50.515286], [31.370881, 50.519561], [31.384411, 50.531518], [31.389737, 50.526745], [31.399096, 50.524891], [31.402202, 50.524048], [31.405652, 50.522715], [31.407488, 50.520839], [31.408057, 50.51985], [31.409501, 50.518728], [31.412154, 50.517867], [31.41378, 50.517736], [31.414678, 50.51897], [31.415465, 50.519591], [31.416203, 50.520583], [31.417129, 50.52138], [31.423634, 50.519557], [31.428792, 50.517643], [31.431027, 50.516332], [31.431116, 50.515293], [31.430866, 50.512588], [31.432199, 50.510034], [31.439712, 50.507044], [31.444309, 50.50679], [31.448324, 50.506881], [31.462722, 50.499516], [31.470871, 50.497565], [31.476789, 50.506533], [31.45326, 50.512349], [31.449152, 50.516106], [31.446107, 50.516914], [31.442352, 50.517263], [31.439273, 50.517001], [31.437304, 50.516869], [31.435664, 50.516607], [31.426469, 50.520384], [31.424732, 50.521824], [31.424624, 50.523264], [31.424656, 50.52502], [31.422955, 50.526062], [31.420302, 50.526311], [31.417173, 50.525452], [31.414321, 50.52546], [31.41238, 50.525572], [31.411237, 50.524974], [31.411525, 50.524047], [31.411368, 50.523392], [31.410088, 50.523338], [31.408761, 50.523311], [31.400845, 50.526025], [31.392209, 50.527901], [31.386619, 50.53245], [31.447973, 50.548005], [31.469163, 50.55388], [31.482459, 50.55659], [31.486017, 50.55429], [31.488546, 50.552645], [31.494335, 50.550944], [31.501006, 50.550312], [31.507334, 50.551643], [31.514823, 50.552806], [31.520877, 50.553604], [31.528179, 50.553231], [31.534889, 50.554444], [31.540417, 50.555341], [31.545298, 50.557787], [31.548886, 50.560278], [31.549819, 50.56339], [31.545086, 50.567047], [31.539396, 50.569781], [31.534881, 50.573067], [31.533919, 50.577133], [31.452619, 50.735032], [31.530425, 50.738399], [31.663379, 50.607387], [31.67396, 50.610871], [31.693242, 50.618851], [31.567076, 50.774225], [31.430661, 50.768335], [31.403564, 50.82429], [31.349546, 50.870584], [31.287201, 50.877849], [31.249183, 50.868272], [31.242443, 50.852991], [31.327693, 50.843766], [31.353943, 50.801893], [31.352169, 50.757923], [31.144481, 50.716284], [31.189002, 50.67338], [31.227286, 50.681805], [31.391023, 50.726432], [31.451538, 50.6532], [31.492015, 50.586603], [31.487676, 50.582652], [31.486895, 50.577802], [31.485676, 50.574316], [31.48324, 50.575959], [31.468769, 50.586872], [31.454857, 50.595526], [31.434943, 50.59796], [31.407292, 50.599738], [31.398148, 50.599557], [31.390721, 50.607439], [31.38977, 50.611], [31.391751, 50.624898], [31.343284, 50.637354], [31.33738, 50.642401], [31.328997, 50.649444], [31.318404, 50.655255], [31.306138, 50.659473], [31.29602, 50.659635], [31.289388, 50.645601], [31.263074, 50.623545], [31.273865, 50.613222], [31.266857, 50.606562], [31.26489, 50.59569], [31.276437, 50.595374], [31.280433, 50.602904], [31.287657, 50.609161], [31.302473, 50.62487], [31.329915, 50.630066], [31.354517, 50.625511], [31.375681, 50.618338], [31.368216, 50.603572], [31.367681, 50.597593], [31.368176, 50.592812], [31.370195, 50.588917], [31.378826, 50.586557], [31.386318, 50.588699], [31.394013, 50.590206], [31.399921, 50.592375], [31.41163, 50.593241], [31.426754, 50.593564], [31.440675, 50.589855], [31.479144, 50.567964], [31.474003, 50.567004], [31.335569, 50.519595], [31.321798, 50.509273], [31.311313, 50.501927], [31.285039, 50.500037], [31.281584, 50.507174], [31.262654, 50.512491], [31.253162, 50.516331], [31.247643, 50.516231], [31.241095, 50.514603], [31.236881, 50.506776], [31.229368, 50.499696], [31.214648, 50.499821], [31.207494, 50.489162], [31.213668, 50.484301], [31.236294, 50.483591], [31.262181, 50.484404], [31.276052, 50.489526], [31.301253, 50.493112], [31.33084, 50.496796], [31.353442, 50.499019], [31.362869, 50.495289], [31.370407, 50.491887], [31.37072, 50.489231], [31.366883, 50.487414], [31.36127, 50.484874], [31.356223, 50.483289], [31.35231, 50.480337], [31.3462, 50.476618], [31.341536, 50.472676], [31.338046, 50.469382], [31.338618, 50.466071], [31.342018, 50.462243], [31.347323, 50.461694], [31.352199, 50.46273], [31.357844, 50.464663], [31.360743, 50.465831], [31.365101, 50.46607], [31.366937, 50.463949], [31.369485, 50.461195], [31.373064, 50.461008], [31.374169, 50.46268], [31.375151, 50.465401], [31.375532, 50.467685], [31.374906, 50.469845], [31.373906, 50.471526], [31.372033, 50.473678], [31.370581, 50.4753], [31.368998, 50.478023], [31.370566, 50.481214], [31.377187, 50.485758], [31.381933, 50.483263], [31.389252, 50.480657], [31.402163, 50.477972], [31.406388, 50.487633], [31.40306, 50.499423], [31.380541, 50.498436], [31.365904, 50.505457], [31.353223, 50.505016], [31.334191, 50.504248]]]}}, {"type": "Feature", "properties": {"name": "Liberated", "date": "2023-09-30", "layer_type": "liberated"}, "geometry": {"type": "Polygon", "coordinates": [[[35.479216, 47.526399], [35.51, 47.528718], [35.572193, 47.531951], [35.595024, 47.523373], [35.623905, 47.50591], [35.656037, 47.504789], [35.665363, 47.503572], [35.682358, 47.510877], [35.674118, 47.519805], [35.63773, 47.530937], [35.623995, 47.529429], [35.611633, 47.533714], [35.609795, 47.53917], [35.61248, 47.544158], [35.612764, 47.555055], [35.584357, 47.562702], [35.559809, 47.55529], [35.535423, 47.551104], [35.450983, 47.544442], [35.452173, 47.533685], [35.448483, 47.530904], [35.4224511, 47.5342519], [35.4127978, 47.5340482], [35.4028864, 47.5375522], [35.3973917, 47.5400588], [35.3911243, 47.5400735], [35.3865422, 47.53898], [35.3835052, 47.5369014], [35.3836671, 47.5327516], [35.4035681, 47.5268044], [35.4197045, 47.5197047], [35.4203698, 47.5093643], [35.4320211, 47.5070964], [35.4376853, 47.5059948], [35.4453679, 47.5034721], [35.4611598, 47.5021141], [35.4745488, 47.5044651], [35.4769521, 47.5118862], [35.479216, 47.526399]]]}}, {"type": "Feature", "properties": {"name": "Liberated 31.03 - 02.04", "date": "2023-09-30", "layer_type": "liberated"}, "geometry": {"type": "Polygon", "coordinates": [[[30.283457, 50.625255], [30.295249, 50.704706], [30.337408, 50.719198], [30.357552, 50.724808], [30.377442, 50.727207], [30.380606, 50.732137], [30.377983, 50.736666], [30.375789, 50.741847], [30.373465, 50.743918], [30.369082, 50.743599], [30.366751, 50.750402], [30.368401, 50.752686], [30.382412, 50.75877], [30.381593, 50.760904], [30.377168, 50.76358], [30.373984, 50.768606], [30.37286, 50.772492], [30.373928, 50.775358], [30.376026, 50.77779], [30.371373, 50.780894], [30.368702, 50.783641], [30.367668, 50.785204], [30.367663, 50.787418], [30.37595, 50.792381], [30.375245, 50.79413], [30.373434, 50.794408], [30.373987, 50.796445], [30.376514, 50.798863], [30.380596, 50.806662], [30.381588, 50.814353], [30.388558, 50.818247], [30.389125, 50.822959], [30.392268, 50.828213], [30.401044, 50.833705], [30.406045, 50.838222], [30.40858, 50.842675], [30.407444, 50.846202], [30.410858, 50.850272], [30.415975, 50.853307], [30.423154, 50.856613], [30.425742, 50.863793], [30.424204, 50.867654], [30.42601, 50.873539], [30.420562, 50.877456], [30.418374, 50.880236], [30.419607, 50.882598], [30.445732, 50.887124], [30.442027, 50.907279], [30.450132, 50.912161], [30.455492, 50.91964], [30.447908, 50.945705], [30.432422, 50.965923], [30.444025, 50.984303], [30.425335, 50.990366], [30.409217, 51.024548], [30.39088, 51.028479], [30.378038, 51.023555], [30.370894, 51.019535], [30.361409, 51.026611], [30.348961, 51.028666], [30.332643, 51.033852], [30.315107, 51.037954], [30.298571, 51.039028], [30.301599, 51.041569], [30.29158, 51.047347], [30.29901, 51.053508], [30.319708, 51.053958], [30.340504, 51.041903], [30.378675, 51.055989], [30.377938, 51.065335], [30.407441, 51.066666], [30.408125, 51.074449], [30.406066, 51.081362], [30.429938, 51.115018], [30.427317, 51.122508], [30.433733, 51.121836], [30.435396, 51.11719], [30.440861, 51.115405], [30.438444, 51.112787], [30.434831, 51.111694], [30.436286, 51.107484], [30.436326, 51.101282], [30.449048, 51.10454], [30.4482, 51.108647], [30.456704, 51.112317], [30.465763, 51.115769], [30.474242, 51.114585], [30.476679, 51.12202], [30.484266, 51.126223], [30.48003, 51.153287], [30.477938, 51.154509], [30.461769, 51.154223], [30.454093, 51.164055], [30.447164, 51.169187], [30.450737, 51.173906], [30.450877, 51.177978], [30.44044, 51.182408], [30.431032, 51.184255], [30.418392, 51.193757], [30.411122, 51.193396], [30.40042, 51.186795], [30.396286, 51.19028], [30.393524, 51.193766], [30.392464, 51.207191], [30.371656, 51.208139], [30.361937, 51.215386], [30.349524, 51.216321], [30.342947, 51.216501], [30.338494, 51.220224], [30.330607, 51.22072], [30.322386, 51.224723], [30.31624, 51.230578], [30.330384, 51.2453], [30.356134, 51.252162], [30.361628, 51.246132], [30.372955, 51.248168], [30.378619, 51.24701], [30.376901, 51.238545], [30.389173, 51.23845], [30.39475, 51.241364], [30.411313, 51.238795], [30.416331, 51.232244], [30.423065, 51.227304], [30.431278, 51.233008], [30.449635, 51.229838], [30.455939, 51.232269], [30.465678, 51.242868], [30.47278, 51.239837], [30.473702, 51.233797], [30.481145, 51.220122], [30.49897, 51.215145], [30.51439, 51.213176], [30.503863, 51.224722], [30.507156, 51.230894], [30.515602, 51.235992], [30.532846, 51.2651], [30.505198, 51.27897], [30.474804, 51.275484], [30.46347, 51.272664], [30.452052, 51.273134], [30.451277, 51.277039], [30.453784, 51.279184], [30.450059, 51.281492], [30.453432, 51.287907], [30.456922, 51.286284], [30.463216, 51.290733], [30.462072, 51.294246], [30.457638, 51.2967], [30.461786, 51.306023], [30.44488, 51.308773], [30.421142, 51.304242], [30.410271, 51.308391], [30.39854, 51.312325], [30.39092, 51.32189], [30.36599, 51.334181], [30.348283, 51.348795], [30.334618, 51.351598], [30.323354, 51.361476], [30.355706, 51.378492], [30.356136, 51.382861], [30.344129, 51.423319], [30.334505, 51.424811], [30.330727, 51.428743], [30.325576, 51.430963], [30.321454, 51.434039], [30.318704, 51.440325], [30.311536, 51.442932], [30.30883, 51.44661], [30.298265, 51.456318], [30.291781, 51.459085], [30.288042, 51.46335], [30.279533, 51.46482], [30.24506, 51.486187], [30.213946, 51.492486], [30.180419, 51.512458], [30.167316, 51.508808], [30.162998, 51.488066], [30.144365, 51.49458], [30.131561, 51.50558], [30.120627, 51.504486], [30.129065, 51.487692], [30.122479, 51.489877], [30.121244, 51.486158], [30.110844, 51.487077], [30.10427, 51.490955], [30.077634, 51.496954], [30.074604, 51.495726], [30.062304, 51.498987], [30.0559, 51.497171], [30.033703, 51.503262], [30.02741, 51.502673], [30.019056, 51.504648], [30.012425, 51.504692], [30.012184, 51.502699], [30.014261, 51.499584], [30.015235, 51.497292], [30.016151, 51.496066], [30.018269, 51.495428], [30.013006, 51.49503], [30.012206, 51.489503], [30.007546, 51.489853], [30.003419, 51.488337], [30.000838, 51.485646], [29.990276, 51.48135], [29.981905, 51.485776], [29.975316, 51.483499], [29.971132, 51.480366], [29.970539, 51.475268], [29.966897, 51.472022], [29.961987, 51.471308], [29.95155, 51.47357], [29.946501, 51.48368], [29.923718, 51.489803], [29.9252, 51.487091], [29.921221, 51.488086], [29.91863, 51.486981], [29.917077, 51.488458], [29.914584, 51.48706], [29.910162, 51.485505], [29.906235, 51.486705], [29.903927, 51.485114], [29.89072, 51.483736], [29.889421, 51.482862], [29.889153, 51.478994], [29.886654, 51.477266], [29.884289, 51.477417], [29.882935, 51.476798], [29.884404, 51.474938], [29.887886, 51.474008], [29.890312, 51.472796], [29.889466, 51.471067], [29.886468, 51.470951], [29.887372, 51.467899], [29.885336, 51.466266], [29.885777, 51.463792], [29.875698, 51.456619], [29.876583, 51.45223], [29.877969, 51.45025], [29.877719, 51.445248], [29.873817, 51.444298], [29.865023, 51.44629], [29.855628, 51.448761], [29.847925, 51.448978], [29.843128, 51.457268], [29.81283, 51.448736], [29.810473, 51.459066], [29.791008, 51.457438], [29.79398, 51.441484], [29.779333, 51.446773], [29.764197, 51.449255], [29.739032, 51.459], [29.742018, 51.461577], [29.733456, 51.469448], [29.730888, 51.4798], [29.725484, 51.49182], [29.744753, 51.493557], [29.742106, 51.502353], [29.735338, 51.510935], [29.742386, 51.512842], [29.737672, 51.530831], [29.707525, 51.527894], [29.707477, 51.520546], [29.704625, 51.520397], [29.695156, 51.517022], [29.687406, 51.516958], [29.683348, 51.513686], [29.671622, 51.511196], [29.669708, 51.508293], [29.669439, 51.502675], [29.665768, 51.502766], [29.653341, 51.50617], [29.650689, 51.50528], [29.64821, 51.501612], [29.648563, 51.500989], [29.639813, 51.498593], [29.634065, 51.506104], [29.627458, 51.502181], [29.620854, 51.492703], [29.605927, 51.493858], [29.605002, 51.472279], [29.592324, 51.466708], [29.587396, 51.464553], [29.583497, 51.462559], [29.577504, 51.461269], [29.575544, 51.461412], [29.537222, 51.482552], [29.53163, 51.467993], [29.532904, 51.463699], [29.528783, 51.45898], [29.523806, 51.45708], [29.518486, 51.452613], [29.516431, 51.443463], [29.521253, 51.434098], [29.517139, 51.427664], [29.520578, 51.421979], [29.512695, 51.423144], [29.500687, 51.396903], [29.45916, 51.403001], [29.43015, 51.412938], [29.415877, 51.413596], [29.403663, 51.411041], [29.389135, 51.40495], [29.373634, 51.398263], [29.366032, 51.389861], [29.35964, 51.388962], [29.348785, 51.384207], [29.333942, 51.385406], [29.321427, 51.377733], [29.299509, 51.385032], [29.28849, 51.382364], [29.287826, 51.373494], [29.223175, 51.365856], [29.198976, 51.358192], [29.191097, 51.33964], [29.166794, 51.3390563], [29.1639137, 51.325251], [29.193989, 51.327748], [29.2070286, 51.2954827], [29.2017704, 51.2831029], [29.2244893, 51.2764129], [29.224263, 51.2647518], [29.2199148, 51.2524441], [29.2263226, 51.2493518], [29.2409707, 51.2546392], [29.266153, 51.2691], [29.3309563, 51.2696537], [29.438782, 51.151223], [29.473937, 51.034245], [29.446785, 51.029292], [29.42721, 50.973459], [29.43128, 50.946926], [29.475884, 50.923424], [29.497278, 50.90941], [29.518862, 50.830351], [29.573665, 50.821652], [29.576086, 50.832446], [29.633099, 50.826764], [29.726956, 50.841092], [29.755173, 50.82819], [29.787258, 50.762944], [29.7561, 50.6856], [29.749719, 50.616953], [29.744438, 50.566267], [29.767579, 50.535098], [29.815437, 50.497554], [29.802267, 50.470047], [29.747804, 50.444406], [29.724181, 50.433592], [29.721529, 50.427878], [29.71486, 50.423884], [29.715758, 50.413175], [29.72066, 50.408041], [29.746106, 50.41335], [29.857884, 50.416214], [29.914295, 50.368683], [29.950233, 50.372342], [30.007555, 50.349008], [30.029672, 50.345653], [30.042452, 50.3544], [29.991362, 50.396597], [30.051128, 50.419385], [30.121422, 50.427504], [30.140591, 50.433122], [30.158533, 50.440216], [30.196205, 50.442838], [30.202504, 50.438022], [30.210117, 50.438031], [30.209834, 50.444436], [30.23412, 50.446529], [30.244848, 50.50172], [30.227557, 50.524727], [30.23127, 50.532738], [30.244256, 50.53813], [30.271843, 50.530292], [30.284329, 50.540672], [30.29592, 50.552702], [30.303994, 50.564777], [30.330626, 50.605801], [30.286864, 50.622736], [30.283457, 50.625255]]]}}, {"type": "Feature", "properties": {"name": "Liberated 25.03", "date": "2023-09-30", "layer_type": "liberated"}, "geometry": {"type": "Polygon", "coordinates": [[[34.966429, 50.452582], [34.942413, 50.454604], [34.92899, 50.433592], [34.927247, 50.40886], [34.923518, 50.399414], [34.916702, 50.392922], [34.917234, 50.388864], [34.921197, 50.365214], [34.922718, 50.356437], [34.908593, 50.33738], [34.905832, 50.333297], [34.90192, 50.33131], [34.897279, 50.327817], [34.894164, 50.321404], [34.893729, 50.309548], [34.88862, 50.309595], [34.884219, 50.307655], [34.877524, 50.309489], [34.877232, 50.309127], [34.884326, 50.306869], [34.889035, 50.30903], [34.89442, 50.309074], [34.895804, 50.321117], [34.898424, 50.327185], [34.90214, 50.330184], [34.907058, 50.332964], [34.910414, 50.336578], [34.92407, 50.342818], [34.941415, 50.343355], [34.949471, 50.351773], [34.93839, 50.361521], [34.935257, 50.371589], [34.932397, 50.386904], [34.926286, 50.391396], [34.93098, 50.394298], [34.934817, 50.401685], [34.93874, 50.407213], [34.937171, 50.413834], [34.937416, 50.420629], [34.942295, 50.430924], [34.949313, 50.443968], [34.966429, 50.452582]]]}}, {"type": "Feature", "properties": {"name": "Liberated", "date": "2023-09-30", "layer_type": "liberated"}, "geometry": {"type": "Polygon", "coordinates": [[[33.87602, 47.481319], [33.853196, 47.454242], [33.835628, 47.434185], [33.877469, 47.435968], [33.877378, 47.42782], [33.90958, 47.421753], [33.957219, 47.418286], [33.948666, 47.454682], [33.940007, 47.471197], [33.936516, 47.486856], [33.937428, 47.488161], [33.937674, 47.488914], [33.936998, 47.490379], [33.936194, 47.493192], [33.934584, 47.49462], [33.93305, 47.497074], [33.932074, 47.497817], [33.92995, 47.50434], [33.928147, 47.507268], [33.928405, 47.509558], [33.930218, 47.511573], [33.9301, 47.515529], [33.926946, 47.519833], [33.923598, 47.519297], [33.914843, 47.518254], [33.905917, 47.517558], [33.894587, 47.515819], [33.885489, 47.511413], [33.880854, 47.501789], [33.87602, 47.481319]]]}}, {"type": "Feature", "properties": {"name": "Liberated 26.03", "date": "2023-09-30", "layer_type": "liberated"}, "geometry": {"type": "Polygon", "coordinates": [[[34.975854, 50.498777], [34.977914, 50.515972], [34.971391, 50.529287], [34.966241, 50.53998], [34.978944, 50.560486], [34.977228, 50.58011], [34.973794, 50.599291], [34.993101, 50.598887], [35.010257, 50.600403], [35.0106, 50.611298], [34.998412, 50.616417], [34.992833, 50.623606], [34.991975, 50.628615], [34.990602, 50.637271], [34.988456, 50.641136], [34.981418, 50.643313], [34.964595, 50.640483], [34.954982, 50.632861], [34.945195, 50.620828], [34.930263, 50.614674], [34.935928, 50.603127], [34.960475, 50.599096], [34.961162, 50.568141], [34.951892, 50.548947], [34.948459, 50.538038], [34.955325, 50.524508], [34.961848, 50.510318], [34.965765, 50.498264], [34.971893, 50.501611], [34.975854, 50.498777]]]}}, {"type": "Feature", "properties": {"name": "Liberated 27-29.03", "date": "2023-09-30", "layer_type": "liberated"}, "geometry": {"type": "Polygon", "coordinates": [[[36.805489, 49.362899], [36.796023, 49.364862], [36.783468, 49.359892], [36.805079, 49.348841], [36.802076, 49.316627], [36.802291, 49.275938], [36.810894, 49.269411], [36.829311, 49.255092], [36.84456, 49.245908], [36.851222, 49.243224], [36.861665, 49.241565], [36.872279, 49.239401], [36.879898, 49.2376], [36.881595, 49.23591], [36.885332, 49.231522], [36.885807, 49.230357], [36.886282, 49.226277], [36.893328, 49.216628], [36.898834, 49.209101], [36.905034, 49.198533], [36.904387, 49.191308], [36.89168, 49.181303], [36.882065, 49.183639], [36.862492, 49.188757], [36.864298, 49.181547], [36.873142, 49.17703], [36.872628, 49.171167], [36.881125, 49.164645], [36.88726, 49.158016], [36.897988, 49.155562], [36.908521, 49.161989], [36.915171, 49.170356], [36.920499, 49.187448], [36.92138, 49.189485], [36.923548, 49.191354], [36.923965, 49.194628], [36.926699, 49.196107], [36.92682, 49.197773], [36.92571, 49.20135], [36.916901, 49.206484], [36.909149, 49.206919], [36.90201, 49.215772], [36.895521, 49.22401], [36.889015, 49.236761], [36.886627, 49.239984], [36.857286, 49.245946], [36.836741, 49.25724], [36.807866, 49.278932], [36.810817, 49.289226], [36.812739, 49.298959], [36.812944, 49.308356], [36.810746, 49.317418], [36.812717, 49.337336], [36.81422, 49.349921], [36.831248, 49.347979], [36.835572, 49.350678], [36.838042, 49.352944], [36.83948, 49.354796], [36.870396, 49.374983], [36.889473, 49.380918], [36.838362, 49.405167], [36.828982, 49.407258], [36.825656, 49.407425], [36.824869, 49.390405], [36.820966, 49.381312], [36.81393, 49.365301], [36.805489, 49.362899]]]}}, {"type": "Feature", "properties": {"name": "Liberated 30.03", "date": "2023-09-30", "layer_type": "liberated"}, "geometry": {"type": "Polygon", "coordinates": [[[33.095122, 47.561679], [33.087531, 47.552797], [33.112937, 47.556388], [33.143493, 47.547467], [33.144351, 47.534488], [33.157741, 47.531359], [33.17834, 47.520926], [33.190668, 47.520993], [33.19142, 47.517732], [33.194971, 47.517956], [33.200066, 47.503586], [33.201139, 47.487886], [33.204358, 47.487073], [33.211453, 47.444104], [33.222211, 47.444774], [33.236115, 47.446167], [33.236416, 47.453393], [33.261561, 47.458908], [33.281171, 47.452724], [33.307486, 47.456204], [33.308114, 47.465574], [33.320188, 47.471752], [33.322649, 47.472832], [33.328801, 47.471969], [33.332442, 47.469952], [33.334301, 47.467732], [33.334921, 47.465553], [33.347615, 47.467067], [33.348045, 47.468052], [33.347406, 47.469102], [33.346509, 47.470181], [33.345166, 47.470715], [33.343093, 47.470842], [33.341782, 47.47176], [33.341238, 47.473313], [33.341016, 47.474894], [33.340703, 47.475689], [33.34019, 47.476182], [33.340707, 47.476674], [33.338231, 47.478566], [33.336913, 47.479298], [33.336808, 47.480381], [33.335951, 47.480886], [33.334407, 47.481159], [33.331546, 47.481435], [33.32681, 47.489163], [33.314922, 47.489379], [33.3096148, 47.5017311], [33.296556, 47.5037316], [33.2790208, 47.5171819], [33.2797675, 47.5214987], [33.2877247, 47.5269745], [33.2876287, 47.5386564], [33.2861432, 47.5436852], [33.2741005, 47.5462803], [33.2596529, 47.5400149], [33.2395753, 47.5305102], [33.2188257, 47.5315533], [33.198806, 47.528482], [33.195501, 47.530481], [33.181747, 47.528743], [33.168078, 47.534683], [33.165847, 47.540593], [33.155719, 47.543606], [33.152457, 47.55415], [33.135806, 47.559131], [33.111087, 47.563417], [33.095122, 47.561679]]]}}, {"type": "Feature", "properties": {"name": "Liberated", "date": "2023-09-30", "layer_type": "liberated"}, "geometry": {"type": "Polygon", "coordinates": [[[34.988456, 50.641136], [35.004306, 50.659903], [35.003877, 50.680629], [35.00731, 50.695528], [34.994312, 50.72041], [35.007949, 50.720851], [35.015922, 50.723356], [35.017609, 50.730262], [35.018688, 50.732154], [35.016292, 50.736408], [35.014095, 50.736496], [35.011297, 50.739029], [35.006946, 50.739775], [35.001368, 50.74036], [34.996562, 50.73975], [34.99476, 50.737978], [34.991413, 50.737672], [34.984032, 50.739017], [34.978923, 50.755392], [34.96673, 50.761751], [35.015266, 50.762407], [35.018333, 50.75836], [35.015375, 50.75589], [35.015225, 50.751403], [35.015633, 50.748029], [35.019087, 50.746516], [35.020622, 50.748677], [35.019074, 50.751336], [35.019501, 50.75508], [35.020723, 50.756328], [35.023833, 50.755403], [35.026332, 50.75547], [35.029862, 50.756895], [35.034775, 50.754857], [35.058721, 50.745676], [35.065153, 50.739043], [35.073381, 50.738321], [35.078633, 50.736823], [35.088133, 50.737146], [35.088793, 50.738989], [35.088595, 50.740995], [35.078372, 50.744357], [35.070297, 50.744693], [35.064327, 50.74983], [35.040012, 50.758887], [35.037922, 50.766694], [35.036527, 50.774486], [35.032385, 50.781518], [35.013604, 50.779811], [35.013363, 50.776149], [35.015733, 50.771576], [35.011236, 50.767871], [34.962538, 50.767695], [34.957099, 50.769683], [34.944568, 50.781298], [34.941478, 50.791499], [34.950061, 50.812764], [34.950578, 50.824946], [34.931695, 50.825596], [34.931352, 50.811498], [34.927232, 50.791318], [34.928605, 50.778512], [34.943368, 50.762878], [34.966714, 50.748544], [34.975297, 50.727685], [34.991262, 50.6937], [34.987829, 50.683478], [34.988172, 50.664331], [34.964595, 50.640483], [34.981418, 50.643313], [34.988456, 50.641136]]]}}, {"type": "Feature", "properties": {"name": "Liberated", "date": "2023-09-30", "layer_type": "liberated"}, "geometry": {"type": "Polygon", "coordinates": [[[35.177618, 50.332035], [35.229041, 50.329555], [35.25788, 50.335692], [35.279166, 50.331747], [35.323111, 50.339636], [35.356757, 50.349714], [35.397956, 50.3484], [35.47486, 50.3992], [35.503012, 50.411453], [35.511764, 50.421086], [35.548245, 50.421963], [35.566312, 50.420975], [35.58335, 50.425235], [35.58335, 50.429964], [35.587212, 50.431071], [35.586697, 50.437045], [35.559141, 50.426854], [35.546266, 50.429128], [35.507818, 50.427103], [35.501468, 50.433714], [35.492026, 50.437701], [35.4691953, 50.4521305], [35.4632072, 50.4602301], [35.4599074, 50.4731808], [35.4593533, 50.4841649], [35.4647697, 50.5024196], [35.4572467, 50.5114277], [35.4456278, 50.5071691], [35.4508916, 50.491873], [35.4526408, 50.4742711], [35.4581638, 50.4562321], [35.432542, 50.44481], [35.41701, 50.436826], [35.409592, 50.438274], [35.398568, 50.445844], [35.378572, 50.466663], [35.352809, 50.488405], [35.396582, 50.558688], [35.369399, 50.606986], [35.33232, 50.643576], [35.313781, 50.667083], [35.319274, 50.697538], [35.295336, 50.710379], [35.364173, 50.702878], [35.378249, 50.695593], [35.386488, 50.685805], [35.402453, 50.678844], [35.408461, 50.683195], [35.410178, 50.693527], [35.409148, 50.70016], [35.418246, 50.701464], [35.425284, 50.694723], [35.430434, 50.689612], [35.442622, 50.687002], [35.459788, 50.688742], [35.460131, 50.692113], [35.460646, 50.701899], [35.456526, 50.704182], [35.456011, 50.710161], [35.446055, 50.706356], [35.443308, 50.69668], [35.435584, 50.696463], [35.432322, 50.703095], [35.425456, 50.708639], [35.356963, 50.713857], [35.290358, 50.727877], [35.278342, 50.727877], [35.267527, 50.724834], [35.264437, 50.73483], [35.272849, 50.752319], [35.273384, 50.760744], [35.288662, 50.761939], [35.296043, 50.76639], [35.289005, 50.772904], [35.279392, 50.778983], [35.266689, 50.782022], [35.269093, 50.790162], [35.290207, 50.790379], [35.311541, 50.793233], [35.330595, 50.793342], [35.35068, 50.793233], [35.364412, 50.793884], [35.387243, 50.79421], [35.401663, 50.795512], [35.407499, 50.798767], [35.393938, 50.802673], [35.389303, 50.811025], [35.411791, 50.811893], [35.414022, 50.818618], [35.387415, 50.817858], [35.351023, 50.824582], [35.323557, 50.844097], [35.30664, 50.840782], [35.292048, 50.835253], [35.28604, 50.834928], [35.28398, 50.842408], [35.279517, 50.851404], [35.28192, 50.858339], [35.289474, 50.862132], [35.290847, 50.868632], [35.283809, 50.870149], [35.276256, 50.867657], [35.269389, 50.867549], [35.266986, 50.870257], [35.274711, 50.873724], [35.287414, 50.874049], [35.30046, 50.878382], [35.318313, 50.876974], [35.327582, 50.876107], [35.345607, 50.883797], [35.354362, 50.887371], [35.362773, 50.890186], [35.366034, 50.893543], [35.362601, 50.900039], [35.35213, 50.90621], [35.33838, 50.917613], [35.323273, 50.913717], [35.33014, 50.900944], [35.337006, 50.891633], [35.32087, 50.885352], [35.301987, 50.887518], [35.289284, 50.886868], [35.271775, 50.886868], [35.252892, 50.885352], [35.231606, 50.885136], [35.222336, 50.884702], [35.196931, 50.905924], [35.178391, 50.919128], [35.155732, 50.913934], [35.148522, 50.899645], [35.147492, 50.884919], [35.141999, 50.868022], [35.125176, 50.854369], [35.09874, 50.848734], [35.084321, 50.838544], [35.04567, 50.842376], [35.020607, 50.838474], [34.994858, 50.839991], [34.969796, 50.832619], [34.9547847, 50.8522344], [34.9493769, 50.8759669], [34.9179537, 50.8647006], [34.93203, 50.836522], [34.8815657, 50.8224928], [34.858902, 50.8036332], [34.8280178, 50.7891068], [34.7937109, 50.786291], [34.7662697, 50.7904124], [34.7595157, 50.7826049], [34.7870698, 50.7753693], [34.8509725, 50.7860707], [34.8746993, 50.795319], [34.8901977, 50.813244], [34.931695, 50.825596], [34.950578, 50.824946], [34.962929, 50.823511], [34.981812, 50.824596], [35.001038, 50.824162], [35.020264, 50.823077], [35.04361, 50.823511], [35.078972, 50.823511], [35.089615, 50.813534], [35.117081, 50.804422], [35.147471, 50.795341], [35.145669, 50.769726], [35.14858, 50.749533], [35.155455, 50.733185], [35.154083, 50.725499], [35.154081, 50.7172], [35.145999, 50.709383], [35.131053, 50.708304], [35.127424, 50.707667], [35.122252, 50.705998], [35.12017, 50.70248], [35.119096, 50.698219], [35.118793, 50.691838], [35.087959, 50.63039], [35.090951, 50.618871], [35.10472, 50.617903], [35.117631, 50.621835], [35.194385, 50.645332], [35.205256, 50.642196], [35.224932, 50.636791], [35.222395, 50.616838], [35.218961, 50.60747], [35.217588, 50.591344], [35.186689, 50.559076], [35.160828, 50.54598], [35.118943, 50.542052], [35.09903, 50.547288], [35.036546, 50.530705], [35.01526, 50.515863], [34.980999, 50.494999], [34.992919, 50.480133], [35.012513, 50.478736], [35.025559, 50.471744], [35.045472, 50.472618], [35.054398, 50.482668], [35.080491, 50.477862], [35.11139, 50.473492], [35.131989, 50.467811], [35.151216, 50.459943], [35.171815, 50.450762], [35.193101, 50.442892], [35.197136, 50.436168], [35.206662, 50.429444], [35.189839, 50.416702], [35.175976, 50.406583], [35.161773, 50.399143], [35.14924, 50.398185], [35.137824, 50.396023], [35.141215, 50.38906], [35.135272, 50.386946], [35.134993, 50.383519], [35.145207, 50.380538], [35.142419, 50.373474], [35.143567, 50.370094], [35.141626, 50.366056], [35.14375, 50.362908], [35.146003, 50.36039], [35.151174, 50.359514], [35.157567, 50.354423], [35.158022, 50.350785], [35.159476, 50.342432], [35.163185, 50.342585], [35.166766, 50.342884], [35.166358, 50.346381], [35.165478, 50.349502], [35.164727, 50.354733], [35.163992, 50.358268], [35.160983, 50.359778], [35.157072, 50.362765], [35.157024, 50.363617], [35.159749, 50.364945], [35.159438, 50.367278], [35.158354, 50.368626], [35.156916, 50.369981], [35.152196, 50.371022], [35.157861, 50.380054], [35.176014, 50.39234], [35.20554, 50.409847], [35.23455, 50.431393], [35.244335, 50.442436], [35.282787, 50.4514], [35.321754, 50.474785], [35.334286, 50.484944], [35.3451, 50.475877], [35.357632, 50.465607], [35.372394, 50.453586], [35.384754, 50.440906], [35.374111, 50.431722], [35.367931, 50.424066], [35.377888, 50.419473], [35.387844, 50.417504], [35.387844, 50.410722], [35.386471, 50.39803], [35.388874, 50.387086], [35.39162, 50.373951], [35.390934, 50.364753], [35.355572, 50.36541], [35.325359, 50.363877], [35.314373, 50.35643], [35.288624, 50.347668], [35.267338, 50.348982], [35.235065, 50.345258], [35.20554, 50.341971], [35.176132, 50.343452], [35.177618, 50.332035]]]}}, {"type": "Feature", "properties": {"name": "Liberated 05.04", "date": "2023-09-30", "layer_type": "liberated"}, "geometry": {"type": "Polygon", "coordinates": [[[33.689715, 47.449877], [33.653754, 47.448164], [33.636586, 47.469839], [33.627534, 47.479269], [33.568177, 47.562244], [33.494451, 47.5539], [33.483643, 47.544071], [33.464601, 47.528797], [33.43765, 47.52045], [33.455151, 47.487067], [33.507049, 47.49732], [33.514112, 47.505863], [33.540055, 47.507651], [33.56016, 47.502708], [33.578794, 47.501303], [33.587617, 47.494026], [33.59339, 47.48179], [33.601112, 47.463632], [33.614615, 47.449758], [33.63402, 47.439203], [33.72123, 47.430833], [33.705079, 47.45127], [33.689715, 47.449877]]]}}, {"type": "Feature", "properties": {"name": "Liberated", "date": "2023-09-30", "layer_type": "liberated"}, "geometry": {"type": "Polygon", "coordinates": [[[36.484436, 49.928808], [36.483978, 49.908944], [36.4844, 49.901187], [36.505764, 49.897078], [36.585126, 49.877394], [36.582815, 49.869879], [36.582221, 49.859985], [36.610551, 49.854709], [36.612632, 49.8546], [36.615228, 49.862128], [36.618598, 49.872531], [36.625487, 49.869878], [36.635679, 49.8619], [36.647058, 49.854741], [36.664996, 49.846162], [36.674052, 49.840157], [36.678785, 49.82901], [36.669962, 49.82826], [36.649805, 49.823077], [36.653834, 49.819353], [36.658892, 49.820945], [36.67107, 49.822801], [36.677573, 49.817652], [36.685087, 49.81976], [36.691879, 49.825304], [36.702028, 49.816898], [36.708596, 49.822237], [36.722418, 49.812088], [36.719158, 49.805966], [36.706455, 49.79904], [36.690662, 49.795383], [36.695467, 49.790285], [36.720186, 49.794718], [36.730731, 49.802253], [36.733772, 49.807461], [36.741449, 49.805356], [36.763328, 49.79096], [36.799988, 49.779663], [36.804152, 49.776928], [36.794928, 49.769093], [36.790982, 49.761819], [36.793986, 49.759758], [36.797506, 49.75814], [36.79875, 49.758065], [36.82648, 49.774257], [36.842433, 49.766528], [36.845997, 49.764384], [36.850183, 49.767082], [36.847502, 49.770002], [36.842536, 49.773068], [36.829002, 49.783506], [36.829284, 49.788385], [36.823428, 49.794233], [36.816953, 49.79733], [36.814767, 49.795207], [36.814856, 49.7935], [36.818988, 49.787531], [36.777873, 49.7982], [36.761132, 49.810678], [36.74757, 49.818764], [36.740518, 49.826308], [36.717294, 49.843858], [36.703172, 49.846454], [36.706169, 49.852754], [36.731254, 49.868762], [36.7369157, 49.8731505], [36.7269596, 49.8792897], [36.709965, 49.881834], [36.706875, 49.877907], [36.70096, 49.8647], [36.690146, 49.848322], [36.681821, 49.847436], [36.671091, 49.850978], [36.652036, 49.859943], [36.641066, 49.865761], [36.634501, 49.869942], [36.629654, 49.872993], [36.624033, 49.87527], [36.616574, 49.877826], [36.612634, 49.881377], [36.612306, 49.887705], [36.607185, 49.888637], [36.608418, 49.894083], [36.612227, 49.898422], [36.617409, 49.90348], [36.617786, 49.908538], [36.602889, 49.90793], [36.599035, 49.907376], [36.590976, 49.901902], [36.585502, 49.895376], [36.579557, 49.889016], [36.573066, 49.888821], [36.567605, 49.890506], [36.56072, 49.892206], [36.554866, 49.890146], [36.544873, 49.893323], [36.519647, 49.90089], [36.501802, 49.912038], [36.501945, 49.929692], [36.484436, 49.928808]]]}}, {"type": "Feature", "properties": {"name": "Liberated", "date": "2023-09-30", "layer_type": "liberated"}, "geometry": {"type": "Polygon", "coordinates": [[[32.106856, 46.690468], [32.126854, 46.699876], [32.146252, 46.706302], [32.170699, 46.746051], [32.217517, 46.749644], [32.244907, 46.770425], [32.243533, 46.78606], [32.186447, 46.796953], [32.153909, 46.80802], [32.109603, 46.789639], [31.964378, 46.772476], [31.942062, 46.744487], [31.974677, 46.710599], [31.966781, 46.682342], [31.97811, 46.656898], [32.00077, 46.640224], [32.015578, 46.628288], [32.025428, 46.623822], [32.03356, 46.622421], [32.048889, 46.615997], [32.057711, 46.61386], [32.060233, 46.637724], [32.087304, 46.637685], [32.088145, 46.643406], [32.088882, 46.654511], [32.09306, 46.673078], [32.106856, 46.690468]]]}}, {"type": "Feature", "properties": {"name": "Liberated", "date": "2023-09-30", "layer_type": "liberated"}, "geometry": {"type": "Polygon", "coordinates": [[[33.222211, 47.444774], [33.211453, 47.444104], [33.212796, 47.435009], [33.218544, 47.411725], [33.198015, 47.373019], [33.191969, 47.357035], [33.175629, 47.34919], [33.173509, 47.34339], [33.184778, 47.340149], [33.199562, 47.339139], [33.206614, 47.343229], [33.214182, 47.345457], [33.220654, 47.351858], [33.223351, 47.365702], [33.244122, 47.411957], [33.236115, 47.446167], [33.222211, 47.444774]]]}}, {"type": "Feature", "properties": {"name": "Liberated", "date": "2023-09-30", "layer_type": "liberated"}, "geometry": {"type": "Polygon", "coordinates": [[[32.464908, 47.074915], [32.46127, 47.074822], [32.451113, 47.067364], [32.454145, 47.050112], [32.458568, 47.03806], [32.466737, 47.033028], [32.51994, 47.044387], [32.564962, 47.052419], [32.638993, 47.065722], [32.673554, 47.06784], [32.718172, 47.068209], [32.761616, 47.082322], [32.779672, 47.098764], [32.718302, 47.101097], [32.684866, 47.097518], [32.683837, 47.104822], [32.662549, 47.101959], [32.659287, 47.099154], [32.66006, 47.096057], [32.653537, 47.09483], [32.464908, 47.074915]]]}}, {"type": "Feature", "properties": {"name": "Liberated 31.03", "date": "2023-09-30", "layer_type": "liberated"}, "geometry": {"type": "Polygon", "coordinates": [[[31.663379, 50.607387], [31.65479, 50.59837], [31.656163, 50.591832], [31.663029, 50.585729], [31.675389, 50.578317], [31.692555, 50.584857], [31.724141, 50.603164], [31.770833, 50.630177], [31.839497, 50.650643], [31.86353, 50.675888], [31.912282, 50.691985], [31.95966, 50.696334], [32.003606, 50.707207], [32.033818, 50.720685], [32.089436, 50.750236], [32.143681, 50.786715], [32.134755, 50.797566], [32.125048, 50.807198], [32.135488, 50.828024], [32.025786, 50.923011], [32.123332, 50.928506], [32.112691, 50.948402], [31.921534, 50.966724], [31.896511, 50.963323], [31.911733, 50.934574], [31.960986, 50.888025], [31.870591, 50.86173], [31.880173, 50.822419], [31.906186, 50.814564], [31.9641676, 50.7943596], [31.979776, 50.8031328], [31.9510848, 50.8273076], [31.969222, 50.8340766], [31.990118, 50.856453], [32.03533, 50.847187], [32.071584, 50.820563], [32.009785, 50.762833], [31.961034, 50.735028], [31.897176, 50.719815], [31.832631, 50.700684], [31.807225, 50.671971], [31.773579, 50.65935], [31.693242, 50.618851], [31.67396, 50.610871], [31.663379, 50.607387]]]}}, {"type": "Feature", "properties": {"name": "Liberated", "date": "2023-09-30", "layer_type": "liberated"}, "geometry": {"type": "Polygon", "coordinates": [[[35.799415, 47.4802599], [35.7984068, 47.4683525], [35.7990616, 47.4663579], [35.8228819, 47.4575052], [35.8265715, 47.4397909], [35.8683273, 47.4437035], [35.9058781, 47.4407085], [35.9098244, 47.4532211], [35.9118767, 47.4585807], [35.9029812, 47.4868907], [35.9178166, 47.4904682], [35.9168179, 47.4945471], [35.873586, 47.498832], [35.871024, 47.496852], [35.851167, 47.498208], [35.84925, 47.496112], [35.8266206, 47.4975021], [35.8087249, 47.4968062], [35.806108, 47.4942027], [35.8048646, 47.4909033], [35.7974832, 47.4911933], [35.799415, 47.4802599]]]}}, {"type": "Feature", "properties": {"name": "Liberated", "date": "2023-09-30", "layer_type": "liberated"}, "geometry": {"type": "Polygon", "coordinates": [[[33.150334, 47.303742], [33.096268, 47.235534], [33.094061, 47.226244], [33.088809, 47.223954], [33.087333, 47.223237], [33.086141, 47.222998], [33.085251, 47.222504], [33.08346, 47.221165], [33.081926, 47.220583], [33.080736, 47.220526], [33.079277, 47.220491], [33.077561, 47.22101], [33.073517, 47.223328], [33.072503, 47.223649], [33.071575, 47.223431], [33.071184, 47.22309], [33.071028, 47.222558], [33.071988, 47.221111], [33.072571, 47.220669], [33.07421, 47.219871], [33.074785, 47.219296], [33.075037, 47.218539], [33.074863, 47.21824], [33.07456, 47.218029], [33.074326, 47.217771], [33.07375, 47.217629], [33.071782, 47.21752], [33.07094, 47.21774], [33.067416, 47.220072], [33.066926, 47.220415], [33.066308, 47.220437], [33.065458, 47.220277], [33.064873, 47.219578], [33.064734, 47.219083], [33.065236, 47.217841], [33.06518, 47.216744], [33.064138, 47.215642], [33.063976, 47.214759], [33.064424, 47.213983], [33.065578, 47.213211], [33.06583, 47.212541], [33.065219, 47.210822], [33.065219, 47.210223], [33.06537, 47.209763], [33.065866, 47.209009], [33.066485, 47.208189], [33.067028, 47.207552], [33.067185, 47.207033], [33.067144, 47.206649], [33.067029, 47.206293], [33.066627, 47.205813], [33.066079, 47.205306], [33.065852, 47.205028], [33.065755, 47.204913], [33.065529, 47.204415], [33.065528, 47.204209], [33.065573, 47.20393], [33.066032, 47.202916], [33.066236, 47.202529], [33.066346, 47.201992], [33.066339, 47.201734], [33.06617, 47.201274], [33.065998, 47.201061], [33.065702, 47.200852], [33.067397, 47.200725], [33.103618, 47.1955], [33.118384, 47.201582], [33.122332, 47.203215], [33.123872, 47.202462], [33.126852, 47.20326], [33.1276, 47.203183], [33.128494, 47.202621], [33.130627, 47.202839], [33.131802, 47.203273], [33.133639, 47.204959], [33.134222, 47.205764], [33.135902, 47.205857], [33.13652, 47.20555], [33.13761, 47.205739], [33.139189, 47.207166], [33.139686, 47.208038], [33.140766, 47.208382], [33.141724, 47.208429], [33.142955, 47.209805], [33.142839, 47.210778], [33.142465, 47.211138], [33.136739, 47.212443], [33.135416, 47.212719], [33.134057, 47.213271], [33.129402, 47.219283], [33.128524, 47.22066], [33.127711, 47.222423], [33.127116, 47.225774], [33.126699, 47.228804], [33.126723, 47.229852], [33.127372, 47.230957], [33.132954, 47.233009], [33.138836, 47.231448], [33.140988, 47.230539], [33.142286, 47.230121], [33.147801, 47.230509], [33.148875, 47.230992], [33.150337, 47.232659], [33.150772, 47.233544], [33.15147, 47.234207], [33.152695, 47.234658], [33.156432, 47.235618], [33.1591, 47.235614], [33.161751, 47.236379], [33.162899, 47.235978], [33.162621, 47.235584], [33.159318, 47.234447], [33.158464, 47.232638], [33.160187, 47.231352], [33.163856, 47.231622], [33.166195, 47.234106], [33.166752, 47.234178], [33.167952, 47.23339], [33.173014, 47.23362], [33.175155, 47.236879], [33.176347, 47.237801], [33.177702, 47.237546], [33.178782, 47.236921], [33.17991, 47.236661], [33.182167, 47.237016], [33.184193, 47.238015], [33.184639, 47.238966], [33.184675, 47.241683], [33.185089, 47.242689], [33.185659, 47.243244], [33.186028, 47.24377], [33.186423, 47.244183], [33.186784, 47.243959], [33.18682, 47.243337], [33.187318, 47.242733], [33.189604, 47.241992], [33.191686, 47.242082], [33.192932, 47.242553], [33.195253, 47.244835], [33.195347, 47.245553], [33.194984, 47.246461], [33.193892, 47.247311], [33.192137, 47.24837], [33.191545, 47.249148], [33.191477, 47.249772], [33.192027, 47.250088], [33.193299, 47.250019], [33.195844, 47.24965], [33.197929, 47.249902], [33.199609, 47.250814], [33.200138, 47.251531], [33.199909, 47.252324], [33.197734, 47.253793], [33.196989, 47.254576], [33.196442, 47.25556], [33.19552, 47.256595], [33.194449, 47.257267], [33.193999, 47.257414], [33.193936, 47.257679], [33.193771, 47.261183], [33.194126, 47.262075], [33.195949, 47.263303], [33.197687, 47.264124], [33.198158, 47.264629], [33.198156, 47.266514], [33.198497, 47.268244], [33.20107, 47.272124], [33.202271, 47.273324], [33.204157, 47.276365], [33.205092, 47.277348], [33.207671, 47.279276], [33.208833, 47.280651], [33.209614, 47.281946], [33.209544, 47.283079], [33.209147, 47.283424], [33.209951, 47.28409], [33.211013, 47.284639], [33.211914, 47.285089], [33.21363, 47.285814], [33.214487, 47.286682], [33.216287, 47.287778], [33.22023, 47.289504], [33.224771, 47.290918], [33.226718, 47.291393], [33.228236, 47.291344], [33.228955, 47.292061], [33.229822, 47.292366], [33.230989, 47.292088], [33.231693, 47.29031], [33.231899, 47.289548], [33.232739, 47.28884], [33.238869, 47.288861], [33.239977, 47.288677], [33.242879, 47.286855], [33.247225, 47.286179], [33.249222, 47.286574], [33.249782, 47.286374], [33.256709, 47.28661], [33.259879, 47.287077], [33.261118, 47.287602], [33.261708, 47.288186], [33.263058, 47.287899], [33.264, 47.287931], [33.26773, 47.290669], [33.268927, 47.291664], [33.26986, 47.292256], [33.271812, 47.293031], [33.273744, 47.29499], [33.274602, 47.295998], [33.275515, 47.297383], [33.275742, 47.299118], [33.275079, 47.300549], [33.274955, 47.301142], [33.275222, 47.303026], [33.275584, 47.304174], [33.275717, 47.305866], [33.274691, 47.30654], [33.274098, 47.30719], [33.270766, 47.307441], [33.269853, 47.307653], [33.267227, 47.307757], [33.262326, 47.305824], [33.258361, 47.305566], [33.255705, 47.30621], [33.250517, 47.306795], [33.246583, 47.307671], [33.244965, 47.308663], [33.241847, 47.30944], [33.238127, 47.311497], [33.236438, 47.312819], [33.235549, 47.314385], [33.235316, 47.315247], [33.234335, 47.316798], [33.233134, 47.320473], [33.233479, 47.321647], [33.234339, 47.32219], [33.237708, 47.323195], [33.240649, 47.324694], [33.242494, 47.325967], [33.245455, 47.328113], [33.246829, 47.330135], [33.24889, 47.332144], [33.250844, 47.333607], [33.252068, 47.334168], [33.253744, 47.334826], [33.25495, 47.334872], [33.256156, 47.334598], [33.256766, 47.334224], [33.26074, 47.330808], [33.262311, 47.329546], [33.264942, 47.328132], [33.266842, 47.327242], [33.279348, 47.322368], [33.285372, 47.321071], [33.286951, 47.321039], [33.289332, 47.322101], [33.290255, 47.322174], [33.291585, 47.321796], [33.293817, 47.321507], [33.29622, 47.321975], [33.297508, 47.322736], [33.298195, 47.323501], [33.299055, 47.323985], [33.299042, 47.325272], [33.297699, 47.326501], [33.296602, 47.327299], [33.297618, 47.327958], [33.299063, 47.328196], [33.299524, 47.328534], [33.300294, 47.328574], [33.301063, 47.329692], [33.300972, 47.330529], [33.301006, 47.331521], [33.299667, 47.333007], [33.298191, 47.333653], [33.296956, 47.334245], [33.295172, 47.335431], [33.290916, 47.33757], [33.289013, 47.338648], [33.287783, 47.339757], [33.286554, 47.342321], [33.286156, 47.343437], [33.285189, 47.344097], [33.284627, 47.345012], [33.284619, 47.345493], [33.285297, 47.346032], [33.288286, 47.347692], [33.290657, 47.348802], [33.291537, 47.349511], [33.292182, 47.351044], [33.292012, 47.352242], [33.291492, 47.352963], [33.289727, 47.353916], [33.289288, 47.354688], [33.290211, 47.357337], [33.292105, 47.360388], [33.290732, 47.36065], [33.282159, 47.361403], [33.248286, 47.347436], [33.220654, 47.351858], [33.214182, 47.345457], [33.206614, 47.343229], [33.199562, 47.339139], [33.184778, 47.340149], [33.150334, 47.303742]]]}}, {"type": "Feature", "properties": {"name": "Liberated", "date": "2023-09-30", "layer_type": "liberated"}, "geometry": {"type": "Polygon", "coordinates": [[[36.956774, 47.800601], [36.9060709, 47.7887543], [36.887987, 47.795349], [36.873556, 47.805457], [36.836085, 47.815279], [36.820249, 47.821677], [36.8152283, 47.8221094], [36.8161324, 47.8245388], [36.8152641, 47.825211], [36.8137091, 47.8254222], [36.8114889, 47.8242791], [36.8088825, 47.8246054], [36.8082442, 47.8264243], [36.8045372, 47.8266728], [36.8034053, 47.8262153], [36.8012167, 47.8225699], [36.7965812, 47.8228436], [36.787848, 47.821194], [36.78729, 47.818622], [36.7149947, 47.8104724], [36.6954627, 47.8153445], [36.689319, 47.814797], [36.678371, 47.820935], [36.673928, 47.818355], [36.662007, 47.814298], [36.637348, 47.820482], [36.608509, 47.817601], [36.613278, 47.792093], [36.61098, 47.785981], [36.5938222, 47.7832622], [36.5947481, 47.7555068], [36.5763618, 47.742381], [36.5773598, 47.7292444], [36.5804931, 47.7226428], [36.5970234, 47.7254056], [36.6131204, 47.7328977], [36.6234022, 47.7345068], [36.6392619, 47.7422621], [36.6517046, 47.7413093], [36.6620312, 47.736286], [36.6656616, 47.7367455], [36.6657751, 47.7427332], [36.6682241, 47.7490235], [36.6808019, 47.7481569], [36.680197, 47.7592672], [36.6926604, 47.7690542], [36.7241829, 47.7664963], [36.7538676, 47.7575026], [36.7610286, 47.7536036], [36.7683588, 47.7401245], [36.7813009, 47.7413292], [36.7956612, 47.7408021], [36.801353, 47.7428435], [36.8095201, 47.7384458], [36.815294, 47.7325854], [36.8275098, 47.7349077], [36.83862, 47.7341136], [36.840426, 47.7485692], [36.8475842, 47.749143], [36.8539711, 47.7567566], [36.8752654, 47.7553989], [36.8761338, 47.7614817], [36.9296921, 47.758366], [36.9443692, 47.7730199], [36.9708019, 47.7630121], [36.9787842, 47.7593195], [37.024232, 47.744782], [37.053542, 47.743666], [37.078458, 47.74209], [37.098998, 47.7401617], [37.1188067, 47.7337104], [37.1254474, 47.7357035], [37.1334453, 47.7356027], [37.1391684, 47.7309415], [37.1482107, 47.7297583], [37.1570872, 47.7348649], [37.1613274, 47.739495], [37.1869473, 47.7513419], [37.194932, 47.758354], [37.195462, 47.765386], [37.1970863, 47.766884], [37.13847, 47.771847], [37.071358, 47.760039], [37.020357, 47.790188], [36.956774, 47.800601]]]}}, {"type": "Feature", "properties": {"name": "Liberated", "date": "2023-09-30", "layer_type": "liberated"}, "geometry": {"type": "Polygon", "coordinates": [[[37.7133203, 48.1127809], [37.715218, 48.1099951], [37.7216643, 48.1098451], [37.7243902, 48.1080777], [37.7296909, 48.1081441], [37.7282934, 48.1118888], [37.7219419, 48.1126911], [37.7200537, 48.1171608], [37.7169638, 48.11739], [37.7159338, 48.1149833], [37.7133203, 48.1127809]]]}}, {"type": "Feature", "properties": {"name": "Liberated", "date": "2023-09-30", "layer_type": "liberated"}, "geometry": {"type": "Polygon", "coordinates": [[[34.949471, 50.351773], [34.941415, 50.343355], [34.934107, 50.330251], [34.936854, 50.317538], [34.943033, 50.307672], [34.988352, 50.307452], [35.037447, 50.308549], [35.068689, 50.320607], [35.098902, 50.325648], [35.136324, 50.329155], [35.177618, 50.332035], [35.176132, 50.343452], [35.166766, 50.342884], [35.163185, 50.342585], [35.159476, 50.342432], [35.150344, 50.340894], [35.143615, 50.340615], [35.139029, 50.343046], [35.135534, 50.349958], [35.130009, 50.352702], [35.129391, 50.359058], [35.122516, 50.364645], [35.120708, 50.367123], [35.120255, 50.368787], [35.119544, 50.36952], [35.12023, 50.370743], [35.1195, 50.373499], [35.113835, 50.375644], [35.106279, 50.374366], [35.101686, 50.369402], [35.087418, 50.366371], [35.06941, 50.364888], [35.063076, 50.363731], [35.049206, 50.364045], [35.023007, 50.371184], [35.029645, 50.379734], [35.029589, 50.391678], [35.024385, 50.393369], [35.013974, 50.388869], [35.012556, 50.375486], [34.984489, 50.372093], [34.949471, 50.351773]]]}}, {"type": "Feature", "properties": {"name": "Liberated", "date": "2023-09-30", "layer_type": "liberated"}, "geometry": {"type": "Polygon", "coordinates": [[[36.5531092, 47.6710131], [36.5537421, 47.6877855], [36.555749, 47.70034], [36.5738421, 47.7175424], [36.5804931, 47.7226428], [36.5773598, 47.7292444], [36.555989, 47.732093], [36.540399, 47.735321], [36.5255, 47.723422], [36.51317, 47.701263], [36.512168, 47.687748], [36.494116, 47.69306], [36.48259, 47.696256], [36.473292, 47.69749], [36.412652, 47.694399], [36.402776, 47.69561], [36.395361, 47.696634], [36.389827, 47.695224], [36.387344, 47.692171], [36.382382, 47.689762], [36.375207, 47.688175], [36.34027, 47.683596], [36.327729, 47.687833], [36.319914, 47.68868], [36.310736, 47.687543], [36.308291, 47.684853], [36.311511, 47.681122], [36.314345, 47.678169], [36.318638, 47.674343], [36.329725, 47.672023], [36.345618, 47.67317], [36.375688, 47.676151], [36.380204, 47.667543], [36.379451, 47.6605], [36.374855, 47.659133], [36.373558, 47.6564], [36.3721615, 47.6535919], [36.3738099, 47.6516049], [36.3746859, 47.6484036], [36.3776487, 47.6475815], [36.381899, 47.650402], [36.389356, 47.650495], [36.400261, 47.653332], [36.402282, 47.655905], [36.4633978, 47.659759], [36.479327, 47.662613], [36.503716, 47.670158], [36.521186, 47.668959], [36.538214, 47.668917], [36.5531092, 47.6710131]]]}}, {"type": "Feature", "properties": {"name": "Liberated", "date": "2023-09-30", "layer_type": "liberated"}, "geometry": {"type": "Polygon", "coordinates": [[[33.047641, 47.170275], [33.069525, 47.175645], [33.091243, 47.18206], [33.134771, 47.196804], [33.131602, 47.201016], [33.130627, 47.202839], [33.128494, 47.202621], [33.1276, 47.203183], [33.126852, 47.20326], [33.123872, 47.202462], [33.122332, 47.203215], [33.118384, 47.201582], [33.103618, 47.1955], [33.067397, 47.200725], [33.065702, 47.200852], [33.065568, 47.200773], [33.065154, 47.200213], [33.064293, 47.199471], [33.063363, 47.198747], [33.063105, 47.198673], [33.061855, 47.197523], [33.06156, 47.197342], [33.060203, 47.195972], [33.059747, 47.195646], [33.058771, 47.195177], [33.058686, 47.194488], [33.056927, 47.19342], [33.055952, 47.193037], [33.054676, 47.192829], [33.053979, 47.192008], [33.052853, 47.191246], [33.05174, 47.191027], [33.049855, 47.191055], [33.04853, 47.190849], [33.046196, 47.190293], [33.043519, 47.189912], [33.042253, 47.189963], [33.039635, 47.189365], [33.037189, 47.18849], [33.036546, 47.18779], [33.035719, 47.186525], [33.035408, 47.18421], [33.035773, 47.18238], [33.036293, 47.181699], [33.038187, 47.180391], [33.038841, 47.179262], [33.038865, 47.179014], [33.038785, 47.178884], [33.03859, 47.178728], [33.038642, 47.178588], [33.038288, 47.178281], [33.037874, 47.178087], [33.037453, 47.178041], [33.037268, 47.17809], [33.029408, 47.17748], [33.026594, 47.17659], [33.021548, 47.178735], [33.012362, 47.169577], [33.028539, 47.16231], [33.047641, 47.170275]]]}}, {"type": "Feature", "properties": {"name": "Liberated 02.07", "date": "2023-09-30", "layer_type": "liberated"}, "geometry": {"type": "Polygon", "coordinates": [[[33.336808, 47.480381], [33.336913, 47.479298], [33.338231, 47.478566], [33.340707, 47.476674], [33.34019, 47.476182], [33.340703, 47.475689], [33.341016, 47.474894], [33.341238, 47.473313], [33.341782, 47.47176], [33.343093, 47.470842], [33.345166, 47.470715], [33.346509, 47.470181], [33.347406, 47.469102], [33.348045, 47.468052], [33.347615, 47.467067], [33.348558, 47.464081], [33.348359, 47.459219], [33.350219, 47.457736], [33.348585, 47.451764], [33.346116, 47.450344], [33.343723, 47.449374], [33.342655, 47.448294], [33.343067, 47.44717], [33.344358, 47.446713], [33.345821, 47.44643], [33.346898, 47.445696], [33.349884, 47.444861], [33.353883, 47.443784], [33.357259, 47.444266], [33.359948, 47.4453], [33.362043, 47.445887], [33.364182, 47.4472], [33.371935, 47.454628], [33.373101, 47.456292], [33.374095, 47.458928], [33.376316, 47.459879], [33.378924, 47.460236], [33.382446, 47.45926], [33.384467, 47.458676], [33.388384, 47.458489], [33.388963, 47.458133], [33.407555, 47.456726], [33.453049, 47.462764], [33.455151, 47.487067], [33.438711, 47.486774], [33.405582, 47.477252], [33.375401, 47.483513], [33.352665, 47.498862], [33.32681, 47.489163], [33.331546, 47.481435], [33.334407, 47.481159], [33.335951, 47.480886], [33.336808, 47.480381]]]}}, {"type": "Feature", "properties": {"name": "Liberated", "date": "2023-09-30", "layer_type": "liberated"}, "geometry": {"type": "Polygon", "coordinates": [[[35.7990616, 47.4663579], [35.8153788, 47.4576027], [35.8182421, 47.451366], [35.8160475, 47.44594], [35.8176291, 47.4450418], [35.8232698, 47.4367986], [35.8234182, 47.4307801], [35.823783, 47.4297299], [35.8294156, 47.4280435], [35.843073, 47.4273147], [35.8520942, 47.4284766], [35.862805, 47.423424], [35.8758316, 47.4214479], [35.8844398, 47.4182187], [35.895794, 47.4210874], [35.9003034, 47.4222712], [35.9108191, 47.4258974], [35.9174079, 47.4275074], [35.9387794, 47.4288902], [35.9427329, 47.4356261], [35.9421493, 47.4457304], [35.9398761, 47.4479606], [35.921766, 47.4554137], [35.9222362, 47.4633557], [35.9272977, 47.4685024], [35.9332369, 47.4768751], [35.9462978, 47.4808008], [35.9468182, 47.4956694], [35.9167117, 47.4954572], [35.9168179, 47.4945471], [35.9178166, 47.4904682], [35.9029812, 47.4868907], [35.9118767, 47.4585807], [35.9098244, 47.4532211], [35.9058781, 47.4407085], [35.8683273, 47.4437035], [35.8265715, 47.4397909], [35.8228819, 47.4575052], [35.7990616, 47.4663579]]]}}, {"type": "Feature", "properties": {"name": "Liberated 30.05", "date": "2023-09-30", "layer_type": "liberated"}, "geometry": {"type": "Polygon", "coordinates": [[[33.352665, 47.498862], [33.375401, 47.483513], [33.405582, 47.477252], [33.438711, 47.486774], [33.455151, 47.487067], [33.43765, 47.52045], [33.385764, 47.516646], [33.363458, 47.503178], [33.352665, 47.498862]]]}}, {"type": "Feature", "properties": {"name": "Snake Island", "date": "2023-09-30", "layer_type": "liberated"}, "geometry": {"type": "Polygon", "coordinates": [[[30.194992, 45.267287], [30.18263, 45.257016], [30.1895, 45.245731], [30.198084, 45.245165], [30.205294, 45.241214], [30.219026, 45.245836], [30.216751, 45.25499], [30.223597, 45.256878], [30.227696, 45.255745], [30.228222, 45.256614], [30.225486, 45.258812], [30.227225, 45.264899], [30.221087, 45.268857], [30.202203, 45.262695], [30.194992, 45.267287]]]}}, {"type": "Feature", "properties": {"name": "Liberated 23.06", "date": "2023-09-30", "layer_type": "liberated"}, "geometry": {"type": "Polygon", "coordinates": [[[33.56053, 47.493351], [33.55531, 47.485693], [33.558159, 47.473627], [33.56496, 47.462277], [33.601112, 47.463632], [33.59339, 47.48179], [33.587617, 47.494026], [33.578794, 47.501303], [33.56016, 47.502708], [33.56053, 47.493351]]]}}, {"type": "Feature", "properties": {"name": "Liberated", "date": "2023-09-30", "layer_type": "liberated"}, "geometry": {"type": "Polygon", "coordinates": [[[32.437085, 47.388474], [32.423698, 47.383588], [32.349809, 47.287061], [32.298062, 47.240792], [32.250552, 47.20214], [32.168128, 47.11033], [32.134187, 47.076096], [32.165478, 47.048876], [32.194321, 47.060306], [32.322884, 47.110162], [32.297773, 47.135089], [32.241735, 47.128946], [32.279313, 47.175398], [32.318396, 47.22575], [32.33186, 47.230289], [32.43915, 47.379631], [32.452191, 47.327074], [32.430906, 47.318696], [32.435025, 47.296348], [32.470044, 47.307058], [32.583341, 47.249292], [32.643766, 47.254885], [32.630719, 47.291225], [32.521543, 47.303333], [32.50163, 47.334055], [32.463864, 47.401024], [32.437085, 47.388474]]]}}, {"type": "Feature", "properties": {"name": "Liberated 04.09", "date": "2023-09-30", "layer_type": "liberated"}, "geometry": {"type": "Polygon", "coordinates": [[[33.46223, 47.445176], [33.491088, 47.453532], [33.518465, 47.454449], [33.567414, 47.421086], [33.590453, 47.40962], [33.591928, 47.38146], [33.620717, 47.369784], [33.672908, 47.407313], [33.724879, 47.414635], [33.724112, 47.417795], [33.72123, 47.430833], [33.63402, 47.439203], [33.614615, 47.449758], [33.601112, 47.463632], [33.56496, 47.462277], [33.558159, 47.473627], [33.55531, 47.485693], [33.56053, 47.493351], [33.56016, 47.502708], [33.540055, 47.507651], [33.514112, 47.505863], [33.507049, 47.49732], [33.455151, 47.487067], [33.453049, 47.462764], [33.46223, 47.445176]]]}}, {"type": "Feature", "properties": {"name": "Liberated", "date": "2023-09-30", "layer_type": "liberated"}, "geometry": {"type": "Polygon", "coordinates": [[[32.396178, 51.470191], [32.489626, 51.506716], [32.457354, 51.569924], [32.230171, 51.553119], [31.84418, 51.598306], [31.823778, 51.563984], [32.087722, 51.489156], [32.164063, 51.423973], [32.306598, 51.326369], [32.36782, 51.267281], [32.339724, 51.222624], [32.141547, 51.183018], [32.0855631, 51.1193733], [32.120928, 51.07469], [32.415092, 51.087784], [32.389659, 50.98481], [32.248897, 50.976529], [32.112691, 50.948402], [32.123332, 50.928506], [32.194761, 50.931571], [32.263468, 50.944981], [32.523205, 50.957653], [32.532832, 50.938056], [32.520838, 50.888792], [32.573979, 50.811082], [32.504349, 50.760221], [32.438174, 50.73816], [32.424231, 50.704785], [32.318247, 50.688154], [32.304291, 50.67921], [32.333589, 50.666784], [32.373642, 50.674562], [32.434056, 50.680354], [32.438175, 50.690052], [32.456242, 50.714458], [32.540487, 50.7441], [32.611353, 50.777864], [32.679198, 50.785964], [32.714309, 50.781584], [32.805036, 50.809218], [32.813542, 50.80257], [32.78978, 50.788978], [32.79238, 50.780458], [32.785607, 50.771981], [32.800206, 50.762191], [32.81921, 50.749488], [32.814976, 50.725322], [32.791528, 50.708977], [32.751298, 50.699231], [32.750611, 50.671944], [32.700505, 50.666407], [32.641525, 50.654445], [32.610135, 50.628769], [32.680989, 50.630554], [32.690334, 50.647546], [32.727845, 50.658435], [32.760665, 50.661577], [32.80523, 50.669455], [32.870704, 50.668946], [32.91971, 50.676899], [32.956533, 50.687458], [33.008528, 50.689947], [33.04337, 50.702425], [33.108276, 50.711046], [33.181188, 50.726812], [33.239023, 50.73255], [33.233139, 50.736142], [33.19276, 50.735748], [33.113136, 50.722634], [33.070558, 50.715579], [32.998126, 50.701166], [32.930531, 50.695408], [32.876441, 50.67936], [32.812758, 50.679814], [32.784248, 50.677271], [32.780453, 50.688649], [32.823856, 50.70684], [32.850105, 50.741527], [32.82142, 50.770994], [32.82141, 50.789714], [32.841326, 50.799296], [32.827952, 50.815578], [32.958168, 50.845687], [33.043549, 50.838759], [33.112737, 50.8509], [33.124022, 50.826393], [33.153149, 50.82747], [33.157862, 50.856705], [33.200753, 50.862233], [33.196064, 50.875804], [33.126919, 50.921891], [33.127629, 50.939436], [33.119908, 50.942635], [33.08266, 50.943234], [33.063768, 50.962165], [32.972686, 50.94963], [32.921621, 50.974075], [33.016085, 51.016452], [33.038767, 51.020178], [33.071071, 51.031671], [33.082672, 51.030939], [33.092062, 51.013627], [33.13009, 51.005005], [33.147866, 51.01106], [33.169522, 51.052713], [33.240592, 51.084649], [33.293784, 51.046674], [33.380818, 51.042774], [33.383991, 51.079722], [33.427456, 51.153986], [33.298849, 51.208946], [33.179697, 51.176916], [33.102032, 51.187352], [33.023863, 51.170429], [32.977411, 51.127151], [32.962073, 51.152559], [32.827084, 51.273], [32.889489, 51.281912], [32.990732, 51.246806], [33.113522, 51.249191], [33.109196, 51.264504], [32.97763, 51.287614], [32.888805, 51.328701], [32.745265, 51.323117], [32.72344, 51.308938], [32.564996, 51.304777], [32.413493, 51.313961], [32.310315, 51.378989], [32.369143, 51.403717], [32.371664, 51.433102], [32.396178, 51.470191]]]}}, {"type": "Feature", "properties": {"name": "Liberated", "date": "2023-09-30", "layer_type": "liberated"}, "geometry": {"type": "Polygon", "coordinates": [[[34.202707, 50.43883], [34.212018, 50.431341], [34.226394, 50.418272], [34.247596, 50.424287], [34.240935, 50.429933], [34.229808, 50.435032], [34.217975, 50.441579], [34.202707, 50.43883]]]}}, {"type": "Feature", "properties": {"name": "Liberated", "date": "2023-09-30", "layer_type": "liberated"}, "geometry": {"type": "Polygon", "coordinates": [[[34.497905, 50.545471], [34.504659, 50.560635], [34.510083, 50.563615], [34.504693, 50.566037], [34.502968, 50.562618], [34.497562, 50.548393], [34.49633, 50.546974], [34.497556, 50.543373], [34.501376, 50.537291], [34.498405, 50.534634], [34.494768, 50.530853], [34.490455, 50.527832], [34.484506, 50.52428], [34.477732, 50.521898], [34.475031, 50.520716], [34.47677, 50.518434], [34.478932, 50.514036], [34.477867, 50.511373], [34.477193, 50.508387], [34.475716, 50.506372], [34.474252, 50.502128], [34.476877, 50.50179], [34.478787, 50.506485], [34.48075, 50.513185], [34.47765, 50.520189], [34.482546, 50.521973], [34.488655, 50.52425], [34.491603, 50.526621], [34.495412, 50.529557], [34.498888, 50.533117], [34.503352, 50.53669], [34.500156, 50.542076], [34.497905, 50.545471]]]}}, {"type": "Feature", "properties": {"name": "Liberated", "date": "2023-09-30", "layer_type": "liberated"}, "geometry": {"type": "Polygon", "coordinates": [[[34.157343, 50.387941], [34.126832, 50.373624], [34.132068, 50.35917], [34.143269, 50.357966], [34.154298, 50.359389], [34.173524, 50.357199], [34.225023, 50.373405], [34.246657, 50.379322], [34.28005, 50.37196], [34.282022, 50.360653], [34.297464, 50.360922], [34.303816, 50.366181], [34.350421, 50.362291], [34.356475, 50.35427], [34.386384, 50.349149], [34.467409, 50.298241], [34.497157, 50.296946], [34.52019, 50.3305], [34.533581, 50.346797], [34.551444, 50.366487], [34.590802, 50.371375], [34.630682, 50.404134], [34.656656, 50.416565], [34.711317, 50.417277], [34.716443, 50.444298], [34.71608, 50.491214], [34.739736, 50.497628], [34.767155, 50.495819], [34.802313, 50.492406], [34.837468, 50.486684], [34.918396, 50.473666], [34.926154, 50.489762], [34.942155, 50.490566], [34.946551, 50.488991], [34.965765, 50.498264], [34.961848, 50.510318], [34.955325, 50.524508], [34.948459, 50.538038], [34.951892, 50.548947], [34.961162, 50.568141], [34.960475, 50.599096], [34.935928, 50.603127], [34.930263, 50.614674], [34.907883, 50.626991], [34.870339, 50.633008], [34.827454, 50.625648], [34.813749, 50.645077], [34.785302, 50.637984], [34.785405, 50.625536], [34.768445, 50.607383], [34.754406, 50.586062], [34.729478, 50.589255], [34.68516, 50.602845], [34.679886, 50.617345], [34.64766, 50.627377], [34.636078, 50.641996], [34.656093, 50.659412], [34.681612, 50.665506], [34.694548, 50.669421], [34.695362, 50.675294], [34.698711, 50.681601], [34.6958, 50.68791], [34.69788, 50.695962], [34.683493, 50.699021], [34.669821, 50.710802], [34.620467, 50.721325], [34.595919, 50.667534], [34.586488, 50.631953], [34.588756, 50.611824], [34.541861, 50.612248], [34.512306, 50.604706], [34.497486, 50.587604], [34.512878, 50.57399], [34.504693, 50.566037], [34.510083, 50.563615], [34.534443, 50.567133], [34.569909, 50.562669], [34.585047, 50.552934], [34.60365, 50.550262], [34.625064, 50.540558], [34.646177, 50.521372], [34.664374, 50.511589], [34.681882, 50.509052], [34.697327, 50.500267], [34.682058, 50.472468], [34.691899, 50.465459], [34.693495, 50.425116], [34.639915, 50.426957], [34.62695, 50.420341], [34.594379, 50.403138], [34.589757, 50.41965], [34.573459, 50.416689], [34.574862, 50.398292], [34.570747, 50.383451], [34.540029, 50.378127], [34.536292, 50.372392], [34.527043, 50.36383], [34.512306, 50.355268], [34.505526, 50.344971], [34.509349, 50.341028], [34.491204, 50.315498], [34.475467, 50.321175], [34.465704, 50.313874], [34.392908, 50.358951], [34.347009, 50.369756], [34.316323, 50.377337], [34.283293, 50.379918], [34.25369, 50.387745], [34.20408, 50.38063], [34.227591, 50.401315], [34.253004, 50.41138], [34.286649, 50.403832], [34.347932, 50.415428], [34.36424, 50.424506], [34.392736, 50.457741], [34.404752, 50.452276], [34.416338, 50.451566], [34.421788, 50.459407], [34.422777, 50.46703], [34.455823, 50.487239], [34.494666, 50.487574], [34.497122, 50.499265], [34.476877, 50.50179], [34.474252, 50.502128], [34.456709, 50.504303], [34.409518, 50.513501], [34.415397, 50.487349], [34.391291, 50.474273], [34.369941, 50.469059], [34.357011, 50.464129], [34.334814, 50.460944], [34.315832, 50.455009], [34.301938, 50.45903], [34.308208, 50.465849], [34.314395, 50.475837], [34.329636, 50.490408], [34.348981, 50.496126], [34.365239, 50.499952], [34.372222, 50.501291], [34.381177, 50.501516], [34.392257, 50.501273], [34.400091, 50.500666], [34.405568, 50.499695], [34.412516, 50.499507], [34.411528, 50.50378], [34.408135, 50.503686], [34.403493, 50.503965], [34.396595, 50.504644], [34.388573, 50.504522], [34.382752, 50.505345], [34.372339, 50.505687], [34.360899, 50.508255], [34.350329, 50.504335], [34.328844, 50.497475], [34.319814, 50.490126], [34.309096, 50.477763], [34.302788, 50.471674], [34.292873, 50.468123], [34.281928, 50.462823], [34.275618, 50.458264], [34.262422, 50.455355], [34.227598, 50.45479], [34.202705, 50.449656], [34.175413, 50.439049], [34.179447, 50.432981], [34.202707, 50.43883], [34.217975, 50.441579], [34.233173, 50.444249], [34.285104, 50.447576], [34.30845, 50.444078], [34.375398, 50.464462], [34.387672, 50.46651], [34.370677, 50.448943], [34.358146, 50.432762], [34.338233, 50.430138], [34.328878, 50.423084], [34.282186, 50.415975], [34.247596, 50.424287], [34.226394, 50.418272], [34.229658, 50.409411], [34.219351, 50.404488], [34.190948, 50.380576], [34.173202, 50.379662], [34.157343, 50.387941]]]}}, {"type": "Feature", "properties": {"name": "Liberated", "date": "2023-09-30", "layer_type": "liberated"}, "geometry": {"type": "Polygon", "coordinates": [[[36.215025, 47.593004], [36.2629409, 47.597687], [36.2969298, 47.6049792], [36.2960259, 47.6107683], [36.2663369, 47.6097719], [36.2443163, 47.6078022], [36.215025, 47.593004]]]}}, {"type": "Feature", "properties": {"name": "Liberated", "date": "2023-09-30", "layer_type": "liberated"}, "geometry": {"type": "Polygon", "coordinates": [[[31.69889, 51.582161], [31.62178, 51.575812], [31.572127, 51.586867], [31.588644, 51.644774], [31.590788, 51.686709], [31.631066, 51.706849], [31.703818, 51.70608], [31.770859, 51.76728], [31.769226, 51.860205], [31.877899, 51.845105], [31.886949, 51.830405], [31.921968, 51.81257], [31.934663, 51.783696], [31.9517, 51.733484], [32.020322, 51.701615], [32.088823, 51.653533], [32.107681, 51.677166], [32.057842, 51.747622], [32.134032, 51.762599], [32.278595, 51.738736], [32.30101, 51.722772], [32.324382, 51.721726], [32.371066, 51.693114], [32.456767, 51.604349], [32.457354, 51.569924], [32.489626, 51.506716], [32.539094, 51.521426], [32.550489, 51.55451], [32.521985, 51.568792], [32.556475, 51.596418], [32.584844, 51.673231], [32.740933, 51.737501], [32.887024, 51.774997], [33.033628, 51.898052], [33.184769, 51.996241], [33.22621, 51.991064], [33.238884, 51.987164], [33.256835, 51.974002], [33.248687, 51.931015], [33.263024, 51.919528], [33.27672, 51.924684], [33.271214, 51.937425], [33.27606, 51.941746], [33.288954, 51.945069], [33.302192, 51.938868], [33.308584, 51.945831], [33.320472, 51.948137], [33.32627, 51.941718], [33.336377, 51.943693], [33.33962, 51.949689], [33.321408, 51.958227], [33.286714, 51.95343], [33.269479, 51.993547], [33.245143, 51.992319], [33.232175, 51.996629], [33.240573, 52.009477], [33.206404, 52.016995], [33.247792, 52.085352], [33.312301, 52.192945], [33.302819, 52.354393], [33.231451, 52.36976], [33.215969, 52.254407], [33.150707, 52.230682], [33.162007, 52.177855], [33.206214, 52.138675], [33.158025, 52.068158], [33.079593, 51.999899], [32.888742, 51.903245], [32.739847, 51.814004], [32.708177, 51.888926], [32.73015, 52.073319], [32.670455, 52.145413], [32.649812, 52.185022], [32.674913, 52.271406], [32.658004, 52.280506], [32.636969, 52.287082], [32.622794, 52.296173], [32.606553, 52.304842], [32.584581, 52.231727], [32.526903, 52.158491], [32.59076, 52.123093], [32.577028, 52.079649], [32.4860414, 52.049125], [32.4817674, 52.0106313], [32.5653517, 52.0126887], [32.571534, 51.984601], [32.557115, 51.917311], [32.447252, 51.899096], [32.257737, 51.846527], [32.180587, 51.790241], [32.005395, 51.79326], [31.970398, 51.839545], [31.939134, 51.86858], [31.873236, 51.885531], [31.866866, 51.89153], [31.872856, 51.916596], [31.887798, 51.936925], [31.855107, 51.971004], [31.870465, 52.021155], [31.836137, 52.050945], [31.81828, 52.076898], [31.805753, 52.100216], [31.796548, 52.103516], [31.793694, 52.108292], [31.791418, 52.108987], [31.787209, 52.111747], [31.785828, 52.112313], [31.780319, 52.111757], [31.772046, 52.111487], [31.766487, 52.109154], [31.762924, 52.106174], [31.74716, 52.103134], [31.759553, 52.077731], [31.765059, 52.002463], [31.729002, 51.997334], [31.639046, 51.955817], [31.612775, 51.976337], [31.509269, 52.120813], [31.489339, 52.116731], [31.464247, 52.121738], [31.455964, 52.130535], [31.451797, 52.140176], [31.442689, 52.139531], [31.466996, 52.094403], [31.472123, 52.046922], [31.517464, 51.99304], [31.587228, 51.934034], [31.564, 51.888263], [31.572221, 51.84571], [31.547443, 51.816317], [31.506889, 51.797221], [31.406073, 51.789413], [31.315679, 51.788409], [31.239934, 51.783254], [31.129645, 51.833078], [31.196452, 51.976872], [31.213362, 52.070286], [31.200767, 52.073963], [31.185424, 52.074261], [31.158854, 52.079918], [31.146009, 52.091059], [31.140025, 52.102198], [31.097153, 52.089444], [31.073665, 52.091497], [31.037821, 52.084261], [31.006664, 52.081231], [30.989244, 52.075665], [30.970362, 52.077454], [30.955246, 52.085246], [30.948372, 52.066131], [30.957976, 52.025063], [30.977056, 51.953313], [31.019464, 51.7953], [30.936725, 51.754091], [30.857762, 51.642165], [30.832903, 51.478969], [30.772277, 51.483804], [30.789922, 51.529125], [30.73726, 51.544487], [30.721121, 51.532532], [30.695112, 51.534295], [30.691081, 51.518115], [30.735264, 51.511372], [30.726336, 51.41555], [30.672779, 51.401416], [30.656296, 51.375282], [30.635698, 51.359954], [30.659042, 51.339696], [30.682386, 51.343985], [30.70779, 51.383425], [30.788811, 51.378712], [30.867084, 51.367996], [30.928878, 51.38471], [31.008174, 51.377904], [31.130053, 51.312661], [31.300659, 51.267571], [31.425373, 51.284159], [31.462359, 51.359081], [31.405904, 51.39842], [31.277956, 51.399981], [31.251026, 51.372208], [31.219313, 51.378712], [31.223432, 51.418122], [31.173306, 51.453434], [31.188412, 51.479952], [31.195783, 51.495124], [31.185664, 51.505008], [31.176738, 51.53017], [31.17854, 51.540652], [31.187555, 51.551988], [31.219065, 51.558091], [31.25195, 51.563118], [31.268087, 51.558208], [31.314335, 51.556021], [31.332767, 51.55041], [31.350455, 51.543253], [31.36488, 51.528383], [31.377236, 51.51217], [31.406202, 51.507446], [31.531, 51.538916], [31.563679, 51.541839], [31.658756, 51.545388], [31.692402, 51.550512], [31.754879, 51.551788], [31.823778, 51.563984], [31.84418, 51.598306], [31.765413, 51.583188], [31.69889, 51.582161]]]}}, {"type": "Feature", "properties": {"name": "Liberated", "date": "2023-09-30", "layer_type": "liberated"}, "geometry": {"type": "Polygon", "coordinates": [[[31.934663, 51.783696], [31.906862, 51.76331], [31.849516, 51.705469], [31.820674, 51.642665], [31.765413, 51.583188], [31.84418, 51.598306], [31.895688, 51.687498], [31.9381, 51.71092], [31.9517, 51.733484], [31.934663, 51.783696]]]}}, {"type": "Feature", "properties": {"name": "Liberated", "date": "2023-09-30", "layer_type": "liberated"}, "geometry": {"type": "Polygon", "coordinates": [[[31.018194, 50.645272], [31.004775, 50.641526], [31.001976, 50.637953], [30.978547, 50.632104], [30.954373, 50.62649], [30.94517, 50.627452], [30.935697, 50.62719], [30.905944, 50.634606], [30.87923, 50.640713], [30.867452, 50.632938], [30.850874, 50.616233], [30.832364, 50.590996], [30.821229, 50.574956], [30.832995, 50.569769], [30.87189, 50.587689], [30.892232, 50.568249], [30.932136, 50.583897], [30.950725, 50.59913], [30.928801, 50.621336], [30.944593, 50.620936], [30.95833, 50.619859], [30.980652, 50.626502], [31.000574, 50.614929], [31.007791, 50.614136], [31.020888, 50.616324], [31.024915, 50.617276], [31.029029, 50.617628], [31.028636, 50.614386], [31.027557, 50.611144], [31.037275, 50.593378], [31.044642, 50.583614], [31.02903, 50.581654], [31.020631, 50.580893], [31.017982, 50.579641], [31.010281, 50.57899], [31.004664, 50.57845], [30.999783, 50.578243], [30.994655, 50.577391], [30.990924, 50.576122], [30.992428, 50.572512], [30.999338, 50.568682], [31.004661, 50.566243], [31.009125, 50.565766], [31.018094, 50.571315], [31.026442, 50.576159], [31.041056, 50.577896], [31.051218, 50.578373], [31.053054, 50.574053], [31.050717, 50.56743], [31.046215, 50.558981], [31.052951, 50.555367], [31.075759, 50.544349], [31.07, 50.554259], [31.058153, 50.559769], [31.057119, 50.564624], [31.057666, 50.569705], [31.067999, 50.570424], [31.073782, 50.569835], [31.078193, 50.571317], [31.078561, 50.573709], [31.076041, 50.576514], [31.066798, 50.578406], [31.057198, 50.577281], [31.05772, 50.579826], [31.06382, 50.582533], [31.07272, 50.583708], [31.082908, 50.58134], [31.087809, 50.587683], [31.086387, 50.588478], [31.03917, 50.613683], [31.0343, 50.619261], [31.033769, 50.625665], [31.038302, 50.624609], [31.041621, 50.633016], [31.04468, 50.639354], [31.062676, 50.640466], [31.07131, 50.648126], [31.092466, 50.652809], [31.102019, 50.660591], [31.100962, 50.67014], [31.109704, 50.679049], [31.12257, 50.688392], [31.145398, 50.686215], [31.165414, 50.668888], [31.171811, 50.655434], [31.183694, 50.634142], [31.199989, 50.632565], [31.263074, 50.623545], [31.289388, 50.645601], [31.20479, 50.647382], [31.189002, 50.67338], [31.144481, 50.716284], [31.131715, 50.718827], [31.116202, 50.709412], [31.091697, 50.721881], [31.046865, 50.744584], [31.042229, 50.740022], [31.123728, 50.69807], [31.116133, 50.694264], [31.085758, 50.675204], [31.085606, 50.660492], [31.052962, 50.66998], [31.045337, 50.661396], [31.047154, 50.654281], [31.02903, 50.648232], [31.018194, 50.645272]]]}}, {"type": "Feature", "properties": {"name": "Liberated", "date": "2023-09-30", "layer_type": "liberated"}, "geometry": {"type": "Polygon", "coordinates": [[[31.077902, 50.555125], [31.07, 50.554259], [31.075759, 50.544349], [31.075217, 50.538348], [31.090607, 50.529182], [31.101812, 50.525032], [31.10978, 50.531223], [31.113113, 50.542105], [31.152605, 50.557302], [31.157732, 50.550579], [31.165028, 50.552249], [31.165115, 50.558609], [31.159454, 50.568766], [31.147954, 50.57805], [31.122477, 50.593777], [31.108147, 50.605032], [31.079728, 50.620204], [31.049579, 50.625129], [31.041621, 50.633016], [31.038302, 50.624609], [31.044622, 50.620864], [31.065868, 50.613665], [31.079996, 50.610239], [31.095297, 50.599482], [31.112995, 50.589595], [31.125361, 50.579146], [31.135434, 50.561012], [31.128631, 50.557078], [31.113095, 50.550061], [31.104944, 50.547842], [31.096793, 50.549549], [31.08782, 50.553128], [31.077902, 50.555125]]]}}, {"type": "Feature", "properties": {"name": "Liberated", "date": "2023-09-30", "layer_type": "liberated"}, "geometry": {"type": "Polygon", "coordinates": [[[34.005412, 51.263118], [34.005069, 51.486856], [33.95769, 51.725029], [34.077572, 51.763922], [34.124117, 51.798506], [34.195357, 51.822592], [34.253966, 51.831992], [34.284439, 51.840103], [34.32989, 51.868699], [34.328318, 51.869058], [34.329764, 51.87067], [34.327884, 51.871524], [34.326475, 51.873112], [34.326184, 51.875204], [34.325549, 51.876084], [34.325142, 51.87633], [34.323968, 51.876622], [34.323008, 51.876914], [34.321003, 51.877894], [34.31948, 51.879148], [34.260311, 51.855878], [34.243766, 51.859407], [34.032116, 51.798661], [33.177538, 51.454676], [33.123624, 51.397233], [33.13037, 51.356001], [33.128221, 51.277231], [33.109196, 51.264504], [33.113522, 51.249191], [33.168515, 51.267325], [33.2087551, 51.2509967], [33.2050293, 51.2479597], [33.203617, 51.2424517], [33.1734102, 51.2405357], [33.1732201, 51.2392966], [33.1920764, 51.2400222], [33.2041527, 51.2412832], [33.2047011, 51.2392645], [33.2079308, 51.2372863], [33.2090691, 51.2379779], [33.2065105, 51.239824], [33.2056684, 51.2419926], [33.2071599, 51.2474043], [33.2104863, 51.2499797], [33.2129335, 51.2483611], [33.2206308, 51.2475251], [33.2257576, 51.2519631], [33.2309232, 51.2514879], [33.2311965, 51.2523019], [33.2250482, 51.252963], [33.2198525, 51.2491068], [33.2153834, 51.2494528], [33.1761261, 51.2694203], [33.221196, 51.331206], [33.299846, 51.423809], [33.623157, 51.602287], [33.8492, 51.684817], [33.829631, 51.242489], [33.298849, 51.208946], [33.427456, 51.153986], [33.383991, 51.079722], [33.835124, 50.952717], [34.368586, 50.90713], [34.394782, 50.877913], [34.383992, 50.8459], [34.36195, 50.814838], [34.312586, 50.808255], [34.259794, 50.810545], [34.147822, 50.841848], [34.054751, 50.826796], [33.962478, 50.830187], [33.89461, 50.843394], [33.858246, 50.836183], [33.834993, 50.837468], [33.807721, 50.826513], [33.761934, 50.813256], [33.740016, 50.810048], [33.707929, 50.807294], [33.667888, 50.787727], [33.573876, 50.788094], [33.550237, 50.786913], [33.530736, 50.753817], [33.516889, 50.741738], [33.514685, 50.741714], [33.497762, 50.740168], [33.495627, 50.744653], [33.493069, 50.751871], [33.485975, 50.751238], [33.481591, 50.75096], [33.480634, 50.752906], [33.476572, 50.753065], [33.470388, 50.753266], [33.465579, 50.75661], [33.445866, 50.754904], [33.438512, 50.758734], [33.418111, 50.763431], [33.403188, 50.766429], [33.391441, 50.76644], [33.375955, 50.764341], [33.346742, 50.755289], [33.310984, 50.748903], [33.270379, 50.746104], [33.233139, 50.736142], [33.239023, 50.73255], [33.272761, 50.740133], [33.325734, 50.742485], [33.37254, 50.7546], [33.397391, 50.763663], [33.417618, 50.760447], [33.431663, 50.757229], [33.443475, 50.75314], [33.456602, 50.753328], [33.465311, 50.755729], [33.4693, 50.753242], [33.469516, 50.752674], [33.475979, 50.752255], [33.479334, 50.752165], [33.479974, 50.750817], [33.480402, 50.750198], [33.483533, 50.750284], [33.48413, 50.748502], [33.485533, 50.74296], [33.493721, 50.738768], [33.509992, 50.731453], [33.508718, 50.705518], [33.503531, 50.684222], [33.49828, 50.669647], [33.467094, 50.653543], [33.460982, 50.642007], [33.472033, 50.640269], [33.510276, 50.666286], [33.512076, 50.680327], [33.527797, 50.727332], [33.524758, 50.734004], [33.568908, 50.755682], [33.680385, 50.777703], [33.725282, 50.797162], [33.740074, 50.796426], [33.777608, 50.806935], [33.818906, 50.815557], [33.848134, 50.821841], [33.866861, 50.817475], [33.95789, 50.825812], [34.017839, 50.817093], [34.05989, 50.820837], [34.138814, 50.835389], [34.271893, 50.802106], [34.313513, 50.801039], [34.3564, 50.805899], [34.376189, 50.811015], [34.41577, 50.862431], [34.411354, 50.883346], [34.389934, 50.907709], [34.661845, 50.905977], [34.7342001, 50.8785823], [34.7477272, 50.8936762], [34.7461552, 50.9334536], [34.7197077, 50.9497388], [34.7165933, 50.9662405], [34.758541, 50.966293], [34.784633, 50.979264], [34.927455, 50.952453], [34.9083823, 50.929259], [34.8831488, 50.9125522], [34.8911952, 50.9094771], [34.9134154, 50.9183281], [34.9438993, 50.9518441], [35.127956, 50.985316], [35.243312, 50.950723], [35.296871, 50.998282], [35.27491, 51.058526], [35.235073, 51.034567], [35.011226, 51.019884], [34.898616, 50.987045], [34.824459, 51.005196], [34.852152, 51.075838], [34.91255, 51.063583], [34.985134, 51.07255], [35.013973, 51.11395], [35.130986, 51.157045], [35.125065, 51.161323], [35.123252, 51.165326], [35.134436, 51.170816], [35.130681, 51.173559], [35.129329, 51.182868], [34.973723, 51.115485], [34.932948, 51.088079], [34.7915, 51.09498], [34.717699, 51.063988], [34.703672, 51.057573], [34.65623, 51.068217], [34.634054, 51.058972], [34.58832, 51.036088], [34.599, 51.030711], [34.642536, 51.044853], [34.658569, 51.051453], [34.713027, 51.037994], [34.658552, 51.000706], [34.571208, 51.000274], [33.656596, 51.078853], [33.500041, 51.128867], [33.648356, 51.178826], [34.189433, 51.17366], [34.205912, 51.21325], [34.005412, 51.263118]]]}}, {"type": "Feature", "properties": {"name": "Liberated", "date": "2023-09-30", "layer_type": "liberated"}, "geometry": {"type": "Polygon", "coordinates": [[[34.411461, 51.06651], [34.571208, 51.000274], [34.658552, 51.000706], [34.599, 51.030711], [34.58832, 51.036088], [34.345412, 51.158015], [34.313955, 51.238807], [34.305236, 51.238327], [34.29761, 51.242307], [34.295973, 51.153709], [34.247908, 51.179543], [34.205912, 51.21325], [34.189433, 51.17366], [34.208083, 51.160599], [34.278121, 51.111482], [34.314154, 51.13363], [34.411461, 51.06651]]]}}, {"type": "Feature", "properties": {"name": "Liberated", "date": "2023-09-30", "layer_type": "liberated"}, "geometry": {"type": "Polygon", "coordinates": [[[37.7288791, 48.1868677], [37.7268028, 48.1847101], [37.7337957, 48.1802816], [37.7546994, 48.183052], [37.7492062, 48.1847116], [37.7413957, 48.1831379], [37.737619, 48.1846544], [37.7327483, 48.1862139], [37.7304951, 48.190205], [37.7282636, 48.1904911], [37.7288791, 48.1868677]]]}}, {"type": "Feature", "properties": {"name": "Liberated", "date": "2023-09-30", "layer_type": "liberated"}, "geometry": {"type": "Polygon", "coordinates": [[[33.015058, 47.18036], [33.012526, 47.182558], [33.011882, 47.185107], [33.013014, 47.186328], [33.01376, 47.187462], [33.011871, 47.191013], [33.009361, 47.193604], [33.005884, 47.196269], [33.001829, 47.196415], [33.000906, 47.195941], [32.999984, 47.193444], [33.000091, 47.192668], [33.003739, 47.191924], [33.0042, 47.190925], [33.003052, 47.189926], [33.000445, 47.189664], [32.997666, 47.19083], [32.994083, 47.190743], [32.991444, 47.189693], [32.991079, 47.187681], [32.992098, 47.186937], [32.991486, 47.185566], [32.991679, 47.183255], [32.991057, 47.180345], [32.991615, 47.176611], [32.992624, 47.173402], [32.993681, 47.171714], [32.995166, 47.170025], [32.99603, 47.168206], [32.996054, 47.16696], [32.995456, 47.166021], [32.994598, 47.165481], [32.993471, 47.165452], [32.992264, 47.165948], [32.991725, 47.166211], [32.990769, 47.167122], [32.989705, 47.167874], [32.988525, 47.168589], [32.987839, 47.168778], [32.987549, 47.168399], [32.987458, 47.168012], [32.987648, 47.167491], [32.988836, 47.167064], [32.98955, 47.166433], [32.9904, 47.164972], [32.990746, 47.16314], [32.990966, 47.161517], [32.99099, 47.159873], [32.991116, 47.158438], [32.991827, 47.157663], [32.993711, 47.156476], [32.993997, 47.155633], [32.994064, 47.154889], [32.993926, 47.154029], [32.9936, 47.153598], [32.993037, 47.15335], [32.992368, 47.153318], [32.991409, 47.153599], [32.990039, 47.154489], [32.989151, 47.15531], [32.988392, 47.155738], [32.98769, 47.155957], [32.986995, 47.156045], [32.986322, 47.155929], [32.985684, 47.155623], [32.984762, 47.154049], [32.984571, 47.153227], [32.984508, 47.152785], [32.984772, 47.152363], [32.985236, 47.152065], [32.985958, 47.151825], [32.989993, 47.151551], [32.99154, 47.151153], [32.992743, 47.150419], [32.993696, 47.149203], [32.994605, 47.14768], [32.996038, 47.144314], [33.000695, 47.137581], [33.001618, 47.135899], [33.008508, 47.138722], [33.017566, 47.136602], [33.028539, 47.16231], [33.012362, 47.169577], [33.021548, 47.178735], [33.015058, 47.18036]]]}}, {"type": "Feature", "properties": {"name": "Liberated", "date": "2023-09-30", "layer_type": "liberated"}, "geometry": {"type": "Polygon", "coordinates": [[[36.027466, 47.543067], [36.021299, 47.526801], [36.034005, 47.532602], [36.034759, 47.539838], [36.06539, 47.558671], [36.081698, 47.578255], [36.092287, 47.579804], [36.099497, 47.58212], [36.082356, 47.592317], [36.068623, 47.594517], [36.038507, 47.602226], [36.01486, 47.625052], [35.965796, 47.618708], [36.018841, 47.585486], [36.038582, 47.556996], [36.027466, 47.543067]]]}}, {"type": "Feature", "properties": {"name": "Liberated", "date": "2023-09-30", "layer_type": "liberated"}, "geometry": {"type": "Polygon", "coordinates": [[[33.142955, 47.209805], [33.141724, 47.208429], [33.140766, 47.208382], [33.139686, 47.208038], [33.139189, 47.207166], [33.13761, 47.205739], [33.13652, 47.20555], [33.135902, 47.205857], [33.134222, 47.205764], [33.133639, 47.204959], [33.131802, 47.203273], [33.130627, 47.202839], [33.131602, 47.201016], [33.134771, 47.196804], [33.091243, 47.18206], [33.069525, 47.175645], [33.047641, 47.170275], [33.028539, 47.16231], [33.017566, 47.136602], [33.008508, 47.138722], [33.001618, 47.135899], [33.001672, 47.133888], [33.002235, 47.132634], [33.002391, 47.131541], [33.006585, 47.13005], [33.015179, 47.128425], [33.040762, 47.120659], [33.051844, 47.11797], [33.075743, 47.112922], [33.098847, 47.121375], [33.108905, 47.117912], [33.131326, 47.16619], [33.160134, 47.191439], [33.158525, 47.20139], [33.159992, 47.202726], [33.147475, 47.208662], [33.142955, 47.209805]]]}}, {"type": "Feature", "properties": {"name": "Liberated", "date": "2023-09-30", "layer_type": "liberated"}, "geometry": {"type": "Polygon", "coordinates": [[[38.194798, 48.928221], [38.200479, 48.895391], [38.192123, 48.86171], [38.227369, 48.807813], [38.233281, 48.800743], [38.226224, 48.780811], [38.2382456, 48.7886292], [38.24092, 48.79164], [38.24468, 48.798254], [38.248183, 48.808654], [38.246811, 48.8162862], [38.225082, 48.840813], [38.227257, 48.86476], [38.2201506, 48.865983], [38.2200286, 48.8678361], [38.2246026, 48.870513], [38.228834, 48.877085], [38.225946, 48.885739], [38.249539, 48.891871], [38.259636, 48.9002303], [38.2589708, 48.9173297], [38.2622841, 48.9222675], [38.2572743, 48.9268101], [38.2522638, 48.9314677], [38.2517178, 48.9374012], [38.2483565, 48.9387072], [38.241163, 48.937352], [38.236201, 48.938814], [38.2288196, 48.9379968], [38.222726, 48.934585], [38.211694, 48.931321], [38.199915, 48.928847], [38.194798, 48.928221]]]}}, {"type": "Feature", "properties": {"name": "Liberated", "date": "2023-09-30", "layer_type": "liberated"}, "geometry": {"type": "Polygon", "coordinates": [[[36.559931, 50.250796], [36.56865, 50.257768], [36.574008, 50.255268], [36.577894, 50.258635], [36.575109, 50.260672], [36.580365, 50.262584], [36.575649, 50.274246], [36.573643, 50.275374], [36.593806, 50.275828], [36.593564, 50.278079], [36.591318, 50.278512], [36.589552, 50.279346], [36.588153, 50.281161], [36.588033, 50.281698], [36.588767, 50.283859], [36.586537, 50.285227], [36.582933, 50.286282], [36.571219, 50.285748], [36.563363, 50.284807], [36.560789, 50.284236], [36.556128, 50.281366], [36.525419, 50.285972], [36.527254, 50.292659], [36.523784, 50.293569], [36.52093, 50.293225], [36.518903, 50.293861], [36.516694, 50.293981], [36.516363, 50.295357], [36.515658, 50.295914], [36.512759, 50.295767], [36.511151, 50.295369], [36.500702, 50.299248], [36.49788, 50.302051], [36.492712, 50.30452], [36.489689, 50.307838], [36.489951, 50.309924], [36.487653, 50.311665], [36.472289, 50.313161], [36.440317, 50.31098], [36.433698, 50.330681], [36.429245, 50.329695], [36.425543, 50.32827], [36.423633, 50.326599], [36.421691, 50.324133], [36.409299, 50.312446], [36.400835, 50.30717], [36.373927, 50.30029], [36.378862, 50.293382], [36.367403, 50.288584], [36.361267, 50.287267], [36.354359, 50.28878], [36.330927, 50.289563], [36.297283, 50.292242], [36.299213, 50.299103], [36.286379, 50.29859], [36.285392, 50.3041], [36.28492, 50.305855], [36.276809, 50.31742], [36.280414, 50.323065], [36.274363, 50.323996], [36.285049, 50.334955], [36.255507, 50.355365], [36.241996, 50.358383], [36.233948, 50.363735], [36.231199, 50.371345], [36.214289, 50.383524], [36.202362, 50.396405], [36.185053, 50.406603], [36.177077, 50.401618], [36.169706, 50.410418], [36.160795, 50.431777], [36.135718, 50.437679], [36.117806, 50.438314], [36.103819, 50.441913], [36.089995, 50.42441], [36.064508, 50.410881], [36.038004, 50.400407], [36.040718, 50.387073], [36.055099, 50.370236], [36.080633, 50.378134], [36.09725, 50.386031], [36.170677, 50.347212], [36.1548, 50.332204], [36.127233, 50.324833], [36.131612, 50.314904], [36.127235, 50.292689], [36.143543, 50.285012], [36.157912, 50.25853], [36.151524, 50.234866], [36.152263, 50.230433], [36.147522, 50.223522], [36.142962, 50.219958], [36.140122, 50.213759], [36.138071, 50.207708], [36.14426, 50.203195], [36.157359, 50.196396], [36.177496, 50.19706], [36.19983, 50.194438], [36.215863, 50.179501], [36.219742, 50.154364], [36.231807, 50.151804], [36.23563, 50.143964], [36.25004, 50.12918], [36.343308, 50.086029], [36.331558, 50.076801], [36.367392, 50.04465], [36.426986, 50.015328], [36.465936, 50.001867], [36.484806, 49.988741], [36.484436, 49.928808], [36.501945, 49.929692], [36.554986, 49.999718], [36.577907, 50.046777], [36.748092, 50.029576], [36.765365, 50.019193], [36.806033, 50.028556], [36.821809, 50.028071], [36.83281, 50.021629], [36.893564, 50.002815], [36.889392, 49.976236], [36.902756, 49.950029], [36.956602, 49.926131], [37.00599, 49.916801], [36.9808469, 49.8818345], [36.9773277, 49.8749757], [36.962651, 49.865516], [37.003922, 49.84241], [36.985628, 49.83345], [36.977347, 49.83583], [36.898315, 49.81217], [36.88954, 49.805319], [36.892781, 49.799576], [36.924642, 49.789997], [36.885113, 49.758278], [36.848819, 49.732378], [36.836826, 49.732819], [36.827066, 49.7271], [36.819967, 49.724488], [36.813178, 49.724056], [36.802834, 49.725592], [36.798374, 49.721615], [36.797559, 49.714568], [36.786081, 49.69639], [36.763628, 49.682207], [36.731829, 49.667096], [36.72903, 49.655091], [36.727545, 49.640864], [36.735499, 49.620856], [36.763476, 49.6012], [36.792955, 49.549719], [36.787435, 49.475942], [36.825656, 49.407425], [36.828982, 49.407258], [36.838362, 49.405167], [36.889473, 49.380918], [36.918696, 49.387324], [37.004757, 49.380762], [37.00635, 49.376419], [37.025847, 49.37957], [37.030459, 49.379633], [37.037218, 49.380374], [37.042818, 49.379689], [37.044583, 49.3797], [37.046949, 49.38052], [37.049894, 49.380615], [37.051098, 49.38113], [37.051273, 49.381952], [37.052571, 49.383063], [37.055934, 49.383066], [37.058096, 49.383517], [37.061133, 49.383063], [37.067001, 49.380486], [37.078139, 49.370929], [37.080595, 49.368107], [37.081206, 49.365703], [37.074382, 49.351843], [37.073436, 49.350572], [37.07533, 49.348605], [37.076786, 49.336826], [37.040377, 49.31594], [37.015192, 49.296768], [37.010956, 49.296959], [37.008663, 49.300027], [37.008767, 49.301833], [37.006726, 49.303024], [37.002324, 49.303151], [36.992343, 49.302494], [36.985771, 49.299614], [36.977439, 49.303559], [36.964647, 49.298004], [36.961039, 49.300899], [36.949379, 49.294386], [36.953079, 49.290233], [36.951667, 49.283454], [36.931976, 49.275386], [36.923714, 49.276146], [36.924808, 49.2689], [36.936459, 49.254596], [36.946385, 49.227855], [36.944993, 49.222884], [36.937422, 49.216231], [36.931208, 49.215372], [36.932977, 49.212157], [36.930884, 49.204121], [36.92571, 49.20135], [36.92682, 49.197773], [36.926699, 49.196107], [36.923965, 49.194628], [36.923548, 49.191354], [36.92138, 49.189485], [36.923008, 49.18569], [36.928262, 49.178375], [36.945849, 49.177117], [36.950005, 49.182607], [36.965988, 49.181087], [36.97064, 49.17216], [36.99928, 49.181878], [37.040898, 49.166771], [37.038802, 49.144278], [36.996912, 49.129848], [36.966721, 49.105969], [36.985286, 49.096324], [37.008592, 49.099708], [37.030531, 49.107583], [37.078471, 49.091907], [37.087397, 49.057497], [37.09289, 49.050522], [37.136179, 49.046841], [37.174926, 49.033482], [37.176318, 49.007977], [37.252535, 48.982748], [37.356566, 48.991374], [37.411836, 48.986467], [37.433468, 49.002459], [37.526361, 49.012161], [37.536518, 49.022019], [37.567264, 49.0302], [37.578447, 49.037588], [37.601166, 49.045861], [37.621885, 49.046057], [37.628552, 49.038965], [37.65995, 49.033674], [37.66285, 49.03142], [37.663418, 49.029101], [37.660123, 49.026473], [37.655852, 49.0242], [37.655106, 49.021872], [37.656849, 49.020502], [37.661966, 49.020998], [37.667318, 49.019748], [37.666749, 49.015347], [37.649838, 49.010266], [37.646834, 49.00417], [37.643732, 49.003855], [37.639729, 49.006383], [37.630298, 49.000549], [37.623529, 48.995194], [37.625064, 48.992935], [37.627487, 48.992152], [37.632312, 48.99351], [37.634968, 48.992113], [37.632425, 48.988292], [37.627308, 48.985822], [37.633235, 48.983779], [37.634598, 48.981098], [37.630125, 48.974558], [37.628474, 48.968547], [37.626032, 48.96678], [37.618103, 48.967105], [37.615252, 48.96527], [37.614849, 48.962704], [37.627306, 48.955267], [37.63178, 48.95479], [37.636864, 48.949073], [37.659405, 48.944537], [37.663164, 48.945142], [37.665945, 48.943726], [37.674047, 48.943718], [37.682699, 48.947662], [37.690064, 48.949182], [37.695585, 48.957832], [37.699562, 48.958873], [37.704441, 48.957591], [37.706656, 48.95603], [37.70959, 48.95648], [37.712112, 48.953601], [37.711659, 48.95129], [37.722837, 48.953403], [37.72545, 48.952275], [37.725957, 48.950018], [37.723794, 48.947026], [37.725818, 48.943692], [37.728409, 48.941983], [37.740025, 48.93772], [37.766726, 48.919856], [37.768356, 48.908984], [37.767794, 48.901918], [37.760583, 48.895254], [37.764475, 48.894053], [37.764204, 48.891187], [37.758169, 48.88963], [37.761376, 48.887985], [37.765217, 48.883228], [37.767828, 48.88188], [37.776233, 48.884363], [37.780175, 48.888171], [37.788662, 48.892881], [37.819717, 48.895043], [37.837514, 48.891637], [37.839562, 48.891601], [37.843176, 48.888646], [37.847453, 48.886872], [37.851525, 48.885972], [37.857465, 48.885692], [37.858898, 48.886109], [37.859989, 48.887006], [37.861655, 48.887077], [37.863905, 48.886281], [37.864824, 48.884919], [37.8645, 48.883745], [37.863576, 48.883107], [37.8616, 48.882468], [37.861126, 48.88152], [37.863246, 48.88061], [37.867041, 48.879814], [37.869655, 48.878114], [37.873813, 48.877204], [37.8802, 48.877317], [37.884206, 48.879011], [37.884674, 48.8811], [37.882761, 48.882511], [37.882264, 48.88515], [37.883162, 48.885913], [37.886289, 48.886607], [37.889696, 48.886751], [37.89233, 48.888136], [37.894621, 48.888816], [37.896895, 48.888618], [37.899683, 48.887912], [37.901357, 48.886303], [37.903653, 48.884807], [37.902988, 48.882747], [37.900949, 48.881534], [37.900627, 48.880363], [37.901678, 48.878909], [37.905283, 48.878034], [37.907215, 48.879135], [37.910862, 48.880207], [37.914296, 48.879643], [37.918244, 48.880588], [37.92496, 48.884666], [37.926827, 48.886529], [37.93129, 48.892003], [37.930604, 48.893188], [37.932084, 48.895318], [37.932234, 48.898376], [37.936541, 48.904855], [37.945339, 48.910778], [37.953214, 48.912612], [37.956482, 48.91026], [37.956828, 48.907969], [37.95243, 48.903163], [37.953183, 48.901982], [37.959003, 48.901157], [37.961097, 48.901591], [37.963192, 48.901263], [37.968719, 48.902243], [37.973561, 48.903843], [37.974538, 48.906674], [37.9788, 48.910802], [37.986365, 48.911474], [37.98963, 48.91082], [37.991251, 48.908808], [37.992358, 48.906457], [37.993544, 48.906123], [37.994408, 48.906677], [37.994736, 48.910122], [37.998182, 48.91147], [38.001908, 48.910459], [38.005432, 48.907505], [38.00536, 48.905041], [38.006335, 48.904796], [38.00731, 48.905454], [38.007973, 48.908505], [38.009366, 48.909332], [38.011382, 48.909441], [38.01374, 48.908077], [38.014898, 48.908142], [38.015648, 48.908716], [38.016173, 48.911673], [38.020201, 48.912996], [38.020552, 48.914468], [38.020131, 48.916702], [38.021492, 48.917391], [38.025642, 48.917205], [38.027523, 48.916165], [38.028911, 48.913714], [38.030249, 48.914764], [38.031208, 48.917192], [38.037017, 48.925063], [38.041495, 48.929465], [38.041911, 48.932857], [38.044129, 48.935347], [38.051759, 48.939457], [38.055199, 48.940026], [38.063786, 48.937182], [38.080396, 48.940016], [38.090655, 48.94048], [38.094208, 48.93876], [38.095529, 48.935208], [38.107729, 48.933221], [38.110449, 48.933291], [38.115165, 48.93236], [38.11672, 48.93071], [38.117503, 48.927904], [38.119965, 48.926853], [38.127255, 48.927043], [38.130543, 48.925837], [38.132843, 48.924137], [38.136904, 48.926181], [38.139536, 48.931827], [38.142769, 48.933357], [38.152507, 48.931555], [38.160013, 48.931049], [38.166684, 48.931853], [38.181123, 48.929668], [38.185047, 48.92985], [38.194798, 48.928221], [38.199915, 48.928847], [38.211694, 48.931321], [38.222726, 48.934585], [38.2288196, 48.9379968], [38.225086, 48.939885], [38.215688, 48.935995], [38.203969, 48.93502], [38.1926349, 48.938528], [38.1862418, 48.9452154], [38.1959854, 48.9487736], [38.1990761, 48.9495628], [38.199077, 48.9522683], [38.1986489, 48.957327], [38.1977912, 48.9621879], [38.1686085, 48.9620489], [38.1669751, 48.9744587], [38.0962566, 48.9744338], [38.0966915, 48.9859852], [38.0915956, 48.9941273], [38.094178, 48.9991461], [38.0886919, 49.007093], [38.0721466, 49.0082478], [38.0684751, 49.0098244], [38.0586754, 49.0105941], [38.0554844, 49.0124049], [38.0369946, 49.0133438], [38.0094919, 49.0136015], [37.998382, 49.01513], [37.986024, 49.026303], [37.976922, 49.034882], [37.971611, 49.045757], [37.977114, 49.054381], [37.998842, 49.05783], [38.012933, 49.06122], [38.01505, 49.06956], [38.041372, 49.06744], [38.05456, 49.073422], [38.052143, 49.083217], [38.056515, 49.096434], [38.065016, 49.114403], [38.06893, 49.138888], [38.057736, 49.158094], [38.05328, 49.178211], [38.047105, 49.183627], [38.042822, 49.192139], [38.044542, 49.202763], [38.037805, 49.210385], [38.015189, 49.219368], [38.003515, 49.223649], [38.00978, 49.231394], [37.995788, 49.234656], [37.990514, 49.246792], [37.9939962, 49.2564643], [37.9723164, 49.2695989], [37.956642, 49.2866812], [37.9527602, 49.2928868], [37.9490815, 49.299019], [37.9490932, 49.3024647], [37.9557263, 49.3025838], [37.9590127, 49.3110256], [37.9578452, 49.3174491], [37.9619141, 49.3221936], [37.9622858, 49.3258382], [37.9612841, 49.329427], [37.9576868, 49.3322922], [37.9519709, 49.3326886], [37.9465124, 49.3337], [37.9410025, 49.3356789], [37.9389255, 49.339], [37.9362475, 49.3449454], [37.9362807, 49.3481098], [37.9343743, 49.350551], [37.9265453, 49.3501684], [37.9247055, 49.3546595], [37.9275707, 49.3632231], [37.93284, 49.3720126], [37.9357734, 49.3784187], [37.93579, 49.3849335], [37.937191, 49.389693], [37.9340316, 49.3994168], [37.9240394, 49.4043912], [37.9269384, 49.4091127], [37.925031, 49.427683], [37.933812, 49.446243], [37.923385, 49.460027], [37.933582, 49.465613], [37.938967, 49.478779], [37.9387816, 49.504755], [37.944778, 49.511667], [37.9449445, 49.5144641], [37.9434515, 49.525579], [37.9534866, 49.5309772], [37.951727, 49.5386244], [37.942672, 49.54616], [37.9391114, 49.546817], [37.938552, 49.552966], [37.946663, 49.563126], [37.950485, 49.571392], [37.941222, 49.578706], [37.935692, 49.584254], [37.93248, 49.589526], [37.931469, 49.604796], [37.928479, 49.61268], [37.923339, 49.623002], [37.9261784, 49.6297195], [37.9232354, 49.6346005], [37.919761, 49.638612], [37.906646, 49.645725], [37.89997, 49.653781], [37.902243, 49.658802], [37.904224, 49.689915], [37.899466, 49.712348], [37.872555, 49.722676], [37.832014, 49.727792], [37.80518, 49.735997], [37.783143, 49.748856], [37.7716261, 49.7542184], [37.70724, 49.770395], [37.680433, 49.783012], [37.6821062, 49.7861715], [37.6681776, 49.787825], [37.6681962, 49.7889797], [37.6543447, 49.7897311], [37.6537807, 49.7922005], [37.6553625, 49.7947253], [37.6599057, 49.7956987], [37.6623033, 49.7973922], [37.6603173, 49.7992974], [37.6588465, 49.802089], [37.6597706, 49.8030482], [37.663699, 49.8043951], [37.6670926, 49.8044299], [37.6747547, 49.8069332], [37.6794556, 49.8087994], [37.6806911, 49.8100285], [37.6818196, 49.8124762], [37.6805755, 49.8139737], [37.6788805, 49.8145563], [37.6780438, 49.8160804], [37.6896707, 49.8262424], [37.698204, 49.832045], [37.702447, 49.839951], [37.701148, 49.848675], [37.70339, 49.850689], [37.707734, 49.852978], [37.716123, 49.856783], [37.726015, 49.859038], [37.728262, 49.860706], [37.732746, 49.866107], [37.732253, 49.875381], [37.74046, 49.884523], [37.754852, 49.897592], [37.766754, 49.899652], [37.773748, 49.90709], [37.785438, 49.932336], [37.793004, 49.940646], [37.802204, 49.943098], [37.80726, 49.954079], [37.819871, 49.956222], [37.831704, 49.971645], [37.854696, 49.970236], [37.874907, 49.980061], [37.886662, 49.980169], [37.887513, 49.987779], [37.892831, 49.989097], [37.901755, 50.003657], [37.913074, 50.003076], [37.924735, 50.012394], [37.940046, 50.01514], [37.933318, 50.023534], [37.930119, 50.027404], [37.926727, 50.034251], [37.922215, 50.037343], [37.902916, 50.046732], [37.892382, 50.050791], [37.884187, 50.052239], [37.860336, 50.055529], [37.85541, 50.057575], [37.848594, 50.059511], [37.830304, 50.066357], [37.818403, 50.071844], [37.797614, 50.084242], [37.755685, 50.078479], [37.747677, 50.08728], [37.746894, 50.090286], [37.743259, 50.094482], [37.739688, 50.09737], [37.734733, 50.102072], [37.72953, 50.104712], [37.725699, 50.107049], [37.707716, 50.127194], [37.708464, 50.133559], [37.703409, 50.134065], [37.698527, 50.13523], [37.690992, 50.142622], [37.682768, 50.145778], [37.674793, 50.14983], [37.671109, 50.151243], [37.667048, 50.155722], [37.654213, 50.166066], [37.650496, 50.171498], [37.644032, 50.174016], [37.64061, 50.177706], [37.639847, 50.181424], [37.6436, 50.190866], [37.614813, 50.216982], [37.627239, 50.242089], [37.626422, 50.29285], [37.628849, 50.296506], [37.638036, 50.302533], [37.635559, 50.31125], [37.629797, 50.313827], [37.608628, 50.316499], [37.595027, 50.316211], [37.585698, 50.314359], [37.576876, 50.306363], [37.555443, 50.32965], [37.52128, 50.336408], [37.505887, 50.352039], [37.485066, 50.356759], [37.48231, 50.36271], [37.473198, 50.368613], [37.466142, 50.382672], [37.465752, 50.430052], [37.482536, 50.431492], [37.484493, 50.445003], [37.490915, 50.457394], [37.476859, 50.459505], [37.473266, 50.455697], [37.469072, 50.453555], [37.432518, 50.443688], [37.421312, 50.434954], [37.396863, 50.431144], [37.376938, 50.432749], [37.352533, 50.437457], [37.332204, 50.436971], [37.319686, 50.432835], [37.310122, 50.426412], [37.309135, 50.423059], [37.299616, 50.406164], [37.292321, 50.4012], [37.264421, 50.39402], [37.257897, 50.390997], [37.256017, 50.392596], [37.222262, 50.37928], [37.223336, 50.377942], [37.196816, 50.369164], [37.183669, 50.363709], [37.16087, 50.358836], [37.149026, 50.355824], [37.13834, 50.360998], [37.103256, 50.357316], [37.105509, 50.351607], [37.073835, 50.3469], [37.059759, 50.347105], [37.044784, 50.344966], [37.037963, 50.348663], [36.957421, 50.34918], [36.937645, 50.350224], [36.915294, 50.346287], [36.882156, 50.336552], [36.872241, 50.335704], [36.8626278, 50.3317863], [36.854389, 50.329895], [36.852504, 50.327893], [36.834025, 50.313912], [36.8333579, 50.3131381], [36.8295151, 50.312419], [36.8186576, 50.3128266], [36.807157, 50.310791], [36.800204, 50.306352], [36.76845, 50.30273], [36.764244, 50.29075], [36.757441, 50.289592], [36.753888, 50.28964], [36.7479, 50.287467], [36.750267, 50.286309], [36.750696, 50.283002], [36.749837, 50.2809], [36.739936, 50.282955], [36.728862, 50.27733], [36.720128, 50.277444], [36.694639, 50.269088], [36.688761, 50.266868], [36.682936, 50.257028], [36.684064, 50.250425], [36.679584, 50.237823], [36.66411, 50.222172], [36.648031, 50.217714], [36.640062, 50.222317], [36.615239, 50.227921], [36.613489, 50.223726], [36.594232, 50.232573], [36.577257, 50.23982], [36.559931, 50.250796]]]}}, {"type": "Feature", "properties": {"name": "Liberated", "date": "2023-09-30", "layer_type": "liberated"}, "geometry": {"type": "Polygon", "coordinates": [[[32.7135397, 46.665026], [32.7192047, 46.6610793], [32.7206423, 46.6612118], [32.7221095, 46.6604958], [32.7221565, 46.658665], [32.725937, 46.6590433], [32.7253791, 46.6607516], [32.7245503, 46.661626], [32.7248802, 46.6626771], [32.725819, 46.6633509], [32.7262858, 46.6643486], [32.7256378, 46.6647294], [32.7232539, 46.6649788], [32.719561, 46.6656992], [32.7168078, 46.6655099], [32.7135397, 46.665026]]]}}, {"type": "Feature", "properties": {"name": "Liberated", "date": "2023-09-30", "layer_type": "liberated"}, "geometry": {"type": "Polygon", "coordinates": [[[32.779672, 47.098764], [32.761616, 47.082322], [32.718172, 47.068209], [32.673554, 47.06784], [32.638993, 47.065722], [32.51994, 47.044387], [32.515198, 47.020965], [32.50721, 47.006063], [32.487384, 46.998417], [32.476656, 46.985068], [32.42264, 46.959012], [32.397005, 46.929504], [32.399332, 46.896304], [32.404311, 46.883165], [32.382766, 46.876949], [32.35573, 46.876594], [32.356744, 46.866851], [32.361407, 46.856516], [32.37102, 46.844776], [32.363956, 46.83223], [32.304247, 46.777343], [32.244907, 46.770425], [32.217517, 46.749644], [32.170699, 46.746051], [32.146252, 46.706302], [32.126854, 46.699876], [32.106856, 46.690468], [32.09306, 46.673078], [32.088882, 46.654511], [32.088145, 46.643406], [32.087304, 46.637685], [32.060233, 46.637724], [32.057711, 46.61386], [32.080295, 46.616655], [32.099276, 46.613137], [32.116559, 46.598256], [32.137878, 46.555162], [32.188165, 46.575235], [32.210264, 46.576696], [32.234105, 46.586067], [32.242079, 46.590574], [32.260441, 46.589653], [32.277619, 46.581814], [32.279338, 46.578302], [32.283459, 46.576606], [32.285863, 46.577705], [32.305432, 46.561599], [32.309901, 46.560252], [32.313597, 46.558138], [32.31571, 46.555828], [32.315559, 46.554955], [32.317274, 46.552295], [32.320637, 46.550509], [32.32362, 46.551159], [32.3254231, 46.5499199], [32.3362867, 46.5505155], [32.3448106, 46.5479378], [32.3575373, 46.5504201], [32.3681252, 46.54825], [32.3710922, 46.5481348], [32.3878549, 46.5484286], [32.4086025, 46.5582837], [32.4191568, 46.5611285], [32.4271321, 46.5596907], [32.4400095, 46.5606437], [32.4482955, 46.562658], [32.459937, 46.567326], [32.47783, 46.573975], [32.482651, 46.580151], [32.487488, 46.582987], [32.494756, 46.585526], [32.505932, 46.593668], [32.519086, 46.596044], [32.543055, 46.595085], [32.559408, 46.600272], [32.563643, 46.597926], [32.57031, 46.596458], [32.578664, 46.596491], [32.580481, 46.597716], [32.580875, 46.600893], [32.592384, 46.60525], [32.60566, 46.615369], [32.612931, 46.622598], [32.618897, 46.624154], [32.631731, 46.632636], [32.657581, 46.654308], [32.719456, 46.673397], [32.728849, 46.675088], [32.755606, 46.672542], [32.773877, 46.672526], [32.786939, 46.674299], [32.801634, 46.67925], [32.813032, 46.684417], [32.827459, 46.694855], [32.845144, 46.703664], [32.851156, 46.709147], [32.869028, 46.721807], [32.890406, 46.736228], [32.895548, 46.736977], [32.897712, 46.738027], [32.898318, 46.739912], [32.899996, 46.741025], [32.907096, 46.741392], [32.912009, 46.743111], [32.915002, 46.743213], [32.916867, 46.742108], [32.917929, 46.742108], [32.918963, 46.742409], [32.92344, 46.742552], [32.923636, 46.742159], [32.927996, 46.74222], [32.932786, 46.7414], [32.93571, 46.741571], [32.937087, 46.7412], [32.938612, 46.73928], [32.940781, 46.738477], [32.948897, 46.739753], [32.959417, 46.73997], [32.97646, 46.742479], [32.997452, 46.742279], [33.00028, 46.743289], [33.015138, 46.74205], [33.034643, 46.74336], [33.04641, 46.747499], [33.065706, 46.75815], [33.078835, 46.761997], [33.096255, 46.76942], [33.11531, 46.775666], [33.141364, 46.785627], [33.165301, 46.78799], [33.183857, 46.788451], [33.189874, 46.787889], [33.205203, 46.788031], [33.207941, 46.786661], [33.211322, 46.783278], [33.213729, 46.782771], [33.217623, 46.783443], [33.220922, 46.784808], [33.227196, 46.78571], [33.23407, 46.786025], [33.24294, 46.783984], [33.252881, 46.783145], [33.25732, 46.783542], [33.260484, 46.782654], [33.272537, 46.78265], [33.281028, 46.784129], [33.283395, 46.783868], [33.287496, 46.780725], [33.292347, 46.778977], [33.298291, 46.775583], [33.303553, 46.774195], [33.310132, 46.774235], [33.316412, 46.775304], [33.34498, 46.781819], [33.352337, 46.7785], [33.35844, 46.781821], [33.364243, 46.778735], [33.37058, 46.781027], [33.359708, 46.78617], [33.403927, 46.823707], [33.428103, 46.836644], [33.473008, 46.847824], [33.509575, 46.857704], [33.57029, 46.854484], [33.593648, 46.86243], [33.598621, 46.898825], [33.59776, 46.923489], [33.602238, 46.942474], [33.614096, 46.95437], [33.654812, 46.985358], [33.660419, 47.005374], [33.659104, 47.022138], [33.652122, 47.043697], [33.688464, 47.064894], [33.725258, 47.079342], [33.760274, 47.096058], [33.779746, 47.117784], [33.78823, 47.131702], [33.78722, 47.143049], [33.783462, 47.159649], [33.781351, 47.179716], [33.762361, 47.183983], [33.755101, 47.191071], [33.747431, 47.193219], [33.722766, 47.192331], [33.695739, 47.196379], [33.65373, 47.194456], [33.568187, 47.194677], [33.53245, 47.223669], [33.51023, 47.234407], [33.464188, 47.252034], [33.401323, 47.264058], [33.319738, 47.245774], [33.160134, 47.191439], [33.131326, 47.16619], [33.108905, 47.117912], [33.098847, 47.121375], [33.075743, 47.112922], [33.051844, 47.11797], [33.040762, 47.120659], [33.015179, 47.128425], [33.006585, 47.13005], [33.002391, 47.131541], [33.001942, 47.130199], [33.000635, 47.129003], [32.998836, 47.126961], [32.992695, 47.123066], [32.986662, 47.120616], [32.977022, 47.118665], [32.96972, 47.116071], [32.962763, 47.116033], [32.951879, 47.117454], [32.950888, 47.117357], [32.950375, 47.117023], [32.94999, 47.115288], [32.951068, 47.113299], [32.952553, 47.112201], [32.954768, 47.110943], [32.957413, 47.109992], [32.962787, 47.108702], [32.966079, 47.108147], [32.970487, 47.108146], [32.971927, 47.107854], [32.972658, 47.107109], [32.973596, 47.105276], [32.973982, 47.103516], [32.97345, 47.101193], [32.972662, 47.099338], [32.970524, 47.097976], [32.967443, 47.097258], [32.964222, 47.097211], [32.961344, 47.097778], [32.955235, 47.101108], [32.954409, 47.102105], [32.951088, 47.10558], [32.950557, 47.105958], [32.949624, 47.106276], [32.945848, 47.106314], [32.942499, 47.105761], [32.940192, 47.104615], [32.939173, 47.103733], [32.937418, 47.100323], [32.935535, 47.094548], [32.934773, 47.090212], [32.933967, 47.087237], [32.930415, 47.084788], [32.925358, 47.083417], [32.923863, 47.08396], [32.916954, 47.085218], [32.914101, 47.086957], [32.913908, 47.087851], [32.910072, 47.091606], [32.909005, 47.094091], [32.909058, 47.096811], [32.911494, 47.101473], [32.913645, 47.103512], [32.913907, 47.104368], [32.913328, 47.105088], [32.910752, 47.107798], [32.901026, 47.112588], [32.897564, 47.113362], [32.894446, 47.113464], [32.89326, 47.112839], [32.891794, 47.11109], [32.890451, 47.106452], [32.891006, 47.103083], [32.894049, 47.097771], [32.89831, 47.089361], [32.89739, 47.08791], [32.892552, 47.086078], [32.888015, 47.083809], [32.884476, 47.082367], [32.881352, 47.080924], [32.877808, 47.079996], [32.872565, 47.077628], [32.870727, 47.077232], [32.868782, 47.077376], [32.865, 47.079038], [32.862777, 47.079424], [32.854255, 47.07894], [32.851811, 47.079187], [32.849432, 47.080091], [32.848363, 47.082512], [32.846913, 47.084199], [32.844097, 47.086111], [32.842606, 47.089723], [32.823949, 47.089009], [32.812037, 47.098041], [32.779672, 47.098764]]]}}, {"type": "Feature", "properties": {"name": "Liberated", "date": "2023-09-30", "layer_type": "liberated"}, "geometry": {"type": "Polygon", "coordinates": [[[37.030459, 49.379633], [37.032091, 49.375233], [37.038485, 49.373836], [37.045964, 49.368058], [37.053956, 49.361273], [37.057228, 49.35487], [37.063246, 49.352212], [37.073436, 49.350572], [37.074382, 49.351843], [37.081206, 49.365703], [37.080595, 49.368107], [37.078139, 49.370929], [37.074942, 49.373668], [37.067001, 49.380486], [37.061133, 49.383063], [37.058096, 49.383517], [37.055934, 49.383066], [37.052571, 49.383063], [37.051273, 49.381952], [37.051098, 49.38113], [37.049894, 49.380615], [37.046949, 49.38052], [37.044583, 49.3797], [37.042818, 49.379689], [37.037218, 49.380374], [37.030459, 49.379633]]]}}, {"type": "Feature", "properties": {"name": "Liberated", "date": "2023-09-30", "layer_type": "liberated"}, "geometry": {"type": "Polygon", "coordinates": [[[37.393382, 47.759298], [37.391814, 47.7518572], [37.4088873, 47.752192], [37.4235667, 47.7685365], [37.4190391, 47.7691422], [37.4165715, 47.7670942], [37.4108208, 47.7694306], [37.4053706, 47.7610363], [37.393382, 47.759298]]]}}, {"type": "Feature", "properties": {"name": "Liberated", "date": "2023-09-30", "layer_type": "liberated"}, "geometry": {"type": "Polygon", "coordinates": [[[33.407555, 47.456726], [33.388963, 47.458133], [33.389887, 47.456513], [33.389867, 47.455154], [33.389183, 47.449622], [33.389446, 47.448278], [33.389328, 47.445557], [33.388567, 47.441878], [33.387247, 47.440507], [33.383953, 47.439716], [33.382945, 47.439266], [33.382473, 47.438105], [33.384694, 47.435761], [33.386614, 47.432662], [33.388588, 47.431152], [33.392628, 47.428405], [33.394908, 47.4274], [33.400594, 47.427139], [33.400953, 47.427534], [33.405744, 47.426827], [33.407137, 47.425794], [33.406955, 47.423818], [33.400057, 47.420435], [33.39637, 47.417666], [33.387482, 47.416602], [33.378878, 47.416474], [33.37672, 47.417397], [33.373657, 47.418599], [33.369477, 47.419511], [33.366586, 47.417395], [33.366077, 47.415395], [33.365366, 47.413128], [33.36575, 47.411979], [33.365102, 47.409914], [33.364979, 47.405612], [33.365715, 47.40134], [33.366708, 47.399105], [33.366951, 47.397334], [33.369668, 47.393415], [33.369524, 47.391969], [33.369921, 47.390529], [33.373336, 47.387982], [33.37541, 47.386903], [33.376142, 47.385946], [33.375222, 47.382193], [33.373111, 47.380267], [33.37144, 47.379699], [33.369686, 47.379681], [33.368732, 47.379109], [33.369173, 47.376989], [33.369002, 47.376154], [33.368145, 47.376127], [33.368235, 47.373966], [33.367599, 47.372623], [33.360272, 47.36871], [33.359309, 47.368634], [33.357692, 47.367904], [33.354962, 47.365673], [33.354029, 47.365223], [33.351543, 47.364944], [33.349057, 47.364563], [33.347402, 47.364965], [33.345884, 47.365782], [33.345101, 47.36555], [33.344951, 47.364598], [33.345521, 47.363146], [33.345791, 47.362123], [33.345696, 47.36155], [33.345324, 47.361021], [33.34345, 47.36058], [33.34164, 47.360574], [33.34042, 47.360801], [33.339306, 47.361333], [33.338476, 47.362662], [33.337709, 47.363148], [33.335382, 47.363502], [33.333216, 47.364442], [33.332144, 47.364684], [33.329904, 47.364302], [33.327163, 47.36457], [33.32408, 47.365171], [33.322566, 47.365204], [33.320858, 47.365556], [33.318244, 47.366588], [33.315512, 47.367803], [33.312214, 47.369875], [33.310973, 47.370495], [33.310216, 47.370595], [33.309519, 47.370454], [33.308517, 47.370079], [33.3073, 47.369835], [33.305265, 47.369231], [33.299079, 47.368335], [33.298553, 47.367881], [33.299034, 47.36679], [33.298518, 47.366229], [33.297347, 47.365675], [33.295464, 47.365648], [33.293585, 47.364721], [33.293036, 47.36398], [33.292883, 47.362395], [33.292105, 47.360388], [33.290211, 47.357337], [33.289288, 47.354688], [33.289727, 47.353916], [33.291492, 47.352963], [33.292012, 47.352242], [33.292182, 47.351044], [33.291537, 47.349511], [33.290657, 47.348802], [33.288286, 47.347692], [33.285297, 47.346032], [33.284619, 47.345493], [33.284627, 47.345012], [33.285189, 47.344097], [33.286156, 47.343437], [33.286554, 47.342321], [33.287783, 47.339757], [33.289013, 47.338648], [33.290916, 47.33757], [33.295172, 47.335431], [33.296956, 47.334245], [33.299667, 47.333007], [33.301006, 47.331521], [33.300972, 47.330529], [33.301063, 47.329692], [33.300294, 47.328574], [33.299524, 47.328534], [33.299063, 47.328196], [33.297618, 47.327958], [33.296602, 47.327299], [33.297699, 47.326501], [33.299042, 47.325272], [33.299055, 47.323985], [33.298195, 47.323501], [33.297508, 47.322736], [33.29622, 47.321975], [33.293817, 47.321507], [33.291585, 47.321796], [33.290255, 47.322174], [33.289332, 47.322101], [33.286951, 47.321039], [33.285372, 47.321071], [33.279348, 47.322368], [33.266842, 47.327242], [33.264942, 47.328132], [33.262311, 47.329546], [33.26074, 47.330808], [33.256766, 47.334224], [33.256156, 47.334598], [33.25495, 47.334872], [33.253744, 47.334826], [33.252068, 47.334168], [33.250844, 47.333607], [33.24889, 47.332144], [33.246829, 47.330135], [33.245455, 47.328113], [33.242494, 47.325967], [33.240649, 47.324694], [33.237708, 47.323195], [33.234339, 47.32219], [33.233479, 47.321647], [33.233134, 47.320473], [33.234335, 47.316798], [33.235316, 47.315247], [33.235549, 47.314385], [33.236438, 47.312819], [33.238127, 47.311497], [33.241847, 47.30944], [33.244965, 47.308663], [33.246583, 47.307671], [33.250517, 47.306795], [33.255705, 47.30621], [33.258361, 47.305566], [33.262326, 47.305824], [33.267227, 47.307757], [33.269853, 47.307653], [33.270766, 47.307441], [33.274098, 47.30719], [33.274691, 47.30654], [33.275717, 47.305866], [33.275584, 47.304174], [33.275222, 47.303026], [33.274955, 47.301142], [33.275079, 47.300549], [33.275742, 47.299118], [33.275515, 47.297383], [33.274602, 47.295998], [33.273744, 47.29499], [33.271812, 47.293031], [33.26986, 47.292256], [33.268927, 47.291664], [33.26773, 47.290669], [33.264, 47.287931], [33.263058, 47.287899], [33.261708, 47.288186], [33.261118, 47.287602], [33.259879, 47.287077], [33.256709, 47.28661], [33.249782, 47.286374], [33.249222, 47.286574], [33.247225, 47.286179], [33.242879, 47.286855], [33.239977, 47.288677], [33.238869, 47.288861], [33.232739, 47.28884], [33.231899, 47.289548], [33.231693, 47.29031], [33.230989, 47.292088], [33.229822, 47.292366], [33.228955, 47.292061], [33.228236, 47.291344], [33.226718, 47.291393], [33.224771, 47.290918], [33.22023, 47.289504], [33.216287, 47.287778], [33.214487, 47.286682], [33.21363, 47.285814], [33.211914, 47.285089], [33.211013, 47.284639], [33.209951, 47.28409], [33.209147, 47.283424], [33.209544, 47.283079], [33.209614, 47.281946], [33.208833, 47.280651], [33.207671, 47.279276], [33.205092, 47.277348], [33.204157, 47.276365], [33.202271, 47.273324], [33.20107, 47.272124], [33.198497, 47.268244], [33.198156, 47.266514], [33.198158, 47.264629], [33.197687, 47.264124], [33.195949, 47.263303], [33.194126, 47.262075], [33.193771, 47.261183], [33.193999, 47.257414], [33.194449, 47.257267], [33.19552, 47.256595], [33.196442, 47.25556], [33.196989, 47.254576], [33.197734, 47.253793], [33.199909, 47.252324], [33.200138, 47.251531], [33.199609, 47.250814], [33.197929, 47.249902], [33.195844, 47.24965], [33.193299, 47.250019], [33.192027, 47.250088], [33.191477, 47.249772], [33.191545, 47.249148], [33.192137, 47.24837], [33.193892, 47.247311], [33.194984, 47.246461], [33.195347, 47.245553], [33.195253, 47.244835], [33.192932, 47.242553], [33.191686, 47.242082], [33.189604, 47.241992], [33.187318, 47.242733], [33.18682, 47.243337], [33.186784, 47.243959], [33.186423, 47.244183], [33.185659, 47.243244], [33.185089, 47.242689], [33.184675, 47.241683], [33.184639, 47.238966], [33.184193, 47.238015], [33.182167, 47.237016], [33.17991, 47.236661], [33.178782, 47.236921], [33.177702, 47.237546], [33.176347, 47.237801], [33.175155, 47.236879], [33.173014, 47.23362], [33.167952, 47.23339], [33.166752, 47.234178], [33.166195, 47.234106], [33.163856, 47.231622], [33.160187, 47.231352], [33.158464, 47.232638], [33.159318, 47.234447], [33.162621, 47.235584], [33.162899, 47.235978], [33.161751, 47.236379], [33.1591, 47.235614], [33.156432, 47.235618], [33.152695, 47.234658], [33.15147, 47.234207], [33.150772, 47.233544], [33.150337, 47.232659], [33.148875, 47.230992], [33.147801, 47.230509], [33.142286, 47.230121], [33.140988, 47.230539], [33.138836, 47.231448], [33.132954, 47.233009], [33.127372, 47.230957], [33.126723, 47.229852], [33.126699, 47.228804], [33.127116, 47.225774], [33.127711, 47.222423], [33.128524, 47.22066], [33.129402, 47.219283], [33.134057, 47.213271], [33.135416, 47.212719], [33.136739, 47.212443], [33.142465, 47.211138], [33.142839, 47.210778], [33.142955, 47.209805], [33.147475, 47.208662], [33.159992, 47.202726], [33.158525, 47.20139], [33.160134, 47.191439], [33.319738, 47.245774], [33.401323, 47.264058], [33.464188, 47.252034], [33.51023, 47.234407], [33.53245, 47.223669], [33.552448, 47.207459], [33.568187, 47.194677], [33.65373, 47.194456], [33.695739, 47.196379], [33.722766, 47.192331], [33.747431, 47.193219], [33.755101, 47.191071], [33.762361, 47.183983], [33.781351, 47.179716], [33.824784, 47.194883], [33.853366, 47.206605], [33.86621, 47.209513], [33.888086, 47.221928], [33.912463, 47.241042], [33.920374, 47.272734], [33.935248, 47.285847], [33.966425, 47.303069], [33.977628, 47.366582], [33.97232, 47.393538], [33.957219, 47.418286], [33.90958, 47.421753], [33.877378, 47.42782], [33.877469, 47.435968], [33.835628, 47.434185], [33.830004, 47.427839], [33.724879, 47.414635], [33.672908, 47.407313], [33.620717, 47.369784], [33.591928, 47.38146], [33.590453, 47.40962], [33.567414, 47.421086], [33.518465, 47.454449], [33.491088, 47.453532], [33.46223, 47.445176], [33.453049, 47.462764], [33.407555, 47.456726]]]}}, {"type": "Feature", "properties": {"name": "\u0417\u0432\u0456\u043b\u044c\u043d\u0435\u043d\u043e", "date": "2023-09-30", "layer_type": "liberated"}, "geometry": {"type": "Polygon", "coordinates": [[[31.3936, 47.4637], [31.400252, 47.464657], [31.403792, 47.466862], [31.410766, 47.470314], [31.40752, 47.500889], [31.388682, 47.522603], [31.380828, 47.521823], [31.376539, 47.519591], [31.389587, 47.499389], [31.381455, 47.467848], [31.3936, 47.4637]]]}}, {"type": "Feature", "properties": {"name": "Occupied", "date": "2023-09-30", "layer_type": "russian_occupied"}, "geometry": {"type": "Polygon", "coordinates": [[[37.856208, 48.192846], [37.88333, 48.199712], [37.896571, 48.215429], [37.892943, 48.233569], [37.89157, 48.255061], [37.895347, 48.268546], [37.8943398, 48.286666], [37.8885892, 48.2871229], [37.8790915, 48.285792], [37.8767778, 48.2813067], [37.8534798, 48.2796189], [37.8494505, 48.2822721], [37.847996, 48.282355], [37.8448612, 48.2798903], [37.840612, 48.27931], [37.807063, 48.276896], [37.806681, 48.272586], [37.788929, 48.27134], [37.789525, 48.266728], [37.778396, 48.265821], [37.772461, 48.262731], [37.771517, 48.261445], [37.773276, 48.256916], [37.760959, 48.2575949], [37.7546493, 48.2563026], [37.7487912, 48.2513746], [37.740015, 48.244531], [37.7348634, 48.2363104], [37.7304956, 48.2287358], [37.7326447, 48.2289285], [37.7289792, 48.221244], [37.7236006, 48.2171501], [37.7175711, 48.2159013], [37.7107772, 48.2148562], [37.7134013, 48.2106732], [37.7135901, 48.2071416], [37.7129204, 48.2058694], [37.7140699, 48.2056423], [37.7170095, 48.205785], [37.7174173, 48.2051555], [37.7198361, 48.1956495], [37.7314567, 48.1948718], [37.7336225, 48.1920146], [37.733838, 48.1892532], [37.7363489, 48.1888737], [37.7381732, 48.1878076], [37.7400209, 48.1857734], [37.741095, 48.185257], [37.7429426, 48.1850252], [37.7487383, 48.1856517], [37.7548409, 48.18604], [37.757407, 48.1843064], [37.7694984, 48.1789961], [37.7672448, 48.1669407], [37.7738584, 48.1638031], [37.7915886, 48.1654859], [37.7966436, 48.153531], [37.8044051, 48.1511647], [37.8166715, 48.1425271], [37.8096312, 48.140938], [37.811262, 48.139277], [37.8161217, 48.139513], [37.8160624, 48.1334741], [37.8091907, 48.1279581], [37.8071757, 48.1230277], [37.8063665, 48.1200991], [37.808937, 48.1220791], [37.8168038, 48.1322916], [37.819855, 48.143897], [37.824622, 48.157818], [37.828593, 48.17515], [37.856208, 48.192846]]]}}, {"type": "Feature", "properties": {"name": "Occupied", "date": "2023-09-30", "layer_type": "russian_occupied"}, "geometry": {"type": "Polygon", "coordinates": [[[37.68785, 48.054754], [37.691199, 48.053406], [37.694294, 48.056545], [37.687749, 48.061894], [37.693049, 48.069307], [37.699702, 48.072204], [37.7257935, 48.0733245], [37.7266508, 48.0795824], [37.7430873, 48.0868254], [37.756436, 48.08667], [37.773053, 48.092032], [37.789283, 48.100177], [37.792021, 48.104528], [37.8002, 48.114966], [37.8041065, 48.1176711], [37.8063665, 48.1200991], [37.8015883, 48.119433], [37.7992868, 48.1193213], [37.7981762, 48.1193242], [37.7975806, 48.1182384], [37.7989535, 48.1151557], [37.796162, 48.11397], [37.791622, 48.112445], [37.790173, 48.110862], [37.7834993, 48.1080899], [37.7773411, 48.1041708], [37.7679859, 48.102322], [37.7651562, 48.0929206], [37.7465144, 48.0926233], [37.7451752, 48.0949252], [37.7419491, 48.096698], [37.7376034, 48.0956402], [37.7170963, 48.0980084], [37.713323, 48.100644], [37.709928, 48.100565], [37.702322, 48.099746], [37.696379, 48.099358], [37.693353, 48.102609], [37.692063, 48.103723], [37.687382, 48.103776], [37.6839435, 48.1044556], [37.6812587, 48.1138625], [37.647767, 48.109653], [37.640346, 48.10942], [37.6224828, 48.1076662], [37.61552, 48.104745], [37.6132641, 48.1042586], [37.6135403, 48.1021959], [37.63171, 48.099192], [37.638986, 48.088925], [37.641316, 48.081249], [37.6343331, 48.0756643], [37.636965, 48.074346], [37.636078, 48.072311], [37.638338, 48.071395], [37.641518, 48.066091], [37.6353309, 48.0644624], [37.6275622, 48.0644404], [37.6208378, 48.0613172], [37.6143521, 48.0618855], [37.6113165, 48.0608595], [37.6067181, 48.0555403], [37.5965972, 48.0544749], [37.59176, 48.052975], [37.590454, 48.048498], [37.5890879, 48.0439315], [37.5903918, 48.037833], [37.581109, 48.034379], [37.573459, 48.032381], [37.570798, 48.014241], [37.558525, 48.014097], [37.548288, 48.0072], [37.543246, 47.998348], [37.543162, 47.995432], [37.5484835, 47.9864152], [37.5439017, 47.9832735], [37.5447913, 47.9774234], [37.5499411, 47.9796642], [37.558546, 47.986451], [37.549621, 47.997364], [37.556143, 48.009855], [37.573394, 48.006899], [37.575434, 48.013954], [37.588566, 48.016021], [37.601376, 48.016946], [37.616482, 48.018095], [37.622662, 48.019444], [37.64781, 48.028944], [37.669986, 48.043363], [37.67946, 48.049407], [37.68785, 48.054754]]]}}, {"type": "Feature", "properties": {"name": "Occupied", "date": "2023-09-30", "layer_type": "russian_occupied"}, "geometry": {"type": "Polygon", "coordinates": [[[38.691727, 48.729363], [38.753516, 48.718494], [38.76707, 48.714322], [38.80844, 48.713416], [38.83007, 48.71704], [38.836078, 48.723269], [38.84715, 48.742913], [38.85539, 48.749648], [38.85938, 48.749592], [38.860604, 48.74979], [38.860958, 48.750738], [38.863881, 48.751382], [38.871695, 48.751308], [38.87762, 48.752591], [38.879079, 48.752478], [38.880238, 48.750611], [38.881332, 48.750186], [38.892039, 48.750441], [38.89882, 48.750186], [38.901094, 48.750908], [38.904742, 48.75061], [38.908777, 48.749252], [38.911137, 48.748007], [38.912575, 48.746875], [38.914323, 48.744385], [38.91803, 48.742914], [38.919969, 48.743423], [38.921308, 48.744611], [38.922724, 48.745008], [38.924633, 48.745036], [38.930652, 48.745276], [38.933667, 48.746026], [38.935057, 48.746856], [38.936961, 48.747119], [38.938281, 48.746684], [38.93886, 48.745814], [38.937959, 48.744074], [38.934354, 48.742913], [38.932466, 48.7368], [38.934011, 48.735781], [38.94371, 48.733856], [38.94607, 48.734451], [38.956948, 48.734069], [38.961048, 48.736517], [38.961219, 48.739913], [38.959932, 48.742913], [38.961133, 48.74614], [38.964095, 48.746196], [38.966948, 48.745206], [38.969834, 48.743749], [38.972565, 48.743586], [38.974999, 48.744765], [38.978814, 48.744894], [38.981218, 48.743847], [38.982334, 48.742192], [38.982205, 48.740288], [38.984458, 48.737582], [38.989543, 48.734989], [38.991439, 48.730611], [38.998391, 48.724269], [38.999335, 48.719626], [38.998048, 48.717474], [38.993921, 48.716191], [38.988864, 48.715209], [38.984744, 48.713624], [38.984308, 48.71183], [38.986925, 48.71016], [38.991925, 48.710004], [38.996925, 48.711604], [38.998988, 48.711198], [38.99822, 48.707677], [38.999507, 48.703995], [38.99985, 48.7002], [39.001817, 48.698009], [39.004829, 48.696347], [39.01555, 48.694894], [39.015729, 48.688642], [39.014356, 48.683429], [39.016369, 48.680945], [39.019584, 48.679141], [39.020278, 48.675608], [39.020536, 48.672264], [39.023883, 48.669884], [39.026286, 48.667276], [39.027488, 48.663251], [39.025428, 48.661976], [39.021652, 48.662401], [39.018562, 48.664102], [39.012982, 48.664045], [39.009635, 48.662628], [39.010318, 48.660086], [39.012374, 48.658338], [39.019155, 48.656978], [39.02851, 48.653009], [39.032209, 48.652876], [39.03345, 48.651978], [39.035548, 48.648245], [39.038084, 48.647187], [39.04268, 48.646468], [39.054868, 48.647036], [39.074352, 48.650438], [39.075897, 48.651629], [39.084909, 48.650665], [39.098556, 48.650892], [39.10362, 48.649871], [39.111938, 48.653349], [39.11683, 48.656751], [39.123189, 48.66002], [39.127309, 48.660474], [39.13949, 48.659642], [39.141986, 48.66087], [39.142673, 48.663535], [39.141643, 48.665066], [39.141901, 48.666653], [39.144514, 48.670914], [39.148674, 48.675287], [39.151943, 48.676288], [39.157436, 48.675382], [39.163351, 48.675741], [39.174251, 48.680331], [39.18164, 48.685752], [39.185417, 48.693401], [39.190902, 48.699822], [39.195108, 48.703901], [39.19651, 48.706516], [39.197519, 48.706487], [39.198356, 48.705779], [39.19915, 48.702267], [39.200373, 48.700002], [39.203184, 48.698614], [39.207175, 48.698302], [39.212539, 48.70122], [39.219406, 48.705184], [39.224899, 48.70677], [39.226787, 48.708979], [39.232366, 48.711415], [39.235993, 48.71109], [39.23959, 48.709127], [39.243517, 48.709622], [39.249782, 48.712567], [39.253902, 48.720155], [39.253309, 48.722061], [39.253965, 48.724404], [39.256141, 48.726874], [39.259231, 48.733838], [39.255284, 48.738776], [39.255026, 48.740687], [39.256313, 48.742272], [39.258537, 48.742744], [39.26447, 48.741255], [39.268665, 48.741951], [39.270811, 48.743989], [39.271677, 48.747762], [39.270304, 48.751214], [39.270811, 48.752761], [39.272385, 48.753889], [39.274778, 48.753683], [39.276661, 48.752336], [39.27889, 48.749341], [39.282062, 48.748611], [39.286436, 48.748903], [39.289522, 48.751516], [39.289283, 48.753686], [39.290645, 48.75625], [39.291496, 48.759438], [39.29262, 48.760607], [39.299915, 48.76304], [39.303091, 48.765416], [39.308834, 48.771998], [39.311846, 48.774072], [39.314592, 48.774807], [39.324549, 48.776051], [39.326258, 48.775561], [39.327974, 48.773695], [39.327485, 48.772111], [39.326086, 48.770018], [39.326605, 48.768311], [39.331673, 48.766604], [39.336136, 48.765982], [39.340338, 48.766303], [39.347245, 48.768387], [39.351063, 48.768547], [39.352783, 48.767944], [39.354504, 48.766831], [39.353895, 48.765492], [39.351328, 48.763097], [39.349175, 48.762154], [39.34553, 48.761663], [39.343365, 48.759212], [39.343141, 48.757363], [39.346178, 48.751044], [39.347029, 48.750214], [39.347208, 48.745781], [39.349268, 48.742498], [39.358194, 48.737008], [39.358874, 48.736178], [39.358877, 48.733904], [39.357078, 48.732309], [39.354075, 48.729648], [39.353724, 48.726893], [39.355226, 48.725251], [39.361534, 48.722307], [39.36913, 48.72007], [39.372606, 48.719872], [39.374185, 48.718655], [39.373789, 48.717494], [39.372082, 48.715936], [39.370461, 48.715964], [39.365268, 48.716842], [39.360161, 48.715681], [39.354134, 48.713246], [39.34864, 48.713473], [39.346857, 48.712227], [39.34866, 48.708715], [39.350505, 48.707639], [39.355955, 48.697216], [39.360313, 48.6958], [39.365892, 48.692231], [39.367319, 48.691976], [39.377988, 48.686239], [39.379559, 48.686281], [39.381705, 48.685516], [39.389601, 48.684752], [39.390931, 48.68376], [39.389172, 48.680388], [39.390526, 48.678801], [39.397993, 48.674608], [39.402647, 48.674437], [39.405823, 48.673814], [39.411726, 48.670527], [39.413872, 48.668429], [39.413528, 48.666842], [39.408207, 48.661457], [39.408035, 48.659813], [39.410696, 48.657658], [39.414234, 48.656694], [39.420748, 48.658225], [39.432325, 48.656751], [39.43895, 48.654942], [39.446504, 48.656303], [39.450178, 48.655674], [39.452375, 48.654713], [39.453387, 48.652815], [39.45131, 48.65171], [39.4498, 48.650403], [39.449577, 48.64456], [39.451642, 48.641036], [39.454217, 48.639788], [39.457564, 48.638654], [39.465815, 48.638667], [39.467392, 48.637236], [39.46427, 48.634016], [39.464013, 48.631066], [39.465633, 48.628188], [39.468594, 48.627451], [39.476104, 48.628755], [39.484151, 48.628202], [39.486275, 48.628897], [39.493013, 48.630429], [39.495545, 48.632131], [39.500437, 48.632556], [39.510436, 48.634456], [39.51409, 48.633839], [39.516026, 48.632201], [39.516713, 48.629989], [39.516271, 48.627973], [39.515426, 48.626188], [39.51198, 48.623548], [39.511649, 48.621876], [39.516786, 48.618101], [39.525725, 48.613024], [39.527184, 48.611265], [39.527822, 48.609462], [39.527282, 48.608277], [39.523481, 48.605106], [39.522636, 48.602979], [39.525387, 48.598201], [39.528048, 48.597179], [39.532425, 48.596441], [39.53359, 48.595463], [39.53321, 48.593633], [39.528133, 48.591843], [39.526914, 48.589552], [39.528717, 48.585947], [39.531206, 48.584272], [39.537386, 48.583392], [39.545025, 48.583932], [39.549316, 48.585976], [39.550561, 48.588587], [39.549488, 48.593242], [39.551204, 48.59557], [39.558672, 48.598011], [39.561762, 48.598011], [39.563307, 48.597443], [39.565637, 48.593954], [39.567304, 48.592122], [39.567279, 48.590241], [39.566053, 48.588303], [39.563148, 48.586233], [39.56297, 48.583634], [39.568074, 48.581852], [39.573349, 48.580525], [39.576537, 48.581236], [39.577782, 48.582883], [39.581773, 48.585041], [39.592538, 48.591299], [39.596352, 48.592391], [39.601759, 48.591539], [39.604591, 48.588814], [39.60502, 48.58677], [39.604076, 48.58626], [39.600643, 48.585748], [39.594807, 48.579332], [39.594991, 48.576694], [39.596315, 48.575032], [39.603647, 48.574108], [39.608024, 48.572716], [39.612488, 48.572915], [39.613732, 48.574903], [39.617552, 48.577118], [39.621242, 48.581944], [39.621929, 48.585805], [39.62283, 48.586373], [39.623646, 48.586089], [39.631972, 48.580695], [39.635319, 48.580042], [39.657549, 48.58467], [39.65875, 48.585635], [39.667591, 48.58677], [39.672226, 48.588417], [39.676518, 48.58819], [39.67729, 48.587565], [39.687271, 48.587084], [39.687101, 48.589208], [39.682672, 48.592689], [39.679362, 48.591808], [39.679467, 48.590602], [39.678799, 48.590094], [39.676478, 48.590863], [39.675839, 48.591785], [39.676018, 48.594721], [39.678178, 48.59586], [39.679654, 48.595476], [39.680608, 48.596402], [39.678671, 48.59812], [39.676001, 48.59795], [39.675274, 48.59694], [39.671427, 48.595451], [39.668806, 48.596567], [39.668176, 48.598181], [39.668158, 48.601311], [39.670944, 48.603218], [39.670576, 48.604588], [39.668912, 48.605036], [39.667113, 48.605231], [39.663374, 48.604922], [39.661023, 48.606551], [39.660623, 48.60909], [39.661447, 48.610904], [39.663798, 48.613004], [39.66617, 48.617721], [39.666873, 48.620065], [39.671535, 48.624331], [39.680063, 48.629498], [39.687768, 48.632823], [39.690642, 48.635483], [39.693161, 48.636238], [39.69424, 48.637614], [39.694362, 48.639673], [39.69377, 48.643208], [39.69153, 48.644962], [39.691241, 48.646322], [39.693715, 48.649408], [39.697354, 48.65103], [39.699904, 48.652604], [39.70227, 48.653309], [39.703291, 48.654341], [39.704363, 48.655147], [39.705011, 48.65635], [39.706436, 48.656973], [39.708981, 48.654618], [39.709877, 48.654545], [39.71098, 48.655517], [39.711381, 48.656876], [39.710408, 48.658063], [39.709655, 48.660003], [39.709721, 48.660882], [39.709526, 48.662254], [39.71073, 48.663944], [39.711308, 48.667218], [39.710291, 48.668063], [39.708822, 48.667758], [39.707323, 48.666964], [39.705013, 48.666918], [39.70426, 48.666623], [39.702902, 48.667225], [39.702477, 48.668435], [39.701721, 48.669404], [39.702434, 48.670515], [39.704033, 48.671485], [39.707944, 48.672792], [39.712113, 48.674652], [39.713498, 48.676128], [39.714196, 48.680225], [39.717084, 48.68144], [39.720341, 48.681944], [39.721986, 48.682727], [39.723203, 48.684077], [39.722675, 48.685055], [39.720778, 48.68633], [39.720602, 48.686758], [39.718497, 48.687429], [39.716681, 48.689934], [39.718827, 48.693317], [39.715965, 48.695208], [39.720211, 48.697203], [39.717876, 48.703361], [39.713158, 48.700835], [39.704492, 48.706805], [39.712561, 48.71167], [39.712262, 48.715916], [39.704838, 48.721463], [39.725463, 48.72709], [39.726615, 48.729372], [39.722706, 48.731886], [39.724062, 48.734598], [39.725599, 48.737681], [39.725011, 48.740452], [39.728882, 48.74109], [39.731647, 48.742096], [39.732192, 48.744333], [39.733671, 48.745162], [39.734497, 48.744932], [39.735017, 48.744443], [39.735438, 48.743794], [39.736185, 48.7434], [39.737309, 48.743188], [39.738408, 48.743224], [39.739365, 48.743631], [39.739575, 48.744478], [39.738736, 48.747477], [39.736921, 48.748898], [39.736376, 48.752183], [39.740082, 48.766418], [39.755303, 48.767977], [39.76094, 48.763862], [39.766204, 48.764237], [39.768551, 48.76631], [39.76866, 48.769329], [39.766036, 48.771031], [39.76363, 48.771034], [39.762771, 48.771699], [39.762426, 48.772562], [39.763971, 48.7746], [39.765644, 48.775498], [39.765805, 48.776513], [39.765451, 48.778079], [39.766213, 48.779168], [39.769706, 48.780787], [39.771516, 48.783491], [39.773495, 48.784419], [39.777638, 48.784869], [39.780194, 48.786082], [39.785854, 48.799158], [39.797126, 48.840576], [39.804672, 48.843576], [39.808044, 48.83948], [39.807503, 48.838581], [39.827832, 48.831465], [39.830439, 48.833554], [39.886255, 48.820946], [39.936737, 48.800795], [39.976403, 48.793903], [40.078831, 48.869867], [40.071286, 48.876975], [40.055495, 48.910098], [40.048495, 48.910186], [40.031195, 48.915801], [40.018063, 48.907791], [40.00398, 48.900793], [39.99343, 48.868286], [39.950652, 48.875459], [39.940309, 48.886691], [39.924336, 48.895717], [39.853161, 48.890737], [39.845802, 48.902911], [39.836789, 48.903052], [39.833741, 48.900823], [39.818936, 48.907791], [39.805377, 48.914842], [39.782372, 48.915745], [39.790097, 48.938471], [39.776879, 48.946025], [39.75208, 48.986592], [39.747268, 48.987412], [39.736045, 48.982483], [39.729833, 48.978068], [39.730221, 48.976738], [39.727004, 48.975591], [39.72482, 48.976565], [39.724478, 48.978068], [39.726482, 48.978679], [39.726381, 48.979461], [39.725227, 48.980236], [39.721521, 48.981288], [39.718976, 48.981629], [39.717623, 48.982354], [39.717618, 48.984363], [39.716724, 48.984912], [39.716919, 48.986242], [39.71677, 48.987067], [39.715408, 48.98858], [39.71535, 48.989709], [39.714607, 48.990111], [39.71264, 48.990129], [39.711804, 48.990827], [39.711548, 48.991803], [39.709715, 48.992613], [39.708328, 48.992446], [39.707705, 48.992742], [39.707619, 48.99359], [39.708498, 48.994431], [39.706395, 48.996107], [39.705674, 48.997642], [39.703825, 48.99933], [39.699288, 49.00097], [39.697038, 49.000206], [39.696381, 48.999388], [39.69527, 48.999046], [39.693269, 48.999302], [39.691134, 48.996972], [39.691124, 48.99629], [39.67693, 48.989538], [39.663411, 49.000872], [39.670277, 49.003148], [39.679204, 49.012886], [39.673658, 49.014934], [39.675663, 49.026888], [39.681736, 49.028733], [39.683582, 49.036925], [39.673217, 49.03933], [39.682089, 49.045779], [39.693366, 49.05054], [39.74032, 49.04222], [39.766623, 49.040132], [39.787133, 49.049358], [39.803143, 49.059202], [39.880305, 49.06432], [39.910263, 49.057462], [39.937951, 49.056277], [39.942532, 49.071347], [39.938169, 49.082798], [39.958701, 49.105564], [39.972108, 49.124488], [40.031575, 49.180241], [40.07613, 49.186828], [40.092759, 49.203164], [40.10829, 49.210883], [40.12297, 49.230991], [40.137226, 49.239885], [40.177084, 49.237489], [40.188228, 49.238626], [40.208815, 49.242226], [40.21437, 49.244887], [40.220806, 49.257774], [40.219264, 49.265172], [40.185745, 49.284288], [40.18404, 49.303985], [40.188526, 49.307443], [40.196814, 49.345228], [40.176429, 49.356618], [40.170182, 49.3564], [40.159805, 49.366018], [40.162603, 49.367837], [40.156906, 49.372669], [40.144598, 49.377667], [40.129549, 49.382381], [40.113402, 49.385696], [40.105631, 49.391292], [40.076909, 49.409957], [40.059551, 49.435263], [40.047204, 49.444878], [40.02919, 49.453599], [40.04176, 49.499103], [40.037599, 49.519895], [40.168435, 49.568921], [40.139525, 49.596274], [40.135258, 49.616254], [40.063538, 49.599233], [40.056729, 49.606573], [39.952223, 49.596549], [39.934601, 49.572783], [39.890224, 49.558359], [39.838914, 49.563518], [39.805312, 49.55805], [39.750232, 49.596719], [39.712747, 49.605923], [39.696747, 49.604291], [39.686926, 49.611558], [39.659995, 49.614811], [39.638379, 49.6351], [39.613305, 49.691362], [39.59136, 49.719134], [39.610109, 49.733798], [39.533835, 49.740848], [39.478761, 49.756475], [39.438201, 49.760006], [39.412062, 49.753111], [39.376963, 49.738424], [39.307924, 49.753044], [39.28556, 49.755666], [39.27547, 49.768026], [39.264639, 49.76848], [39.250371, 49.777802], [39.240372, 49.791123], [39.239146, 49.798226], [39.228992, 49.808432], [39.228114, 49.816503], [39.225656, 49.840184], [39.188395, 49.886222], [39.178402, 49.888001], [39.130738, 49.861568], [39.110366, 49.837773], [39.069763, 49.818731], [39.066233, 49.815349], [39.033522, 49.822372], [39.02166, 49.82091], [38.984906, 49.807783], [38.971138, 49.807221], [38.949095, 49.796102], [38.946663, 49.797806], [38.94035, 49.800888], [38.933474, 49.799778], [38.93291, 49.79758], [38.930753, 49.797174], [38.927811, 49.798576], [38.927421, 49.801381], [38.9287, 49.803888], [38.920357, 49.804946], [38.919189, 49.808942], [38.916163, 49.812724], [38.919124, 49.814665], [38.909372, 49.81917], [38.907392, 49.828412], [38.913507, 49.82863], [38.915094, 49.831059], [38.911398, 49.834589], [38.913878, 49.836114], [38.912225, 49.844315], [38.906706, 49.845044], [38.90505, 49.849149], [38.90967, 49.850849], [38.918648, 49.8579], [38.916488, 49.859925], [38.909338, 49.860103], [38.898467, 49.870416], [38.876416, 49.869423], [38.874563, 49.866638], [38.869398, 49.864488], [38.856713, 49.869139], [38.849104, 49.865103], [38.845669, 49.86581], [38.84329, 49.865145], [38.839345, 49.865762], [38.836346, 49.867366], [38.835371, 49.870964], [38.837392, 49.872222], [38.836414, 49.873896], [38.835579, 49.874459], [38.834862, 49.874655], [38.833654, 49.874806], [38.828584, 49.877172], [38.826733, 49.878445], [38.825105, 49.878965], [38.822432, 49.878984], [38.794958, 49.88331], [38.79015, 49.87851], [38.783488, 49.881113], [38.777683, 49.88532], [38.768232, 49.896044], [38.743847, 49.897307], [38.733846, 49.905025], [38.723247, 49.927005], [38.6929, 49.934766], [38.6853, 49.960344], [38.715315, 49.982384], [38.715136, 49.98771], [38.687546, 50.008152], [38.679052, 50.005448], [38.676054, 49.992814], [38.679731, 49.974494], [38.666941, 49.972156], [38.646196, 49.955937], [38.616078, 49.97439], [38.58157, 49.977416], [38.526715, 49.958271], [38.507898, 49.96403], [38.487706, 49.963602], [38.4833, 49.976528], [38.47752, 49.983271], [38.465914, 49.983961], [38.46804, 49.995247], [38.434095, 50.001019], [38.416008, 49.981338], [38.397563, 49.990585], [38.349575, 50.006444], [38.354164, 50.019048], [38.3512, 50.034741], [38.333976, 50.059093], [38.329442, 50.08551], [38.313196, 50.088337], [38.301154, 50.087142], [38.291493, 50.079436], [38.275781, 50.07344], [38.25406, 50.072508], [38.178568, 50.079969], [38.185066, 50.055692], [38.183827, 50.045832], [38.187923, 50.04072], [38.188245, 50.023603], [38.186149, 50.022947], [38.185416, 50.022222], [38.186831, 50.02169], [38.192054, 50.014595], [38.197286, 50.008256], [38.201117, 50.004728], [38.200786, 50.003778], [38.202728, 50.001836], [38.205135, 50.001004], [38.204578, 49.997644], [38.207712, 49.991511], [38.210852, 49.989247], [38.217126, 49.987182], [38.196332, 49.969759], [38.162402, 49.951496], [38.171565, 49.941901], [38.126682, 49.92215], [38.124994, 49.942552], [38.056464, 49.923247], [38.033921, 49.904761], [38.012367, 49.918497], [38.043687, 49.932897], [38.005373, 49.967245], [37.999075, 49.963601], [37.980562, 49.976794], [37.965809, 49.979304], [37.962041, 49.982918], [37.940048, 50.015142], [37.924736, 50.012396], [37.913076, 50.003078], [37.901757, 50.003659], [37.892833, 49.989099], [37.887515, 49.987781], [37.886663, 49.980172], [37.874909, 49.980064], [37.854697, 49.970239], [37.831706, 49.971647], [37.819873, 49.956224], [37.80726, 49.954079], [37.802204, 49.943098], [37.793004, 49.940646], [37.78544, 49.932338], [37.773749, 49.907092], [37.766756, 49.899654], [37.754853, 49.897594], [37.74046, 49.884523], [37.732253, 49.875381], [37.732746, 49.866107], [37.728262, 49.860706], [37.726015, 49.859038], [37.716123, 49.856783], [37.707734, 49.852978], [37.70339, 49.850689], [37.701148, 49.848675], [37.702447, 49.839951], [37.698204, 49.832045], [37.689671, 49.826242], [37.678044, 49.81608], [37.67888, 49.814556], [37.680576, 49.813974], [37.68182, 49.812476], [37.680691, 49.810028], [37.679456, 49.808799], [37.679304, 49.806933], [37.676827, 49.803746], [37.6706, 49.80272], [37.667262, 49.79858], [37.664564, 49.7977], [37.66341, 49.795768], [37.663517, 49.794911], [37.66607, 49.793652], [37.669138, 49.793086], [37.672697, 49.791184], [37.675568, 49.788617], [37.67852, 49.789529], [37.682974, 49.789637], [37.68526, 49.788346], [37.688457, 49.788138], [37.694848, 49.785788], [37.711689, 49.774718], [37.7244721, 49.7711276], [37.7267063, 49.7712988], [37.747221, 49.765371], [37.773741, 49.758473], [37.816634, 49.74544], [37.8533, 49.739412], [37.876222, 49.733081], [37.889412, 49.72851], [37.91149, 49.723603], [37.9133, 49.707206], [37.916006, 49.691425], [37.91796, 49.678426], [37.912874, 49.658755], [37.916312, 49.648205], [37.920291, 49.640434], [37.9283, 49.634108], [37.9283035, 49.6296489], [37.928449, 49.624369], [37.928929, 49.620366], [37.938162, 49.600571], [37.937911, 49.590606], [37.943667, 49.58142], [37.957508, 49.573468], [37.954209, 49.565917], [37.943891, 49.553401], [37.943093, 49.548922], [37.947273, 49.547004], [37.956747, 49.542779], [37.95712, 49.536632], [37.955986, 49.526841], [37.951155, 49.526154], [37.949499, 49.52374], [37.9503, 49.516054], [37.957288, 49.5126], [37.956619, 49.508028], [37.945443, 49.504942], [37.95315, 49.483572], [37.93843, 49.463082], [37.940642, 49.444244], [37.92878, 49.424289], [37.948687, 49.403562], [37.942766, 49.398993], [37.944869, 49.395759], [37.943196, 49.392525], [37.940195, 49.380594], [37.939463, 49.367629], [37.936112, 49.358905], [37.938587, 49.355243], [37.934067, 49.351958], [37.941921, 49.349687], [37.9438667, 49.3469035], [37.9411774, 49.3445677], [37.9423293, 49.3418475], [37.9417892, 49.3388375], [37.9500466, 49.3377009], [37.9534347, 49.3366224], [37.9572947, 49.3348448], [37.9628232, 49.3341691], [37.9649438, 49.3324748], [37.9655193, 49.330277], [37.9663918, 49.3222453], [37.961857, 49.3173177], [37.9615836, 49.3114894], [37.9693778, 49.3111446], [37.9696145, 49.3030379], [37.9620075, 49.3032654], [37.963242, 49.2968886], [37.967716, 49.286555], [37.988503, 49.266208], [38.009803, 49.261509], [38.005429, 49.249438], [38.024741, 49.237367], [38.025015, 49.228302], [38.056524, 49.214303], [38.048495, 49.203085], [38.047226, 49.190491], [38.05054, 49.189215], [38.056427, 49.184573], [38.061306, 49.174695], [38.071336, 49.160272], [38.08325, 49.148762], [38.086336, 49.134796], [38.083806, 49.133668], [38.080758, 49.123777], [38.06779, 49.096014], [38.06842, 49.092253], [38.063398, 49.064564], [38.018566, 49.062924], [38.017338, 49.057231], [38.003829, 49.054556], [37.995643, 49.053228], [37.988362, 49.046821], [37.980308, 49.04424], [37.982738, 49.03525], [37.993944, 49.035158], [38.003077, 49.019388], [38.00967, 49.015013], [38.041265, 49.014787], [38.060881, 49.01408], [38.072685, 49.011851], [38.074562, 49.009159], [38.090832, 49.008685], [38.097624, 49.000293], [38.098026, 48.99471], [38.102926, 48.985722], [38.105879, 48.976208], [38.157073, 48.976912], [38.169416, 48.97551], [38.169993, 48.964941], [38.172543, 48.965076], [38.172579, 48.962952], [38.1986474, 48.9635206], [38.1991369, 48.9610353], [38.2016627, 48.9610832], [38.2021654, 48.9573475], [38.203698, 48.9573313], [38.2039307, 48.9545938], [38.200313, 48.9542954], [38.201772, 48.949913], [38.201772, 48.946122], [38.19997, 48.943993], [38.202201, 48.941922], [38.21027, 48.940598], [38.219196, 48.942768], [38.23465, 48.944666], [38.234227, 48.946566], [38.233873, 48.95314], [38.237048, 48.956521], [38.244862, 48.956245], [38.258858, 48.969268], [38.241062, 49.005535], [38.262698, 49.024532], [38.284528, 49.026568], [38.299791, 49.024992], [38.691727, 48.729363]]]}}, {"type": "Feature", "properties": {"name": "Occupied", "date": "2023-09-30", "layer_type": "russian_occupied"}, "geometry": {"type": "Polygon", "coordinates": [[[35.2532032, 46.2487007], [35.2090226, 46.190401], [35.1368332, 46.1620333], [35.0293468, 46.1450168], [35.0308253, 46.1273641], [34.9912944, 46.1045909], [34.978187, 46.0766593], [35.0664193, 46.0993871], [35.1336065, 46.1195453], [35.1886302, 46.1514651], [35.2658686, 46.250892], [35.3602357, 46.354693], [35.4578287, 46.441261], [35.5657181, 46.4754297], [35.6242655, 46.5043364], [35.7239866, 46.5868415], [35.8739383, 46.6456624], [35.9936152, 46.6660587], [36.1146898, 46.6566385], [36.1898851, 46.66706], [36.2290441, 46.650535], [36.2598962, 46.61865], [36.1908501, 46.534705], [36.1665141, 46.527707], [36.1550673, 46.5279538], [36.1431422, 46.5033058], [36.1717045, 46.4981772], [36.2328002, 46.5559024], [36.3322034, 46.6770342], [36.414958, 46.7260118], [36.5366359, 46.7585761], [36.7110616, 46.7814128], [36.7760999, 46.7542565], [36.8108785, 46.7303716], [36.8182917, 46.7021299], [36.7876141, 46.6641502], [36.7492259, 46.6430472], [36.7503553, 46.6311811], [36.7697679, 46.6322195], [36.8049875, 46.659181], [36.8380535, 46.70579], [36.8685205, 46.76572], [36.8974913, 46.8109338], [37.0061259, 46.8692952], [37.036174, 46.8706509], [37.2381602, 46.9510306], [37.2828449, 46.937346], [37.3161731, 46.9142709], [37.3240055, 46.891819], [37.2978535, 46.8727626], [37.2841756, 46.8725455], [37.2855691, 46.866901], [37.3089232, 46.8701227], [37.3418924, 46.8950477], [37.4780681, 47.0314305], [37.5285478, 47.0775291], [37.574156, 47.0853587], [37.6204629, 47.086602], [37.6273779, 47.09413], [37.6758119, 47.077916], [37.6840329, 47.076706], [37.6858859, 47.080525], [37.71388, 47.079862], [37.774395, 47.087579], [37.794085, 47.083807], [37.821989, 47.09092], [37.83831, 47.099704], [37.829283, 47.112742], [37.818054, 47.119099], [37.8005435, 47.1732715], [37.8111872, 47.2012707], [37.833503, 47.249301], [37.833846, 47.285412], [37.827666, 47.302643], [37.834876, 47.30823], [37.831786, 47.314981], [37.824577, 47.321498], [37.827323, 47.328479], [37.829283, 47.342507], [37.844489, 47.341974], [37.856849, 47.343603], [37.861212, 47.347858], [37.859152, 47.354371], [37.848609, 47.350116], [37.837623, 47.352442], [37.841743, 47.358489], [37.851599, 47.365534], [37.841643, 47.369022], [37.83831, 47.378022], [37.850326, 47.384298], [37.856849, 47.392898], [37.855819, 47.403124], [37.863715, 47.426588], [37.878478, 47.441684], [37.892555, 47.469773], [37.819427, 47.546303], [37.8159936, 47.5852213], [37.8458595, 47.6237619], [37.8523854, 47.641694], [37.8312754, 47.6567292], [37.803977, 47.660196], [37.7755288, 47.6754271], [37.764495, 47.684702], [37.67268, 47.724717], [37.637589, 47.751994], [37.623169, 47.77311], [37.634549, 47.802538], [37.634262, 47.838423], [37.644034, 47.886626], [37.575907, 47.907733], [37.5686, 47.907768], [37.5350299, 47.918015], [37.5394079, 47.924265], [37.542839, 47.932477], [37.521854, 47.94582], [37.525158, 47.957202], [37.532, 47.964589], [37.512893, 47.96798], [37.493518, 47.962959], [37.491783, 47.960839], [37.492733, 47.958928], [37.4958242, 47.9570212], [37.4950958, 47.9546545], [37.4965235, 47.9531228], [37.4955048, 47.9482851], [37.4909493, 47.9429594], [37.493046, 47.938956], [37.489892, 47.937089], [37.490063, 47.934855], [37.490647, 47.932657], [37.489902, 47.93092], [37.487553, 47.92725], [37.494155, 47.925428], [37.492349, 47.913117], [37.505149, 47.907671], [37.5155063, 47.9025089], [37.5132837, 47.8940623], [37.5141127, 47.8883953], [37.5162961, 47.8885502], [37.5177741, 47.8922247], [37.5245738, 47.8918991], [37.5260652, 47.8893885], [37.5367845, 47.8891569], [37.5378462, 47.8756592], [37.5288134, 47.8755455], [37.5280869, 47.85543], [37.5329939, 47.843646], [37.512475, 47.823969], [37.4989452, 47.8117443], [37.4816074, 47.8111679], [37.4759326, 47.8110169], [37.4754981, 47.8116186], [37.4728749, 47.811442], [37.4725208, 47.8107431], [37.4688623, 47.8107069], [37.468047, 47.818344], [37.4642704, 47.8179982], [37.4661587, 47.8027805], [37.4478458, 47.800881], [37.4289108, 47.799759], [37.4316078, 47.776149], [37.4235667, 47.7685365], [37.4088873, 47.752192], [37.391814, 47.7518572], [37.377492, 47.748532], [37.362096, 47.745791], [37.3569, 47.744232], [37.354417, 47.744579], [37.346534, 47.747352], [37.33191, 47.749096], [37.330804, 47.751676], [37.3323678, 47.756171], [37.334634, 47.761552], [37.319714, 47.763933], [37.321037, 47.771242], [37.31824, 47.771455], [37.315307, 47.765534], [37.306521, 47.766237], [37.306695, 47.773804], [37.304166, 47.774218], [37.301682, 47.767199], [37.2963787, 47.7657456], [37.2968568, 47.764921], [37.2959764, 47.7640322], [37.2943548, 47.765037], [37.2916914, 47.7634556], [37.2879086, 47.7627385], [37.2660722, 47.764656], [37.2557926, 47.7598123], [37.255891, 47.7574051], [37.2570068, 47.7557029], [37.2562039, 47.7542189], [37.2495215, 47.7557929], [37.2459202, 47.7555369], [37.240688, 47.757762], [37.235638, 47.758295], [37.221064, 47.761376], [37.2012127, 47.764636], [37.1975069, 47.7539109], [37.1838145, 47.7427138], [37.1668243, 47.7381207], [37.1570435, 47.7309848], [37.1482107, 47.7297583], [37.1391684, 47.7309415], [37.1334453, 47.7356027], [37.1254474, 47.7357035], [37.1188067, 47.7337104], [37.098998, 47.7401617], [37.078458, 47.74209], [37.053542, 47.743666], [37.024232, 47.744782], [36.9787842, 47.7593195], [36.9694143, 47.7604831], [36.9467796, 47.7625505], [36.9303575, 47.7499251], [36.8747364, 47.7535759], [36.8555391, 47.7466426], [36.8534327, 47.7386983], [36.8430216, 47.7339634], [36.8364447, 47.7278229], [36.8323567, 47.7280038], [36.8279577, 47.7301843], [36.8211983, 47.7316141], [36.821284, 47.7287898], [36.8127843, 47.7254969], [36.8093078, 47.7281962], [36.8062403, 47.7352684], [36.8017997, 47.7384719], [36.7968672, 47.7388758], [36.7910036, 47.7348064], [36.7743207, 47.733219], [36.7610243, 47.7344756], [36.7508565, 47.7333139], [36.7465222, 47.7471606], [36.7219705, 47.7481258], [36.7137332, 47.7530186], [36.7061969, 47.7555187], [36.6909568, 47.7533885], [36.6879289, 47.7507378], [36.6870895, 47.7454874], [36.6724455, 47.7441408], [36.6689614, 47.7350593], [36.6597789, 47.734339], [36.6486202, 47.7390287], [36.6434697, 47.737253], [36.6383198, 47.7296906], [36.6165615, 47.7276702], [36.5994922, 47.7198943], [36.5738421, 47.7175424], [36.555749, 47.70034], [36.5537424, 47.6878145], [36.5531092, 47.6710131], [36.538214, 47.668917], [36.521186, 47.668959], [36.5076589, 47.6544507], [36.4832921, 47.6428385], [36.368328, 47.63156], [36.3622553, 47.6332743], [36.3408192, 47.6266576], [36.338205, 47.618398], [36.310331, 47.6057183], [36.2707665, 47.5950414], [36.2225906, 47.5875224], [36.2243629, 47.5780835], [36.2153866, 47.5771638], [36.2133627, 47.5766493], [36.2105165, 47.5771254], [36.2046516, 47.5821304], [36.186966, 47.580843], [36.133198, 47.575124], [36.128116, 47.574827], [36.116706, 47.57794], [36.105724, 47.578503], [36.087362, 47.573854], [36.08291, 47.551831], [36.060784, 47.537093], [36.0282509, 47.5267618], [36.0300099, 47.5222894], [36.020784, 47.515904], [36.018983, 47.5113156], [35.9951705, 47.5126051], [35.9754999, 47.5102396], [35.9601609, 47.5073986], [35.952707, 47.4966416], [35.9509199, 47.4883486], [35.9528115, 47.4779866], [35.9367945, 47.4728818], [35.9325062, 47.470517], [35.9285037, 47.4568065], [35.9382453, 47.4522847], [35.9473489, 47.4501727], [35.9573678, 47.4449234], [35.9524889, 47.434986], [35.9515091, 47.4348057], [35.9492382, 47.4274001], [35.9424191, 47.4204584], [35.9168756, 47.4193153], [35.9116903, 47.4102479], [35.896686, 47.4075248], [35.8759335, 47.406834], [35.8621968, 47.410035], [35.86142, 47.4131774], [35.8561978, 47.4145976], [35.8436948, 47.4152355], [35.8434512, 47.4173836], [35.837886, 47.4176731], [35.8372753, 47.4196916], [35.8245625, 47.4201647], [35.8153644, 47.4289907], [35.8102849, 47.4410959], [35.8010706, 47.4474517], [35.7976494, 47.4589206], [35.7959422, 47.4638298], [35.7880767, 47.4698048], [35.7906815, 47.4808849], [35.789281, 47.490974], [35.7370359, 47.491103], [35.7269939, 47.499686], [35.7115039, 47.505541], [35.6995239, 47.506848], [35.682358, 47.510877], [35.665363, 47.503572], [35.654663, 47.500962], [35.6214106, 47.5003716], [35.61528, 47.502851], [35.592551, 47.519323], [35.5672797, 47.5284839], [35.5479326, 47.52628], [35.539021, 47.519038], [35.50651, 47.513647], [35.4869806, 47.5111117], [35.4882243, 47.5019664], [35.471171, 47.4965074], [35.4419599, 47.49731], [35.43765, 47.5035079], [35.4312031, 47.5059976], [35.4226959, 47.5058198], [35.4169025, 47.5088946], [35.4147987, 47.5179379], [35.3863846, 47.516947], [35.378987, 47.5248335], [35.3649692, 47.5318681], [35.3659289, 47.5351931], [35.3626429, 47.5364332], [35.3586767, 47.536906], [35.3532727, 47.536473], [35.3482117, 47.537082], [35.3415297, 47.536044], [35.3347217, 47.525284], [35.3301447, 47.520065], [35.3228206, 47.515541], [35.3135036, 47.512683], [35.2993806, 47.510983], [35.2878196, 47.507241], [35.2808956, 47.503398], [35.2746786, 47.496907], [35.2736536, 47.493721], [35.2807956, 47.472193], [35.2644226, 47.473907], [35.2026416, 47.445003], [35.1486616, 47.445686], [35.1190955, 47.451125], [35.0702985, 47.450806], [35.0624315, 47.448694], [35.0461575, 47.437757], [35.0288205, 47.418144], [34.9686925, 47.389233], [34.9354434, 47.391632], [34.8837134, 47.406118], [34.8633714, 47.420884], [34.8747414, 47.437558], [34.8741834, 47.449528], [34.8599234, 47.451254], [34.8252014, 47.464803], [34.7923044, 47.467747], [34.7491533, 47.492601], [34.7193643, 47.492122], [34.7089813, 47.490582], [34.6894133, 47.494893], [34.6801983, 47.510731], [34.6420713, 47.544419], [34.6283773, 47.54583], [34.6180343, 47.544491], [34.5990392, 47.53467], [34.5862482, 47.521809], [34.5445292, 47.532707], [34.5331372, 47.530459], [34.5006222, 47.499673], [34.4358392, 47.496913], [34.4052178, 47.500758], [34.3869481, 47.513875], [34.3741314, 47.5071964], [34.3383711, 47.467761], [34.3349111, 47.447001], [34.2961021, 47.428688], [34.2696791, 47.439549], [34.199289, 47.412104], [34.145724, 47.424467], [34.118345, 47.420566], [34.064873, 47.424317], [34.0466769, 47.417654], [34.0422339, 47.410429], [33.9827319, 47.230662], [33.9678599, 47.211277], [33.9448439, 47.197252], [33.9298141, 47.1772162], [33.9031259, 47.159977], [33.8499508, 47.137794], [33.8407868, 47.098524], [33.8023168, 47.059017], [33.6976678, 46.995131], [33.6956098, 46.95542], [33.6881588, 46.920449], [33.6784458, 46.900926], [33.6568158, 46.904678], [33.6338217, 46.899514], [33.6340277, 46.866257], [33.63746, 46.8471761], [33.6202977, 46.829034], [33.5634722, 46.8182091], [33.4702657, 46.820961], [33.4029376, 46.773597], [33.3895301, 46.7827267], [33.3771844, 46.7763058], [33.3733726, 46.776487], [33.3724696, 46.776123], [33.3714076, 46.777142], [33.3705596, 46.776837], [33.3716106, 46.775729], [33.3574455, 46.7670354], [33.3588964, 46.7640157], [33.3401572, 46.7570422], [33.3133962, 46.7514766], [33.2863056, 46.749398], [33.2543812, 46.752574], [33.239884, 46.7635404], [33.1978698, 46.7675023], [33.153349, 46.7627951], [33.1414551, 46.7593674], [33.1401905, 46.756687], [33.1371655, 46.755756], [33.1320618, 46.7551279], [33.1112985, 46.749258], [33.1040465, 46.747501], [33.1033735, 46.745884], [33.1019595, 46.745325], [33.0999585, 46.743869], [33.0975865, 46.743208], [33.0932315, 46.742749], [33.0903945, 46.741541], [33.0874315, 46.73965], [33.0881445, 46.738732], [33.0865655, 46.737795], [33.0841805, 46.737757], [33.0705254, 46.732221], [33.0660174, 46.731138], [33.0629154, 46.731227], [33.0544764, 46.727388], [33.0487214, 46.726965], [33.0463144, 46.726285], [33.0433524, 46.72346], [33.0317174, 46.720837], [33.0195804, 46.717745], [33.0112214, 46.717065], [32.9910914, 46.714538], [32.9798474, 46.710469], [32.9542314, 46.711542], [32.9427764, 46.713303], [32.9333934, 46.717207], [32.9285594, 46.718374], [32.9233554, 46.718326], [32.9053064, 46.711285], [32.8874754, 46.6958823], [32.8805813, 46.6928768], [32.8780064, 46.6885201], [32.87011, 46.6825143], [32.8459334, 46.6632763], [32.8142213, 46.6651929], [32.8022634, 46.6612185], [32.7847352, 46.6449916], [32.7783119, 46.6417113], [32.7675244, 46.6355784], [32.7511208, 46.6303085], [32.7199882, 46.6317615], [32.6844589, 46.6212449], [32.6787383, 46.6141517], [32.6890771, 46.6064164], [32.6979743, 46.6042078], [32.6665008, 46.5825337], [32.5823333, 46.5551263], [32.5538035, 46.541271], [32.5375462, 46.5380629], [32.5318552, 46.5368679], [32.5206882, 46.5403559], [32.5145852, 46.5410099], [32.5089902, 46.5400139], [32.5056952, 46.5379629], [32.5002652, 46.5334449], [32.4891291, 46.5273829], [32.4647821, 46.5080599], [32.4570671, 46.5038109], [32.4483221, 46.5028689], [32.4377211, 46.5033619], [32.4326891, 46.4947589], [32.4316761, 46.4891869], [32.4282591, 46.4853879], [32.4178411, 46.4850379], [32.3439201, 46.4649689], [32.3020961, 46.4677989], [32.257644, 46.4793239], [32.194592, 46.4883199], [32.1514396, 46.5096501], [32.117674, 46.5150656], [32.0463952, 46.4889388], [31.999388, 46.4880276], [31.9109057, 46.5115562], [31.9049095, 46.517962], [31.8987539, 46.5186059], [31.8815618, 46.5182979], [31.8649138, 46.5176219], [31.8070708, 46.5294639], [31.7569208, 46.5479549], [31.6976507, 46.5450339], [31.6628557, 46.5364049], [31.6314977, 46.5405179], [31.5816717, 46.5372479], [31.5540826, 46.5454649], [31.5305176, 46.5576319], [31.5134156, 46.5808289], [31.5112956, 46.5766899], [31.5216196, 46.5616069], [31.5469496, 46.5387319], [31.6142447, 46.5019459], [31.6567497, 46.4689159], [31.6942997, 46.4403369], [31.7249455, 46.4144723], [31.7452095, 46.3864323], [31.7738378, 46.3711594], [31.7768872, 46.3741195], [31.7376658, 46.4262219], [31.7202637, 46.4333549], [31.7069757, 46.4454549], [31.6971237, 46.4472639], [31.6969167, 46.4575119], [31.7042637, 46.4665769], [31.7164527, 46.4786779], [31.7420388, 46.4853379], [31.7709038, 46.4845789], [31.7970178, 46.4781389], [31.8921178, 46.4568289], [31.9528229, 46.4374829], [31.9748439, 46.4392309], [32.0022429, 46.4534579], [32.0290379, 46.4375689], [32.0355679, 46.4165919], [32.0090489, 46.3641429], [31.9697689, 46.3483889], [31.8682748, 46.3343839], [31.8234478, 46.3371309], [31.7725378, 46.3271729], [31.7455888, 46.3060499], [31.7477378, 46.2981679], [31.7580908, 46.2948689], [31.7680158, 46.2965449], [31.7745058, 46.2939519], [31.7712118, 46.2888669], [31.7755438, 46.2854899], [31.7751098, 46.2822939], [31.7821278, 46.2768669], [31.7832868, 46.2725389], [31.7771958, 46.2681569], [31.7796018, 46.2644959], [31.7844068, 46.2651129], [31.7845138, 46.2688919], [31.7917018, 46.2739169], [31.8097238, 46.2721229], [31.8143578, 46.2694769], [31.8132408, 46.2647729], [31.8183038, 46.2643399], [31.8346938, 46.2661669], [31.8331418, 46.2698209], [31.8351908, 46.2728569], [31.8476968, 46.2679509], [31.8507378, 46.2682829], [31.8612198, 46.2721719], [31.8708308, 46.2658029], [31.8740008, 46.2652859], [31.8832878, 46.2734449], [31.8950659, 46.2807729], [31.9044879, 46.2974679], [31.9368189, 46.2921709], [31.9437419, 46.2855879], [31.9555959, 46.2659249], [31.9695109, 46.2572369], [32.0285419, 46.2456249], [32.0514159, 46.2498139], [32.077751, 46.2389489], [32.087826, 46.2214899], [32.12115, 46.2044209], [32.165963, 46.1969219], [32.187022, 46.1756949], [32.20613, 46.1722089], [32.208103, 46.1868279], [32.221809, 46.1877389], [32.239877, 46.1785439], [32.227939, 46.1683759], [32.23667, 46.1501619], [32.2238095, 46.1331054], [32.3892209, 46.0945518], [32.5465374, 46.0652942], [32.5748973, 46.0637266], [32.6378808, 46.0537028], [32.7396149, 46.0336126], [32.9120662, 46.0104008], [32.9680429, 46.0125725], [33.0363766, 46.0080341], [33.0700551, 46.014197], [33.0496585, 46.0277516], [33.0174514, 46.0256746], [32.9728824, 46.030736], [32.9414071, 46.0460889], [32.936279, 46.039686], [32.926517, 46.031197], [32.9080363, 46.0266225], [32.8785745, 46.025916], [32.7952785, 46.0303099], [32.7193638, 46.039073], [32.6200553, 46.0603997], [32.5521201, 46.0682825], [32.5418471, 46.0681868], [32.5396283, 46.0734981], [32.5442762, 46.0804766], [32.5961414, 46.0958488], [32.6466589, 46.107865], [32.6770504, 46.0998169], [32.7037448, 46.1062335], [32.7328476, 46.1097869], [32.7584466, 46.1190283], [32.8289775, 46.111371], [32.8637174, 46.1157227], [32.9132757, 46.1067933], [33.0296046, 46.1132428], [33.0314748, 46.1497263], [33.062645, 46.1555911], [33.1015746, 46.1318733], [33.1404697, 46.1276416], [33.1814552, 46.1475617], [33.1953058, 46.1701366], [33.2228929, 46.1570383], [33.2080208, 46.1270291], [33.2566584, 46.1386509], [33.2840087, 46.1250405], [33.3086112, 46.1143165], [33.3029958, 46.0935952], [33.2780393, 46.0945251], [33.2885474, 46.0749609], [33.3182342, 46.0763028], [33.3183151, 46.0991141], [33.3499462, 46.093137], [33.3664607, 46.0752498], [33.4075754, 46.0409617], [33.4370872, 46.0401646], [33.4604216, 46.0460342], [33.4911413, 46.0322404], [33.5101802, 46.0284516], [33.4931423, 46.0527188], [33.4966987, 46.070314], [33.5151162, 46.08243], [33.5616884, 46.0740552], [33.5139842, 46.1075148], [33.5453724, 46.1233099], [33.5805716, 46.1571784], [33.60668, 46.146878], [33.6897, 46.204334], [33.714554, 46.196894], [33.740532, 46.185128], [33.82395, 46.187069], [34.038334, 46.116935], [34.122582, 46.108122], [34.160772, 46.08043], [34.227754, 46.060816], [34.382464, 46.034692], [34.436726, 45.968164], [34.478552, 45.946947], [34.556042, 45.988691], [34.651415, 45.973908], [34.700883, 45.959179], [34.752716, 45.910231], [34.782879, 45.904975], [34.796134, 45.892053], [34.800881, 45.804735], [34.958219, 45.760037], [34.977053, 45.765285], [34.8959634, 45.89884], [34.8524734, 46.009247], [34.8346404, 46.115559], [34.8337824, 46.200162], [34.9030034, 46.236419], [35.0248135, 46.256333], [35.0798625, 46.276666], [35.1177696, 46.314272], [35.1380016, 46.348282], [35.1783566, 46.362948], [35.1931726, 46.370951], [35.2182731, 46.4304054], [35.2117588, 46.447041], [35.2464475, 46.4464048], [35.2680364, 46.4322011], [35.2549465, 46.4049822], [35.2661022, 46.355554], [35.2898036, 46.356581], [35.3078947, 46.348318], [35.3179197, 46.337862], [35.3311927, 46.3311579], [35.3174417, 46.317067], [35.3000922, 46.3144917], [35.2943022, 46.3064241], [35.2989867, 46.299007], [35.2532032, 46.2487007]]]}}, {"type": "Feature", "properties": {"name": "Occupied", "date": "2023-09-30", "layer_type": "russian_occupied"}, "geometry": {"type": "Polygon", "coordinates": [[[38.15645, 48.732688], [38.129901, 48.734202], [38.124028, 48.737717], [38.113694, 48.730592], [38.109548, 48.722268], [38.105165, 48.72268], [38.099883, 48.734039], [38.094256, 48.738944], [38.085571, 48.730147], [38.077789, 48.731271], [38.074453, 48.739916], [38.070087, 48.744087], [38.066249, 48.748568], [38.061598, 48.750654], [38.055963, 48.751506], [38.054448, 48.748679], [38.048427, 48.747183], [38.042234, 48.747044], [38.034627, 48.750284], [38.029467, 48.750722], [38.028426, 48.749363], [38.027522, 48.74731], [38.027763, 48.745535], [38.026323, 48.741013], [38.022599, 48.740876], [38.013382, 48.739464], [37.998693, 48.738288], [37.99097, 48.725148], [37.988396, 48.716876], [37.979729, 48.707306], [37.962794, 48.7011], [37.953803, 48.701138], [37.93865, 48.702072], [37.934579, 48.703062], [37.923082, 48.709505], [37.917369, 48.705556], [37.920251, 48.701381], [37.916225, 48.697218], [37.912389, 48.695675], [37.910312, 48.693593], [37.910438, 48.690366], [37.915522, 48.688725], [37.9107748, 48.6846255], [37.911087, 48.6834025], [37.9090056, 48.6792797], [37.910365, 48.672952], [37.911259, 48.670368], [37.90811, 48.663309], [37.90286, 48.66325], [37.888285, 48.660948], [37.891604, 48.651326], [37.890728, 48.64777], [37.887736, 48.644912], [37.88483, 48.641203], [37.891549, 48.641215], [37.892838, 48.639209], [37.906149, 48.639291], [37.9174, 48.638182], [37.921535, 48.636531], [37.938648, 48.635838], [37.952236, 48.638844], [37.955283, 48.63446], [37.95464, 48.63016], [37.958095, 48.62845], [37.958675, 48.626666], [37.960693, 48.62533], [37.966315, 48.620561], [37.963913, 48.618797], [37.965202, 48.617765], [37.967916, 48.619311], [37.971405, 48.617148], [37.96897, 48.614423], [37.974886, 48.611908], [37.969636, 48.606379], [37.961472, 48.602675], [37.948612, 48.596748], [37.947596, 48.593223], [37.960842, 48.58523], [37.96194, 48.582766], [37.963166, 48.580334], [37.955777, 48.57781], [37.958477, 48.575582], [37.960076, 48.573964], [37.96129, 48.574384], [37.964073, 48.573421], [37.96932, 48.56137], [37.960776, 48.554844], [37.963069, 48.552689], [37.961224, 48.548076], [37.962555, 48.545451], [37.9690601, 48.5415287], [37.9769251, 48.5396781], [37.9806379, 48.5368924], [37.982334, 48.5345329], [37.9834555, 48.5314754], [37.9798558, 48.5258029], [37.9766691, 48.5161194], [37.9735145, 48.5089605], [37.9744982, 48.502072], [37.9763295, 48.4981768], [37.9750789, 48.4917746], [37.963553, 48.483996], [37.950554, 48.482981], [37.952019, 48.476932], [37.952159, 48.474903], [37.95055, 48.472297], [37.956586, 48.460819], [37.956943, 48.458893], [37.953841, 48.457432], [37.940427, 48.452091], [37.940228, 48.449226], [37.952923, 48.429599], [37.951222, 48.42725], [37.952569, 48.426282], [37.952117, 48.424393], [37.954669, 48.423059], [37.959729, 48.419022], [37.952584, 48.417956], [37.952916, 48.416298], [37.960888, 48.416463], [37.965297, 48.412754], [37.966616, 48.409728], [37.965652, 48.40661], [37.963028, 48.400663], [37.966015, 48.396482], [37.964722, 48.395231], [37.96459, 48.394093], [37.958588, 48.394609], [37.94704, 48.375156], [37.970152, 48.380317], [37.974959, 48.381115], [37.978623, 48.391275], [38.00477, 48.393954], [38.042123, 48.409086], [38.113706, 48.408013], [38.117477, 48.420805], [38.135244, 48.419039], [38.148548, 48.414482], [38.163094, 48.402117], [38.18906, 48.416533], [38.238521, 48.386717], [38.273689, 48.359192], [38.290706, 48.361631], [38.321754, 48.371053], [38.343578, 48.384437], [38.354228, 48.390346], [38.367914, 48.402171], [38.390964, 48.415874], [38.389247, 48.432278], [38.393024, 48.436606], [38.405377, 48.473366], [38.411566, 48.510568], [38.414303, 48.520605], [38.402637, 48.547867], [38.402637, 48.59194], [38.40607, 48.60193], [38.438793, 48.611028], [38.441253, 48.617271], [38.436275, 48.629243], [38.426326, 48.638696], [38.431476, 48.650492], [38.445202, 48.655048], [38.464428, 48.656408], [38.480228, 48.659111], [38.496708, 48.663192], [38.515247, 48.666367], [38.516148, 48.670562], [38.527284, 48.674642], [38.539451, 48.673509], [38.548978, 48.675294], [38.559446, 48.686695], [38.572231, 48.689056], [38.577732, 48.696742], [38.578419, 48.70943], [38.583218, 48.71987], [38.630135, 48.721172], [38.678412, 48.723701], [38.674549, 48.729363], [38.691727, 48.729363], [38.299791, 49.024992], [38.284528, 49.026568], [38.262698, 49.024532], [38.241062, 49.005535], [38.258858, 48.969268], [38.244862, 48.956245], [38.237048, 48.956521], [38.233873, 48.95314], [38.234227, 48.946566], [38.23465, 48.944666], [38.23809, 48.946707], [38.243964, 48.947259], [38.257479, 48.942787], [38.259966, 48.940344], [38.259382, 48.938127], [38.260497, 48.93404], [38.265928, 48.926047], [38.271561, 48.922118], [38.271124, 48.921035], [38.267106, 48.920277], [38.266178, 48.918955], [38.267783, 48.918197], [38.267126, 48.916775], [38.270674, 48.915748], [38.271125, 48.910911], [38.270354, 48.90747], [38.267509, 48.903563], [38.261915, 48.901493], [38.262502, 48.900157], [38.274574, 48.895171], [38.272754, 48.891694], [38.267902, 48.890249], [38.267894, 48.889447], [38.260701, 48.888971], [38.257643, 48.889655], [38.253674, 48.888822], [38.252689, 48.885633], [38.250204, 48.883995], [38.248813, 48.880268], [38.245057, 48.880601], [38.244584, 48.879576], [38.233854, 48.882038], [38.233786, 48.880076], [38.235014, 48.877435], [38.228545, 48.868924], [38.232521, 48.865656], [38.23869, 48.865747], [38.242558, 48.865034], [38.244884, 48.856618], [38.252486, 48.842491], [38.244294, 48.832036], [38.244332, 48.830495], [38.252849, 48.830543], [38.255475, 48.818926], [38.26222, 48.813639], [38.260725, 48.806964], [38.261104, 48.800798], [38.255924, 48.794031], [38.255379, 48.789865], [38.252367, 48.784073], [38.243176, 48.780996], [38.235954, 48.771899], [38.228075, 48.770858], [38.218131, 48.771966], [38.217131, 48.770899], [38.218585, 48.763475], [38.216659, 48.761348], [38.205285, 48.759785], [38.202229, 48.755753], [38.194024, 48.754381], [38.186842, 48.753398], [38.176642, 48.748825], [38.171581, 48.743143], [38.169954, 48.733717], [38.15645, 48.732688]]]}}]}