{"type": "FeatureCollection", "features": [{"type": "Feature", "properties": {"name": "Liberated", "date": "2025-01-31", "layer_type": "liberated"}, "geometry": {"type": "Polygon", "coordinates": [[[37.8904299, 48.5272662], [37.8866199, 48.5240447], [37.8926459, 48.5184021], [37.8886978, 48.5172082], [37.8900711, 48.5146498], [37.8955641, 48.5156732], [37.9026771, 48.5082339], [37.8990576, 48.5053764], [37.9003199, 48.5011635], [37.9043039, 48.4984225], [37.8995019, 48.4883665], [37.9208318, 48.4765475], [37.9226898, 48.4712015], [37.9346388, 48.4661401], [37.9392324, 48.4591804], [37.9332243, 48.4524066], [37.9301337, 48.4494625], [37.9360995, 48.443724], [37.9411206, 48.4444926], [37.9377303, 48.4519221], [37.9433093, 48.4553376], [37.9524929, 48.458753], [37.9542956, 48.4604605], [37.9468011, 48.4716157], [37.942738, 48.4749033], [37.9101454, 48.4939971], [37.9219049, 48.5031274], [37.898667, 48.5285294], [37.8904299, 48.5272662]]]}}, {"type": "Feature", "properties": {"name": "Liberated", "date": "2025-01-31", "layer_type": "liberated"}, "geometry": {"type": "Polygon", "coordinates": [[[38.0146746, 48.7461191], [38.0166037, 48.7425535], [38.0260857, 48.7447607], [38.0271971, 48.7508159], [38.0314012, 48.7522524], [38.0305363, 48.7545331], [38.028691, 48.7558063], [38.0246998, 48.7510529], [38.0242707, 48.747629], [38.0146746, 48.7461191]]]}}, {"type": "Feature", "properties": {"name": "Liberated", "date": "2025-01-31", "layer_type": "liberated"}, "geometry": {"type": "Polygon", "coordinates": [[[37.8854933, 48.6803056], [37.8896509, 48.6818103], [37.8937229, 48.6823515], [37.8963358, 48.6824112], [37.9000647, 48.6815076], [37.908195, 48.6868984], [37.9091163, 48.6903057], [37.9104385, 48.6903657], [37.9106124, 48.6916101], [37.9082091, 48.6928282], [37.9084701, 48.6938342], [37.9131108, 48.6991581], [37.9239683, 48.7033783], [37.9268866, 48.7081362], [37.9128694, 48.7166733], [37.9046383, 48.7099628], [37.9003494, 48.7035992], [37.89168, 48.701717], [37.8863776, 48.6981915], [37.8812584, 48.6914905], [37.8798851, 48.6862777], [37.8854933, 48.6803056]]]}}, {"type": "Feature", "properties": {"name": "Liberated", "date": "2025-01-31", "layer_type": "liberated"}, "geometry": {"type": "Polygon", "coordinates": [[[37.877822, 48.659992], [37.8724484, 48.6564649], [37.8722252, 48.6512368], [37.8740455, 48.6445264], [37.8798459, 48.6411208], [37.886574, 48.6473859], [37.8896403, 48.6490233], [37.888458, 48.6506323], [37.8851923, 48.6520358], [37.877822, 48.659992]]]}}, {"type": "Feature", "properties": {"name": "Liberated 25.03", "date": "2025-01-31", "layer_type": "liberated"}, "geometry": {"type": "Polygon", "coordinates": [[[34.942155, 50.490566], [34.926154, 50.489762], [34.918396, 50.473666], [34.938031, 50.468261], [34.942413, 50.454604], [34.966429, 50.452582], [34.970557, 50.457859], [34.987412, 50.455088], [34.992964, 50.460483], [34.984814, 50.471273], [34.992919, 50.480133], [34.980999, 50.494999], [34.975854, 50.498777], [34.971893, 50.501611], [34.965765, 50.498264], [34.946551, 50.488991], [34.942155, 50.490566]]]}}, {"type": "Feature", "properties": {"name": "Liberated", "date": "2025-01-31", "layer_type": "liberated"}, "geometry": {"type": "Polygon", "coordinates": [[[32.145013, 46.939465], [32.166726, 46.944245], [32.157444, 46.996877], [32.188694, 47.035458], [32.228456, 47.029637], [32.366269, 47.044463], [32.3661, 47.056441], [32.197495, 47.045812], [32.194321, 47.060306], [32.165478, 47.048876], [32.167923, 47.041657], [32.140203, 47.023822], [32.114839, 47.042453], [32.03794, 47.049695], [32.149692, 47.20993], [32.116441, 47.351815], [32.121476, 47.360014], [32.221287, 47.373768], [32.243054, 47.315028], [32.237441, 47.2824], [32.253794, 47.241387], [32.273914, 47.254586], [32.27208, 47.345122], [32.294535, 47.366938], [32.298212, 47.39445], [32.261787, 47.399996], [32.207108, 47.395446], [32.188722, 47.389092], [32.116101, 47.382719], [32.118663, 47.392031], [32.119521, 47.400407], [32.088768, 47.466635], [32.080601, 47.497048], [32.084293, 47.50747], [32.100216, 47.51013], [32.105154, 47.515804], [32.103622, 47.528067], [32.097142, 47.536457], [32.099052, 47.549692], [32.103098, 47.565114], [32.104059, 47.579376], [32.104203, 47.619331], [32.024095, 47.613827], [31.925858, 47.605115], [31.919896, 47.632598], [31.874671, 47.628645], [31.8725443, 47.64662], [31.8650945, 47.6495629], [31.8426173, 47.645917], [31.8309388, 47.6406799], [31.8294801, 47.6326254], [31.8217137, 47.621888], [31.8211031, 47.6098299], [31.8151713, 47.6100381], [31.8074273, 47.6176287], [31.774178, 47.6758217], [31.758883, 47.674128], [31.621592, 47.652366], [31.560313, 47.638965], [31.51659, 47.624514], [31.476323, 47.610277], [31.426488, 47.591913], [31.372569, 47.573758], [31.342391, 47.559711], [31.33769, 47.557783], [31.340284, 47.552843], [31.342685, 47.552108], [31.343757, 47.550322], [31.35395, 47.554481], [31.388328, 47.567099], [31.522805, 47.610284], [31.569267, 47.628113], [31.625376, 47.644993], [31.765131, 47.663479], [31.776563, 47.6478874], [31.787098, 47.6268919], [31.8058607, 47.6047376], [31.819868, 47.6032577], [31.8258032, 47.6024766], [31.8274371, 47.608875], [31.8451789, 47.6396866], [31.8605278, 47.6415759], [31.866501, 47.622445], [31.909252, 47.626381], [31.919372, 47.598971], [32.079379, 47.609992], [32.087818, 47.590688], [32.073587, 47.564426], [32.075736, 47.549464], [32.073081, 47.529407], [32.066572, 47.520542], [32.063843, 47.500316], [32.071191, 47.465782], [32.082672, 47.44212], [32.0399189, 47.4430639], [32.0404997, 47.427131], [32.080361, 47.430007], [32.09256, 47.412862], [32.033014, 47.399664], [32.032844, 47.37791], [32.094155, 47.360016], [32.136122, 47.212932], [32.01088, 47.050926], [32.01854, 47.033169], [32.045836, 47.03751], [32.109007, 47.026278], [32.145013, 46.939465]]]}}, {"type": "Feature", "properties": {"name": "Liberated 16.03-17.03", "date": "2025-01-31", "layer_type": "liberated"}, "geometry": {"type": "Polygon", "coordinates": [[[32.01088, 47.050926], [31.972127, 47.048698], [31.908151, 47.157574], [31.880425, 47.215058], [31.865455, 47.220363], [31.849902, 47.226776], [31.821184, 47.249171], [31.811307, 47.267834], [31.827383, 47.290026], [31.814757, 47.321743], [31.802271, 47.330862], [31.791377, 47.334233], [31.771497, 47.34129], [31.76067, 47.345073], [31.76337, 47.34727], [31.764525, 47.350629], [31.762888, 47.35223], [31.756508, 47.353632], [31.755004, 47.357514], [31.756075, 47.359536], [31.758562, 47.361138], [31.758041, 47.364575], [31.755797, 47.36517], [31.752092, 47.365474], [31.749296, 47.360219], [31.749443, 47.354684], [31.74823, 47.351044], [31.726159, 47.357579], [31.69506, 47.355225], [31.664545, 47.360332], [31.642608, 47.366364], [31.61576, 47.389557], [31.582565, 47.419186], [31.566891, 47.427939], [31.538153, 47.463163], [31.516038, 47.471603], [31.502158, 47.473077], [31.477963, 47.47385], [31.455901, 47.489546], [31.441768, 47.504583], [31.425769, 47.522536], [31.413988, 47.533597], [31.410243, 47.540055], [31.398237, 47.543781], [31.387856, 47.543152], [31.381595, 47.544434], [31.370787, 47.545728], [31.360438, 47.549656], [31.35395, 47.554481], [31.343757, 47.550322], [31.342849, 47.546982], [31.352563, 47.54374], [31.365916, 47.54104], [31.374998, 47.537264], [31.377609, 47.537247], [31.38209, 47.536069], [31.38537, 47.534718], [31.389242, 47.532286], [31.401698, 47.531593], [31.405969, 47.53006], [31.410582, 47.52644], [31.414906, 47.520537], [31.417683, 47.512838], [31.417229, 47.5088], [31.436337, 47.482673], [31.471083, 47.461956], [31.505806, 47.459332], [31.524046, 47.454379], [31.533883, 47.439366], [31.546114, 47.42435], [31.584969, 47.400813], [31.606288, 47.377267], [31.632394, 47.356506], [31.692452, 47.347893], [31.702808, 47.3424], [31.693567, 47.332995], [31.686387, 47.332197], [31.686764, 47.330126], [31.689442, 47.325659], [31.693527, 47.323658], [31.702135, 47.321901], [31.705335, 47.318572], [31.712535, 47.320979], [31.719827, 47.320902], [31.722272, 47.325808], [31.738773, 47.32768], [31.751587, 47.341012], [31.752687, 47.340885], [31.796009, 47.325807], [31.808015, 47.31821], [31.817747, 47.290031], [31.80216, 47.267035], [31.809426, 47.247291], [31.819572, 47.232996], [31.83648, 47.218507], [31.836852, 47.196686], [31.875651, 47.152465], [31.818315, 47.115095], [31.848528, 47.079569], [31.915134, 47.086816], [31.913972, 47.077755], [31.905945, 47.068694], [31.874799, 47.05197], [31.871967, 47.045193], [31.895975, 47.045021], [31.917928, 47.056074], [31.946034, 47.043084], [31.97762, 47.0253], [32.01854, 47.033169], [32.01088, 47.050926]]]}}, {"type": "Feature", "properties": {"name": "Liberated", "date": "2025-01-31", "layer_type": "liberated"}, "geometry": {"type": "Polygon", "coordinates": [[[32.243533, 46.78606], [32.244907, 46.770425], [32.304247, 46.777343], [32.363956, 46.83223], [32.37102, 46.844776], [32.361407, 46.856516], [32.356744, 46.866851], [32.35573, 46.876594], [32.382766, 46.876949], [32.404311, 46.883165], [32.399332, 46.896304], [32.397005, 46.929504], [32.42264, 46.959012], [32.387939, 46.96351], [32.379035, 46.987997], [32.37488, 46.995417], [32.166726, 46.944245], [32.145013, 46.939465], [32.11732, 46.933224], [32.11629, 46.935451], [32.104274, 46.947171], [32.09552, 46.94928], [32.086078, 46.949163], [32.07801, 46.946351], [32.06874, 46.940374], [32.061874, 46.933927], [32.058269, 46.928769], [32.067195, 46.920211], [32.082263, 46.911155], [32.092047, 46.880187], [32.055827, 46.865401], [32.070247, 46.860942], [32.086039, 46.862584], [32.112486, 46.830765], [32.147143, 46.811622], [32.153909, 46.80802], [32.186447, 46.796953], [32.243533, 46.78606]]]}}, {"type": "Feature", "properties": {"name": "Liberated", "date": "2025-01-31", "layer_type": "liberated"}, "geometry": {"type": "Polygon", "coordinates": [[[32.3733792, 46.5454133], [32.3742162, 46.5437424], [32.3805676, 46.5431521], [32.3831425, 46.539905], [32.3845158, 46.5376025], [32.3874341, 46.5364217], [32.3901807, 46.5378977], [32.3958455, 46.5414991], [32.3994504, 46.542975], [32.4027119, 46.5458676], [32.4046002, 46.5495275], [32.4031625, 46.5527328], [32.3946009, 46.5478483], [32.3899981, 46.5463948], [32.3849664, 46.5453542], [32.3802028, 46.5452953], [32.3733792, 46.5454133]]]}}, {"type": "Feature", "properties": {"name": "Liberated 25.03", "date": "2025-01-31", "layer_type": "liberated"}, "geometry": {"type": "Polygon", "coordinates": [[[34.922718, 50.3503034], [34.908593, 50.33738], [34.905832, 50.333297], [34.90192, 50.33131], [34.897279, 50.327817], [34.894164, 50.321404], [34.893729, 50.309548], [34.88862, 50.309595], [34.884219, 50.307655], [34.877524, 50.309489], [34.877232, 50.309127], [34.884326, 50.306869], [34.889035, 50.30903], [34.89442, 50.309074], [34.895804, 50.321117], [34.898424, 50.327185], [34.90214, 50.330184], [34.907058, 50.332964], [34.910414, 50.336578], [34.92407, 50.342818], [34.941415, 50.343355], [34.949471, 50.351773], [34.9286053, 50.3516641], [34.922718, 50.3503034]]]}}, {"type": "Feature", "properties": {"name": "Liberated 23.03", "date": "2025-01-31", "layer_type": "liberated"}, "geometry": {"type": "Polygon", "coordinates": [[[32.366269, 47.044463], [32.370362, 47.020543], [32.376027, 47.002518], [32.37488, 46.995417], [32.379035, 46.987997], [32.387939, 46.96351], [32.42264, 46.959012], [32.476656, 46.985068], [32.487384, 46.998417], [32.50721, 47.006063], [32.515198, 47.020965], [32.51994, 47.044387], [32.466737, 47.033028], [32.458568, 47.03806], [32.454145, 47.050112], [32.451113, 47.067364], [32.46127, 47.074822], [32.460273, 47.083916], [32.463426, 47.091496], [32.463834, 47.10001], [32.444864, 47.105058], [32.437092, 47.152896], [32.460398, 47.157292], [32.4634, 47.170318], [32.466191, 47.174322], [32.462629, 47.17856], [32.450162, 47.180444], [32.444186, 47.179168], [32.439139, 47.176896], [32.434556, 47.17506], [32.429287, 47.172289], [32.422711, 47.170515], [32.415991, 47.169393], [32.400786, 47.171283], [32.406094, 47.210731], [32.38341, 47.212074], [32.36289, 47.203128], [32.362628, 47.189749], [32.360768, 47.189285], [32.359324, 47.188003], [32.357229, 47.186487], [32.348354, 47.17377], [32.350734, 47.163214], [32.352426, 47.152074], [32.359743, 47.104032], [32.36607, 47.067269], [32.3661, 47.056441], [32.366269, 47.044463]]]}}, {"type": "Feature", "properties": {"name": "Liberated 27-31.03", "date": "2025-01-31", "layer_type": "liberated"}, "geometry": {"type": "Polygon", "coordinates": [[[31.334191, 50.504248], [31.339066, 50.509133], [31.354552, 50.515286], [31.370881, 50.519561], [31.384411, 50.531518], [31.389737, 50.526745], [31.399096, 50.524891], [31.402202, 50.524048], [31.405652, 50.522715], [31.407488, 50.520839], [31.408057, 50.51985], [31.409501, 50.518728], [31.412154, 50.517867], [31.41378, 50.517736], [31.414678, 50.51897], [31.415465, 50.519591], [31.416203, 50.520583], [31.417129, 50.52138], [31.423634, 50.519557], [31.428792, 50.517643], [31.431027, 50.516332], [31.431116, 50.515293], [31.430866, 50.512588], [31.432199, 50.510034], [31.439712, 50.507044], [31.444309, 50.50679], [31.448324, 50.506881], [31.462722, 50.499516], [31.470871, 50.497565], [31.476789, 50.506533], [31.45326, 50.512349], [31.449152, 50.516106], [31.446107, 50.516914], [31.442352, 50.517263], [31.439273, 50.517001], [31.437304, 50.516869], [31.435664, 50.516607], [31.426469, 50.520384], [31.424732, 50.521824], [31.424624, 50.523264], [31.424656, 50.52502], [31.422955, 50.526062], [31.420302, 50.526311], [31.417173, 50.525452], [31.414321, 50.52546], [31.41238, 50.525572], [31.411237, 50.524974], [31.411525, 50.524047], [31.411368, 50.523392], [31.410088, 50.523338], [31.408761, 50.523311], [31.400845, 50.526025], [31.392209, 50.527901], [31.386619, 50.53245], [31.447973, 50.548005], [31.469163, 50.55388], [31.482459, 50.55659], [31.486017, 50.55429], [31.494335, 50.550944], [31.501006, 50.550312], [31.514823, 50.552806], [31.528179, 50.553231], [31.534889, 50.554444], [31.540417, 50.555341], [31.549819, 50.56339], [31.5631519, 50.5745732], [31.630594, 50.5797258], [31.663029, 50.585729], [31.656163, 50.591832], [31.65479, 50.59837], [31.6238422, 50.5924901], [31.5781397, 50.5926867], [31.5239626, 50.587597], [31.452619, 50.735032], [31.530425, 50.738399], [31.663379, 50.607387], [31.67396, 50.610871], [31.693242, 50.618851], [31.567076, 50.774225], [31.430661, 50.768335], [31.403564, 50.82429], [31.349546, 50.870584], [31.287201, 50.877849], [31.249183, 50.868272], [31.242443, 50.852991], [31.327693, 50.843766], [31.353943, 50.801893], [31.352169, 50.757923], [31.144481, 50.716284], [31.189002, 50.67338], [31.227286, 50.681805], [31.391023, 50.726432], [31.451538, 50.6532], [31.492015, 50.586603], [31.487676, 50.582652], [31.486895, 50.577802], [31.485676, 50.574316], [31.48324, 50.575959], [31.468769, 50.586872], [31.454857, 50.595526], [31.434943, 50.59796], [31.407292, 50.599738], [31.398148, 50.599557], [31.390721, 50.607439], [31.38977, 50.611], [31.391751, 50.624898], [31.343284, 50.637354], [31.33738, 50.642401], [31.328997, 50.649444], [31.318404, 50.655255], [31.306138, 50.659473], [31.29602, 50.659635], [31.289388, 50.645601], [31.263074, 50.623545], [31.273865, 50.613222], [31.266857, 50.606562], [31.26489, 50.59569], [31.276437, 50.595374], [31.280433, 50.602904], [31.287657, 50.609161], [31.302473, 50.62487], [31.329915, 50.630066], [31.354517, 50.625511], [31.375681, 50.618338], [31.368216, 50.603572], [31.367681, 50.597593], [31.368176, 50.592812], [31.370195, 50.588917], [31.378826, 50.586557], [31.386318, 50.588699], [31.394013, 50.590206], [31.399921, 50.592375], [31.41163, 50.593241], [31.426754, 50.593564], [31.440675, 50.589855], [31.479144, 50.567964], [31.474003, 50.567004], [31.335569, 50.519595], [31.3238579, 50.5141853], [31.3210977, 50.5267056], [31.2893305, 50.535074], [31.2829573, 50.5112132], [31.262654, 50.512491], [31.253162, 50.516331], [31.247643, 50.516231], [31.241095, 50.514603], [31.236881, 50.506776], [31.229368, 50.499696], [31.214648, 50.499821], [31.207494, 50.489162], [31.213668, 50.484301], [31.236294, 50.483591], [31.262181, 50.484404], [31.276052, 50.489526], [31.301253, 50.493112], [31.33084, 50.496796], [31.353442, 50.499019], [31.362869, 50.495289], [31.370407, 50.491887], [31.37072, 50.489231], [31.366883, 50.487414], [31.36127, 50.484874], [31.356223, 50.483289], [31.35231, 50.480337], [31.3462, 50.476618], [31.341536, 50.472676], [31.338046, 50.469382], [31.338618, 50.466071], [31.342018, 50.462243], [31.347323, 50.461694], [31.352199, 50.46273], [31.357844, 50.464663], [31.360743, 50.465831], [31.365101, 50.46607], [31.366937, 50.463949], [31.369485, 50.461195], [31.373064, 50.461008], [31.374169, 50.46268], [31.375151, 50.465401], [31.375532, 50.467685], [31.374906, 50.469845], [31.373906, 50.471526], [31.372033, 50.473678], [31.370581, 50.4753], [31.368998, 50.478023], [31.370566, 50.481214], [31.377187, 50.485758], [31.381933, 50.483263], [31.389252, 50.480657], [31.402163, 50.477972], [31.406388, 50.487633], [31.40306, 50.499423], [31.380541, 50.498436], [31.365904, 50.505457], [31.353223, 50.505016], [31.334191, 50.504248]]]}}, {"type": "Feature", "properties": {"name": "Liberated 26.03", "date": "2025-01-31", "layer_type": "liberated"}, "geometry": {"type": "Polygon", "coordinates": [[[34.975854, 50.498777], [34.977914, 50.515972], [34.971391, 50.529287], [34.966241, 50.53998], [34.978944, 50.560486], [34.977228, 50.58011], [34.973794, 50.599291], [34.993101, 50.598887], [35.010257, 50.600403], [35.0106, 50.611298], [34.998412, 50.616417], [34.992833, 50.623606], [34.991975, 50.628615], [34.990602, 50.637271], [34.988456, 50.641136], [34.981418, 50.643313], [34.964595, 50.640483], [34.954982, 50.632861], [34.945195, 50.620828], [34.930263, 50.614674], [34.935928, 50.603127], [34.960475, 50.599096], [34.961162, 50.568141], [34.951892, 50.548947], [34.948459, 50.538038], [34.955325, 50.524508], [34.961848, 50.510318], [34.965765, 50.498264], [34.971893, 50.501611], [34.975854, 50.498777]]]}}, {"type": "Feature", "properties": {"name": "Liberated 27-29.03", "date": "2025-01-31", "layer_type": "liberated"}, "geometry": {"type": "Polygon", "coordinates": [[[36.805489, 49.362899], [36.796023, 49.364862], [36.783468, 49.359892], [36.805079, 49.348841], [36.802076, 49.316627], [36.802291, 49.275938], [36.810894, 49.269411], [36.829311, 49.255092], [36.84456, 49.245908], [36.851222, 49.243224], [36.861665, 49.241565], [36.872279, 49.239401], [36.879898, 49.2376], [36.881595, 49.23591], [36.885332, 49.231522], [36.885807, 49.230357], [36.886282, 49.226277], [36.893328, 49.216628], [36.898834, 49.209101], [36.905034, 49.198533], [36.904387, 49.191308], [36.89168, 49.181303], [36.882065, 49.183639], [36.862492, 49.188757], [36.864298, 49.181547], [36.873142, 49.17703], [36.872628, 49.171167], [36.881125, 49.164645], [36.88726, 49.158016], [36.897988, 49.155562], [36.908521, 49.161989], [36.915171, 49.170356], [36.920499, 49.187448], [36.92138, 49.189485], [36.923548, 49.191354], [36.923965, 49.194628], [36.926699, 49.196107], [36.92682, 49.197773], [36.92571, 49.20135], [36.916901, 49.206484], [36.909149, 49.206919], [36.90201, 49.215772], [36.895521, 49.22401], [36.889015, 49.236761], [36.886627, 49.239984], [36.857286, 49.245946], [36.836741, 49.25724], [36.807866, 49.278932], [36.810817, 49.289226], [36.812739, 49.298959], [36.812944, 49.308356], [36.810746, 49.317418], [36.812717, 49.337336], [36.81422, 49.349921], [36.831248, 49.347979], [36.835572, 49.350678], [36.838042, 49.352944], [36.83948, 49.354796], [36.870396, 49.374983], [36.889473, 49.380918], [36.838362, 49.405167], [36.828982, 49.407258], [36.825656, 49.407425], [36.824869, 49.390405], [36.820966, 49.381312], [36.81393, 49.365301], [36.805489, 49.362899]]]}}, {"type": "Feature", "properties": {"name": "Liberated 30.03", "date": "2025-01-31", "layer_type": "liberated"}, "geometry": {"type": "Polygon", "coordinates": [[[33.095122, 47.561679], [33.087531, 47.552797], [33.112937, 47.556388], [33.143493, 47.547467], [33.144351, 47.534488], [33.157741, 47.531359], [33.17834, 47.520926], [33.190668, 47.520993], [33.19142, 47.517732], [33.194971, 47.517956], [33.200066, 47.503586], [33.201139, 47.487886], [33.204358, 47.487073], [33.211453, 47.444104], [33.222211, 47.444774], [33.236115, 47.446167], [33.236416, 47.453393], [33.261561, 47.458908], [33.281171, 47.452724], [33.307486, 47.456204], [33.308114, 47.465574], [33.320188, 47.471752], [33.322649, 47.472832], [33.328801, 47.471969], [33.332442, 47.469952], [33.334301, 47.467732], [33.334921, 47.465553], [33.347615, 47.467067], [33.348045, 47.468052], [33.347406, 47.469102], [33.346509, 47.470181], [33.345166, 47.470715], [33.343093, 47.470842], [33.341782, 47.47176], [33.341238, 47.473313], [33.341016, 47.474894], [33.340703, 47.475689], [33.34019, 47.476182], [33.340707, 47.476674], [33.338231, 47.478566], [33.336913, 47.479298], [33.336808, 47.480381], [33.335951, 47.480886], [33.334407, 47.481159], [33.331546, 47.481435], [33.32681, 47.489163], [33.314922, 47.489379], [33.3096148, 47.5017311], [33.296556, 47.5037316], [33.2790208, 47.5171819], [33.2797675, 47.5214987], [33.2877247, 47.5269745], [33.2876287, 47.5386564], [33.2861432, 47.5436852], [33.2741005, 47.5462803], [33.2596529, 47.5400149], [33.2395753, 47.5305102], [33.2188257, 47.5315533], [33.198806, 47.528482], [33.195501, 47.530481], [33.181747, 47.528743], [33.168078, 47.534683], [33.165847, 47.540593], [33.155719, 47.543606], [33.152457, 47.55415], [33.135806, 47.559131], [33.111087, 47.563417], [33.095122, 47.561679]]]}}, {"type": "Feature", "properties": {"name": "Liberated", "date": "2025-01-31", "layer_type": "liberated"}, "geometry": {"type": "Polygon", "coordinates": [[[34.988456, 50.641136], [35.004306, 50.659903], [35.003877, 50.680629], [35.00731, 50.695528], [34.994312, 50.72041], [35.007949, 50.720851], [35.015922, 50.723356], [35.017609, 50.730262], [35.018688, 50.732154], [35.016292, 50.736408], [35.014095, 50.736496], [35.011297, 50.739029], [35.006946, 50.739775], [35.001368, 50.74036], [34.996562, 50.73975], [34.99476, 50.737978], [34.991413, 50.737672], [34.984032, 50.739017], [34.978923, 50.755392], [34.96673, 50.761751], [35.015266, 50.762407], [35.018333, 50.75836], [35.015375, 50.75589], [35.015225, 50.751403], [35.015633, 50.748029], [35.019087, 50.746516], [35.020622, 50.748677], [35.019074, 50.751336], [35.019501, 50.75508], [35.020723, 50.756328], [35.023833, 50.755403], [35.026332, 50.75547], [35.029862, 50.756895], [35.034775, 50.754857], [35.058721, 50.745676], [35.065153, 50.739043], [35.073381, 50.738321], [35.078633, 50.736823], [35.088133, 50.737146], [35.088793, 50.738989], [35.088595, 50.740995], [35.078372, 50.744357], [35.070297, 50.744693], [35.064327, 50.74983], [35.040012, 50.758887], [35.037922, 50.766694], [35.036527, 50.774486], [35.032385, 50.781518], [35.013604, 50.779811], [35.013363, 50.776149], [35.015733, 50.771576], [35.011236, 50.767871], [34.962538, 50.767695], [34.957099, 50.769683], [34.944568, 50.781298], [34.941478, 50.791499], [34.950061, 50.812764], [34.950578, 50.824946], [34.931695, 50.825596], [34.931352, 50.811498], [34.927232, 50.791318], [34.928605, 50.778512], [34.943368, 50.762878], [34.966714, 50.748544], [34.975297, 50.727685], [34.991262, 50.6937], [34.987829, 50.683478], [34.988172, 50.664331], [34.964595, 50.640483], [34.981418, 50.643313], [34.988456, 50.641136]]]}}, {"type": "Feature", "properties": {"name": "Liberated", "date": "2025-01-31", "layer_type": "liberated"}, "geometry": {"type": "Polygon", "coordinates": [[[32.106856, 46.690468], [32.126854, 46.699876], [32.146252, 46.706302], [32.170699, 46.746051], [32.217517, 46.749644], [32.244907, 46.770425], [32.243533, 46.78606], [32.186447, 46.796953], [32.153909, 46.80802], [32.109603, 46.789639], [31.964378, 46.772476], [31.942062, 46.744487], [31.974677, 46.710599], [31.966781, 46.682342], [31.97811, 46.656898], [32.00077, 46.640224], [32.015578, 46.628288], [32.025428, 46.623822], [32.03356, 46.622421], [32.048889, 46.615997], [32.057711, 46.61386], [32.060233, 46.637724], [32.087304, 46.637685], [32.088145, 46.643406], [32.088882, 46.654511], [32.09306, 46.673078], [32.106856, 46.690468]]]}}, {"type": "Feature", "properties": {"name": "Liberated", "date": "2025-01-31", "layer_type": "liberated"}, "geometry": {"type": "Polygon", "coordinates": [[[33.222211, 47.444774], [33.211453, 47.444104], [33.212796, 47.435009], [33.218544, 47.411725], [33.198015, 47.373019], [33.191969, 47.357035], [33.175629, 47.34919], [33.173509, 47.34339], [33.184778, 47.340149], [33.199562, 47.339139], [33.206614, 47.343229], [33.214182, 47.345457], [33.220654, 47.351858], [33.223351, 47.365702], [33.244122, 47.411957], [33.236115, 47.446167], [33.222211, 47.444774]]]}}, {"type": "Feature", "properties": {"name": "Liberated", "date": "2025-01-31", "layer_type": "liberated"}, "geometry": {"type": "Polygon", "coordinates": [[[35.177618, 50.332035], [35.229041, 50.329555], [35.25788, 50.335692], [35.279166, 50.331747], [35.323111, 50.339636], [35.356757, 50.349714], [35.397956, 50.3484], [35.47486, 50.3992], [35.503012, 50.411453], [35.511764, 50.421086], [35.548245, 50.421963], [35.566312, 50.420975], [35.58335, 50.425235], [35.58335, 50.429964], [35.587212, 50.431071], [35.586697, 50.437045], [35.559141, 50.426854], [35.546266, 50.429128], [35.507818, 50.427103], [35.501468, 50.433714], [35.492026, 50.437701], [35.4691953, 50.4521305], [35.4632072, 50.4602301], [35.4599074, 50.4731808], [35.4593533, 50.4841649], [35.4647697, 50.5024196], [35.4572467, 50.5114277], [35.4456278, 50.5071691], [35.4508916, 50.491873], [35.4526408, 50.4742711], [35.4581638, 50.4562321], [35.432542, 50.44481], [35.41701, 50.436826], [35.409592, 50.438274], [35.398568, 50.445844], [35.378572, 50.466663], [35.352809, 50.488405], [35.396582, 50.558688], [35.369399, 50.606986], [35.33232, 50.643576], [35.313781, 50.667083], [35.319274, 50.697538], [35.295336, 50.710379], [35.364173, 50.702878], [35.378249, 50.695593], [35.386488, 50.685805], [35.402453, 50.678844], [35.408461, 50.683195], [35.410178, 50.693527], [35.409148, 50.70016], [35.418246, 50.701464], [35.425284, 50.694723], [35.430434, 50.689612], [35.442622, 50.687002], [35.459788, 50.688742], [35.460131, 50.692113], [35.460646, 50.701899], [35.456526, 50.704182], [35.456011, 50.710161], [35.446055, 50.706356], [35.443308, 50.69668], [35.435584, 50.696463], [35.432322, 50.703095], [35.425456, 50.708639], [35.356963, 50.713857], [35.290358, 50.727877], [35.278342, 50.727877], [35.267527, 50.724834], [35.264437, 50.73483], [35.272849, 50.752319], [35.273384, 50.760744], [35.288662, 50.761939], [35.296043, 50.76639], [35.289005, 50.772904], [35.279392, 50.778983], [35.266689, 50.782022], [35.269093, 50.790162], [35.290207, 50.790379], [35.311541, 50.793233], [35.330595, 50.793342], [35.35068, 50.793233], [35.364412, 50.793884], [35.387243, 50.79421], [35.401663, 50.795512], [35.407499, 50.798767], [35.393938, 50.802673], [35.389303, 50.811025], [35.411791, 50.811893], [35.414022, 50.818618], [35.387415, 50.817858], [35.351023, 50.824582], [35.323557, 50.844097], [35.30664, 50.840782], [35.292048, 50.835253], [35.28604, 50.834928], [35.28398, 50.842408], [35.279517, 50.851404], [35.28192, 50.858339], [35.289474, 50.862132], [35.290847, 50.868632], [35.283809, 50.870149], [35.276256, 50.867657], [35.269389, 50.867549], [35.266986, 50.870257], [35.274711, 50.873724], [35.287414, 50.874049], [35.30046, 50.878382], [35.318313, 50.876974], [35.327582, 50.876107], [35.345607, 50.883797], [35.354362, 50.887371], [35.362773, 50.890186], [35.366034, 50.893543], [35.362601, 50.900039], [35.35213, 50.90621], [35.33838, 50.917613], [35.323273, 50.913717], [35.33014, 50.900944], [35.337006, 50.891633], [35.32087, 50.885352], [35.301987, 50.887518], [35.289284, 50.886868], [35.271775, 50.886868], [35.252892, 50.885352], [35.231606, 50.885136], [35.222336, 50.884702], [35.196931, 50.905924], [35.178391, 50.919128], [35.155732, 50.913934], [35.148522, 50.899645], [35.147492, 50.884919], [35.141999, 50.868022], [35.125176, 50.854369], [35.09874, 50.848734], [35.084321, 50.838544], [35.04567, 50.842376], [35.020607, 50.838474], [34.994858, 50.839991], [34.969796, 50.832619], [34.9547847, 50.8522344], [34.9493769, 50.8759669], [34.9179537, 50.8647006], [34.93203, 50.836522], [34.8815657, 50.8224928], [34.858902, 50.8036332], [34.8280178, 50.7891068], [34.7937109, 50.786291], [34.7662697, 50.7904124], [34.7595157, 50.7826049], [34.7870698, 50.7753693], [34.8509725, 50.7860707], [34.8746993, 50.795319], [34.8901977, 50.813244], [34.931695, 50.825596], [34.950578, 50.824946], [34.962929, 50.823511], [34.981812, 50.824596], [35.001038, 50.824162], [35.020264, 50.823077], [35.04361, 50.823511], [35.078972, 50.823511], [35.089615, 50.813534], [35.117081, 50.804422], [35.147471, 50.795341], [35.145669, 50.769726], [35.14858, 50.749533], [35.155455, 50.733185], [35.154083, 50.725499], [35.154081, 50.7172], [35.145999, 50.709383], [35.131053, 50.708304], [35.127424, 50.707667], [35.122252, 50.705998], [35.12017, 50.70248], [35.119096, 50.698219], [35.118793, 50.691838], [35.087959, 50.63039], [35.090951, 50.618871], [35.10472, 50.617903], [35.117631, 50.621835], [35.194385, 50.645332], [35.205256, 50.642196], [35.224932, 50.636791], [35.222395, 50.616838], [35.218961, 50.60747], [35.217588, 50.591344], [35.186689, 50.559076], [35.160828, 50.54598], [35.118943, 50.542052], [35.09903, 50.547288], [35.036546, 50.530705], [35.01526, 50.515863], [34.980999, 50.494999], [34.992919, 50.480133], [35.012513, 50.478736], [35.025559, 50.471744], [35.045472, 50.472618], [35.054398, 50.482668], [35.080491, 50.477862], [35.11139, 50.473492], [35.131989, 50.467811], [35.151216, 50.459943], [35.171815, 50.450762], [35.193101, 50.442892], [35.197136, 50.436168], [35.206662, 50.429444], [35.189839, 50.416702], [35.175976, 50.406583], [35.161773, 50.399143], [35.14924, 50.398185], [35.137824, 50.396023], [35.141215, 50.38906], [35.135272, 50.386946], [35.134993, 50.383519], [35.145207, 50.380538], [35.142419, 50.373474], [35.143567, 50.370094], [35.141626, 50.366056], [35.14375, 50.362908], [35.146003, 50.36039], [35.151174, 50.359514], [35.157567, 50.354423], [35.158022, 50.350785], [35.159476, 50.342432], [35.163185, 50.342585], [35.166766, 50.342884], [35.166358, 50.346381], [35.165478, 50.349502], [35.164727, 50.354733], [35.163992, 50.358268], [35.160983, 50.359778], [35.157072, 50.362765], [35.157024, 50.363617], [35.159749, 50.364945], [35.159438, 50.367278], [35.158354, 50.368626], [35.156916, 50.369981], [35.152196, 50.371022], [35.157861, 50.380054], [35.176014, 50.39234], [35.20554, 50.409847], [35.23455, 50.431393], [35.244335, 50.442436], [35.282787, 50.4514], [35.321754, 50.474785], [35.334286, 50.484944], [35.3451, 50.475877], [35.357632, 50.465607], [35.372394, 50.453586], [35.384754, 50.440906], [35.374111, 50.431722], [35.367931, 50.424066], [35.377888, 50.419473], [35.387844, 50.417504], [35.387844, 50.410722], [35.386471, 50.39803], [35.388874, 50.387086], [35.39162, 50.373951], [35.390934, 50.364753], [35.355572, 50.36541], [35.325359, 50.363877], [35.314373, 50.35643], [35.288624, 50.347668], [35.267338, 50.348982], [35.235065, 50.345258], [35.20554, 50.341971], [35.176132, 50.343452], [35.177618, 50.332035]]]}}, {"type": "Feature", "properties": {"name": "Liberated 05.04", "date": "2025-01-31", "layer_type": "liberated"}, "geometry": {"type": "Polygon", "coordinates": [[[33.689715, 47.449877], [33.653754, 47.448164], [33.636586, 47.469839], [33.627534, 47.479269], [33.568177, 47.562244], [33.494451, 47.5539], [33.483643, 47.544071], [33.464601, 47.528797], [33.43765, 47.52045], [33.455151, 47.487067], [33.507049, 47.49732], [33.514112, 47.505863], [33.540055, 47.507651], [33.56016, 47.502708], [33.578794, 47.501303], [33.587617, 47.494026], [33.59339, 47.48179], [33.601112, 47.463632], [33.614615, 47.449758], [33.63402, 47.439203], [33.72123, 47.430833], [33.705079, 47.45127], [33.689715, 47.449877]]]}}, {"type": "Feature", "properties": {"name": "Liberated", "date": "2025-01-31", "layer_type": "liberated"}, "geometry": {"type": "Polygon", "coordinates": [[[36.484436, 49.928808], [36.483978, 49.908944], [36.4844, 49.901187], [36.505764, 49.897078], [36.585126, 49.877394], [36.582815, 49.869879], [36.582221, 49.859985], [36.610551, 49.854709], [36.612632, 49.8546], [36.615228, 49.862128], [36.618598, 49.872531], [36.625487, 49.869878], [36.635679, 49.8619], [36.647058, 49.854741], [36.664996, 49.846162], [36.674052, 49.840157], [36.678785, 49.82901], [36.669962, 49.82826], [36.649805, 49.823077], [36.653834, 49.819353], [36.658892, 49.820945], [36.67107, 49.822801], [36.677573, 49.817652], [36.685087, 49.81976], [36.691879, 49.825304], [36.702028, 49.816898], [36.708596, 49.822237], [36.722418, 49.812088], [36.719158, 49.805966], [36.706455, 49.79904], [36.690662, 49.795383], [36.695467, 49.790285], [36.720186, 49.794718], [36.730731, 49.802253], [36.733772, 49.807461], [36.741449, 49.805356], [36.763328, 49.79096], [36.799988, 49.779663], [36.804152, 49.776928], [36.794928, 49.769093], [36.790982, 49.761819], [36.793986, 49.759758], [36.797506, 49.75814], [36.79875, 49.758065], [36.82648, 49.774257], [36.842433, 49.766528], [36.845997, 49.764384], [36.850183, 49.767082], [36.847502, 49.770002], [36.842536, 49.773068], [36.829002, 49.783506], [36.829284, 49.788385], [36.823428, 49.794233], [36.816953, 49.79733], [36.814767, 49.795207], [36.814856, 49.7935], [36.818988, 49.787531], [36.777873, 49.7982], [36.761132, 49.810678], [36.74757, 49.818764], [36.740518, 49.826308], [36.717294, 49.843858], [36.703172, 49.846454], [36.706169, 49.852754], [36.731254, 49.868762], [36.7369157, 49.8731505], [36.7269596, 49.8792897], [36.709965, 49.881834], [36.706875, 49.877907], [36.70096, 49.8647], [36.690146, 49.848322], [36.681821, 49.847436], [36.671091, 49.850978], [36.652036, 49.859943], [36.641066, 49.865761], [36.634501, 49.869942], [36.629654, 49.872993], [36.624033, 49.87527], [36.616574, 49.877826], [36.612634, 49.881377], [36.612306, 49.887705], [36.607185, 49.888637], [36.608418, 49.894083], [36.612227, 49.898422], [36.617409, 49.90348], [36.617786, 49.908538], [36.602889, 49.90793], [36.599035, 49.907376], [36.590976, 49.901902], [36.585502, 49.895376], [36.579557, 49.889016], [36.573066, 49.888821], [36.567605, 49.890506], [36.56072, 49.892206], [36.554866, 49.890146], [36.544873, 49.893323], [36.519647, 49.90089], [36.501802, 49.912038], [36.501945, 49.929692], [36.484436, 49.928808]]]}}, {"type": "Feature", "properties": {"name": "Liberated", "date": "2025-01-31", "layer_type": "liberated"}, "geometry": {"type": "Polygon", "coordinates": [[[32.464908, 47.074915], [32.46127, 47.074822], [32.451113, 47.067364], [32.454145, 47.050112], [32.458568, 47.03806], [32.466737, 47.033028], [32.51994, 47.044387], [32.564962, 47.052419], [32.638993, 47.065722], [32.673554, 47.06784], [32.718172, 47.068209], [32.761616, 47.082322], [32.779672, 47.098764], [32.718302, 47.101097], [32.684866, 47.097518], [32.683837, 47.104822], [32.662549, 47.101959], [32.659287, 47.099154], [32.66006, 47.096057], [32.653537, 47.09483], [32.464908, 47.074915]]]}}, {"type": "Feature", "properties": {"name": "Liberated 31.03", "date": "2025-01-31", "layer_type": "liberated"}, "geometry": {"type": "Polygon", "coordinates": [[[31.663379, 50.607387], [31.65479, 50.59837], [31.656163, 50.591832], [31.663029, 50.585729], [31.675389, 50.578317], [31.692555, 50.584857], [31.724141, 50.603164], [31.770833, 50.630177], [31.839497, 50.650643], [31.86353, 50.675888], [31.912282, 50.691985], [31.95966, 50.696334], [32.003606, 50.707207], [32.033818, 50.720685], [32.089436, 50.750236], [32.143681, 50.786715], [32.134755, 50.797566], [32.125048, 50.807198], [32.135488, 50.828024], [32.025786, 50.923011], [32.123332, 50.928506], [32.112691, 50.948402], [31.921534, 50.966724], [31.896511, 50.963323], [31.911733, 50.934574], [31.960986, 50.888025], [31.870591, 50.86173], [31.880173, 50.822419], [31.906186, 50.814564], [31.9641676, 50.7943596], [31.979776, 50.8031328], [31.9510848, 50.8273076], [31.969222, 50.8340766], [31.990118, 50.856453], [32.03533, 50.847187], [32.071584, 50.820563], [32.009785, 50.762833], [31.961034, 50.735028], [31.897176, 50.719815], [31.832631, 50.700684], [31.807225, 50.671971], [31.773579, 50.65935], [31.693242, 50.618851], [31.67396, 50.610871], [31.663379, 50.607387]]]}}, {"type": "Feature", "properties": {"name": "Liberated", "date": "2025-01-31", "layer_type": "liberated"}, "geometry": {"type": "Polygon", "coordinates": [[[33.150334, 47.303742], [33.096268, 47.235534], [33.094061, 47.226244], [33.088809, 47.223954], [33.087333, 47.223237], [33.086141, 47.222998], [33.085251, 47.222504], [33.08346, 47.221165], [33.081926, 47.220583], [33.080736, 47.220526], [33.079277, 47.220491], [33.077561, 47.22101], [33.073517, 47.223328], [33.072503, 47.223649], [33.071575, 47.223431], [33.071184, 47.22309], [33.071028, 47.222558], [33.071988, 47.221111], [33.072571, 47.220669], [33.07421, 47.219871], [33.074785, 47.219296], [33.075037, 47.218539], [33.074863, 47.21824], [33.07456, 47.218029], [33.074326, 47.217771], [33.07375, 47.217629], [33.071782, 47.21752], [33.07094, 47.21774], [33.067416, 47.220072], [33.066926, 47.220415], [33.066308, 47.220437], [33.065458, 47.220277], [33.064873, 47.219578], [33.064734, 47.219083], [33.065236, 47.217841], [33.06518, 47.216744], [33.064138, 47.215642], [33.063976, 47.214759], [33.064424, 47.213983], [33.065578, 47.213211], [33.06583, 47.212541], [33.065219, 47.210822], [33.065219, 47.210223], [33.06537, 47.209763], [33.065866, 47.209009], [33.066485, 47.208189], [33.067028, 47.207552], [33.067185, 47.207033], [33.067144, 47.206649], [33.067029, 47.206293], [33.066627, 47.205813], [33.066079, 47.205306], [33.065852, 47.205028], [33.065755, 47.204913], [33.065529, 47.204415], [33.065528, 47.204209], [33.065573, 47.20393], [33.066032, 47.202916], [33.066236, 47.202529], [33.066346, 47.201992], [33.066339, 47.201734], [33.06617, 47.201274], [33.065998, 47.201061], [33.065702, 47.200852], [33.067397, 47.200725], [33.103618, 47.1955], [33.118384, 47.201582], [33.122332, 47.203215], [33.123872, 47.202462], [33.126852, 47.20326], [33.1276, 47.203183], [33.128494, 47.202621], [33.130627, 47.202839], [33.131802, 47.203273], [33.133639, 47.204959], [33.134222, 47.205764], [33.135902, 47.205857], [33.13652, 47.20555], [33.13761, 47.205739], [33.139189, 47.207166], [33.139686, 47.208038], [33.140766, 47.208382], [33.141724, 47.208429], [33.142955, 47.209805], [33.142839, 47.210778], [33.142465, 47.211138], [33.136739, 47.212443], [33.135416, 47.212719], [33.134057, 47.213271], [33.129402, 47.219283], [33.128524, 47.22066], [33.127711, 47.222423], [33.127116, 47.225774], [33.126699, 47.228804], [33.126723, 47.229852], [33.127372, 47.230957], [33.132954, 47.233009], [33.138836, 47.231448], [33.140988, 47.230539], [33.142286, 47.230121], [33.147801, 47.230509], [33.148875, 47.230992], [33.150337, 47.232659], [33.150772, 47.233544], [33.15147, 47.234207], [33.152695, 47.234658], [33.156432, 47.235618], [33.1591, 47.235614], [33.161751, 47.236379], [33.162899, 47.235978], [33.162621, 47.235584], [33.159318, 47.234447], [33.158464, 47.232638], [33.160187, 47.231352], [33.163856, 47.231622], [33.166195, 47.234106], [33.166752, 47.234178], [33.167952, 47.23339], [33.173014, 47.23362], [33.175155, 47.236879], [33.176347, 47.237801], [33.177702, 47.237546], [33.178782, 47.236921], [33.17991, 47.236661], [33.182167, 47.237016], [33.184193, 47.238015], [33.184639, 47.238966], [33.184675, 47.241683], [33.185089, 47.242689], [33.185659, 47.243244], [33.186028, 47.24377], [33.186423, 47.244183], [33.186784, 47.243959], [33.18682, 47.243337], [33.187318, 47.242733], [33.189604, 47.241992], [33.191686, 47.242082], [33.192932, 47.242553], [33.195253, 47.244835], [33.195347, 47.245553], [33.194984, 47.246461], [33.193892, 47.247311], [33.192137, 47.24837], [33.191545, 47.249148], [33.191477, 47.249772], [33.192027, 47.250088], [33.193299, 47.250019], [33.195844, 47.24965], [33.197929, 47.249902], [33.199609, 47.250814], [33.200138, 47.251531], [33.199909, 47.252324], [33.197734, 47.253793], [33.196989, 47.254576], [33.196442, 47.25556], [33.19552, 47.256595], [33.194449, 47.257267], [33.193999, 47.257414], [33.193936, 47.257679], [33.193771, 47.261183], [33.194126, 47.262075], [33.195949, 47.263303], [33.197687, 47.264124], [33.198158, 47.264629], [33.198156, 47.266514], [33.198497, 47.268244], [33.20107, 47.272124], [33.202271, 47.273324], [33.204157, 47.276365], [33.205092, 47.277348], [33.207671, 47.279276], [33.208833, 47.280651], [33.209614, 47.281946], [33.209544, 47.283079], [33.209147, 47.283424], [33.209951, 47.28409], [33.211013, 47.284639], [33.211914, 47.285089], [33.21363, 47.285814], [33.214487, 47.286682], [33.216287, 47.287778], [33.22023, 47.289504], [33.224771, 47.290918], [33.226718, 47.291393], [33.228236, 47.291344], [33.228955, 47.292061], [33.229822, 47.292366], [33.230989, 47.292088], [33.231693, 47.29031], [33.231899, 47.289548], [33.232739, 47.28884], [33.238869, 47.288861], [33.239977, 47.288677], [33.242879, 47.286855], [33.247225, 47.286179], [33.249222, 47.286574], [33.249782, 47.286374], [33.256709, 47.28661], [33.259879, 47.287077], [33.261118, 47.287602], [33.261708, 47.288186], [33.263058, 47.287899], [33.264, 47.287931], [33.26773, 47.290669], [33.268927, 47.291664], [33.26986, 47.292256], [33.271812, 47.293031], [33.273744, 47.29499], [33.274602, 47.295998], [33.275515, 47.297383], [33.275742, 47.299118], [33.275079, 47.300549], [33.274955, 47.301142], [33.275222, 47.303026], [33.275584, 47.304174], [33.275717, 47.305866], [33.274691, 47.30654], [33.274098, 47.30719], [33.270766, 47.307441], [33.269853, 47.307653], [33.267227, 47.307757], [33.262326, 47.305824], [33.258361, 47.305566], [33.255705, 47.30621], [33.250517, 47.306795], [33.246583, 47.307671], [33.244965, 47.308663], [33.241847, 47.30944], [33.238127, 47.311497], [33.236438, 47.312819], [33.235549, 47.314385], [33.235316, 47.315247], [33.234335, 47.316798], [33.233134, 47.320473], [33.233479, 47.321647], [33.234339, 47.32219], [33.237708, 47.323195], [33.240649, 47.324694], [33.242494, 47.325967], [33.245455, 47.328113], [33.246829, 47.330135], [33.24889, 47.332144], [33.250844, 47.333607], [33.252068, 47.334168], [33.253744, 47.334826], [33.25495, 47.334872], [33.256156, 47.334598], [33.256766, 47.334224], [33.26074, 47.330808], [33.262311, 47.329546], [33.264942, 47.328132], [33.266842, 47.327242], [33.279348, 47.322368], [33.285372, 47.321071], [33.286951, 47.321039], [33.289332, 47.322101], [33.290255, 47.322174], [33.291585, 47.321796], [33.293817, 47.321507], [33.29622, 47.321975], [33.297508, 47.322736], [33.298195, 47.323501], [33.299055, 47.323985], [33.299042, 47.325272], [33.297699, 47.326501], [33.296602, 47.327299], [33.297618, 47.327958], [33.299063, 47.328196], [33.299524, 47.328534], [33.300294, 47.328574], [33.301063, 47.329692], [33.300972, 47.330529], [33.301006, 47.331521], [33.299667, 47.333007], [33.298191, 47.333653], [33.296956, 47.334245], [33.295172, 47.335431], [33.290916, 47.33757], [33.289013, 47.338648], [33.287783, 47.339757], [33.286554, 47.342321], [33.286156, 47.343437], [33.285189, 47.344097], [33.284627, 47.345012], [33.284619, 47.345493], [33.285297, 47.346032], [33.288286, 47.347692], [33.290657, 47.348802], [33.291537, 47.349511], [33.292182, 47.351044], [33.292012, 47.352242], [33.291492, 47.352963], [33.289727, 47.353916], [33.289288, 47.354688], [33.290211, 47.357337], [33.292105, 47.360388], [33.290732, 47.36065], [33.282159, 47.361403], [33.248286, 47.347436], [33.220654, 47.351858], [33.214182, 47.345457], [33.206614, 47.343229], [33.199562, 47.339139], [33.184778, 47.340149], [33.150334, 47.303742]]]}}, {"type": "Feature", "properties": {"name": "Liberated", "date": "2025-01-31", "layer_type": "liberated"}, "geometry": {"type": "Polygon", "coordinates": [[[35.479216, 47.526399], [35.51, 47.528718], [35.572193, 47.531951], [35.595024, 47.523373], [35.6101721, 47.5121134], [35.6322479, 47.5166856], [35.6501519, 47.5122452], [35.656037, 47.504789], [35.665363, 47.503572], [35.682358, 47.510877], [35.674118, 47.519805], [35.63773, 47.530937], [35.623995, 47.529429], [35.611633, 47.533714], [35.609795, 47.53917], [35.61248, 47.544158], [35.612764, 47.555055], [35.584357, 47.562702], [35.559809, 47.55529], [35.535423, 47.551104], [35.450983, 47.544442], [35.452173, 47.533685], [35.448483, 47.530904], [35.4224511, 47.5342519], [35.4127978, 47.5340482], [35.4028864, 47.5375522], [35.3973917, 47.5400588], [35.3911243, 47.5400735], [35.3865422, 47.53898], [35.3835052, 47.5369014], [35.3815692, 47.5329139], [35.3840963, 47.5244061], [35.4035681, 47.5268044], [35.4197045, 47.5197047], [35.4203698, 47.5093643], [35.4320211, 47.5070964], [35.4376853, 47.5059948], [35.4523631, 47.5066031], [35.4611598, 47.5021141], [35.4745488, 47.5044651], [35.4769521, 47.5118862], [35.479216, 47.526399]]]}}, {"type": "Feature", "properties": {"name": "Liberated", "date": "2025-01-31", "layer_type": "liberated"}, "geometry": {"type": "Polygon", "coordinates": [[[34.949471, 50.351773], [34.941415, 50.343355], [34.934107, 50.330251], [34.936854, 50.317538], [34.943033, 50.307672], [34.988352, 50.307452], [35.037447, 50.308549], [35.068689, 50.320607], [35.098902, 50.325648], [35.136324, 50.329155], [35.177618, 50.332035], [35.176132, 50.343452], [35.166766, 50.342884], [35.163185, 50.342585], [35.159476, 50.342432], [35.150344, 50.340894], [35.143615, 50.340615], [35.139029, 50.343046], [35.135534, 50.349958], [35.130009, 50.352702], [35.129391, 50.359058], [35.122516, 50.364645], [35.120708, 50.367123], [35.120255, 50.368787], [35.119544, 50.36952], [35.12023, 50.370743], [35.1195, 50.373499], [35.113835, 50.375644], [35.106279, 50.374366], [35.101686, 50.369402], [35.087418, 50.366371], [35.06941, 50.364888], [35.063076, 50.363731], [35.049206, 50.364045], [35.023007, 50.371184], [35.029645, 50.379734], [35.029589, 50.391678], [35.024385, 50.393369], [35.013974, 50.388869], [35.012556, 50.375486], [34.984489, 50.372093], [34.949471, 50.351773]]]}}, {"type": "Feature", "properties": {"name": "Liberated", "date": "2025-01-31", "layer_type": "liberated"}, "geometry": {"type": "Polygon", "coordinates": [[[36.5531092, 47.6710131], [36.5537421, 47.6877855], [36.555749, 47.70034], [36.5738421, 47.7175424], [36.5640644, 47.7295625], [36.555989, 47.732093], [36.540399, 47.735321], [36.5255, 47.723422], [36.51317, 47.701263], [36.512168, 47.687748], [36.494116, 47.69306], [36.48259, 47.696256], [36.473292, 47.69749], [36.412652, 47.694399], [36.402776, 47.69561], [36.395361, 47.696634], [36.389827, 47.695224], [36.387344, 47.692171], [36.382382, 47.689762], [36.375207, 47.688175], [36.34027, 47.683596], [36.327729, 47.687833], [36.319914, 47.68868], [36.310736, 47.687543], [36.308291, 47.684853], [36.311511, 47.681122], [36.314345, 47.678169], [36.318638, 47.674343], [36.329725, 47.672023], [36.345618, 47.67317], [36.375688, 47.676151], [36.380204, 47.667543], [36.379451, 47.6605], [36.374855, 47.659133], [36.373558, 47.6564], [36.3721615, 47.6535919], [36.3738099, 47.6516049], [36.3746859, 47.6484036], [36.3776487, 47.6475815], [36.381899, 47.650402], [36.389356, 47.650495], [36.400261, 47.653332], [36.402282, 47.655905], [36.4633978, 47.659759], [36.479327, 47.662613], [36.503716, 47.670158], [36.521186, 47.668959], [36.538214, 47.668917], [36.5531092, 47.6710131]]]}}, {"type": "Feature", "properties": {"name": "Liberated", "date": "2025-01-31", "layer_type": "liberated"}, "geometry": {"type": "Polygon", "coordinates": [[[33.047641, 47.170275], [33.069525, 47.175645], [33.091243, 47.18206], [33.134771, 47.196804], [33.131602, 47.201016], [33.130627, 47.202839], [33.128494, 47.202621], [33.1276, 47.203183], [33.126852, 47.20326], [33.123872, 47.202462], [33.122332, 47.203215], [33.118384, 47.201582], [33.103618, 47.1955], [33.067397, 47.200725], [33.065702, 47.200852], [33.065568, 47.200773], [33.065154, 47.200213], [33.064293, 47.199471], [33.063363, 47.198747], [33.063105, 47.198673], [33.061855, 47.197523], [33.06156, 47.197342], [33.060203, 47.195972], [33.059747, 47.195646], [33.058771, 47.195177], [33.058686, 47.194488], [33.056927, 47.19342], [33.055952, 47.193037], [33.054676, 47.192829], [33.053979, 47.192008], [33.052853, 47.191246], [33.05174, 47.191027], [33.049855, 47.191055], [33.04853, 47.190849], [33.046196, 47.190293], [33.043519, 47.189912], [33.042253, 47.189963], [33.039635, 47.189365], [33.037189, 47.18849], [33.036546, 47.18779], [33.035719, 47.186525], [33.035408, 47.18421], [33.035773, 47.18238], [33.036293, 47.181699], [33.038187, 47.180391], [33.038841, 47.179262], [33.038865, 47.179014], [33.038785, 47.178884], [33.03859, 47.178728], [33.038642, 47.178588], [33.038288, 47.178281], [33.037874, 47.178087], [33.037453, 47.178041], [33.037268, 47.17809], [33.029408, 47.17748], [33.026594, 47.17659], [33.021548, 47.178735], [33.012362, 47.169577], [33.028539, 47.16231], [33.047641, 47.170275]]]}}, {"type": "Feature", "properties": {"name": "Occupied", "date": "2025-01-31", "layer_type": "russian_occupied"}, "geometry": {"type": "Polygon", "coordinates": [[[35.8877542, 50.4375065], [35.890093, 50.4367411], [35.8944919, 50.4356341], [35.8975389, 50.4362901], [35.9040191, 50.4350054], [35.9033325, 50.4339393], [35.9129455, 50.4315883], [35.9247473, 50.431643], [35.9275796, 50.4302762], [35.9352186, 50.4287452], [35.9413125, 50.431151], [35.94363, 50.4333926], [35.9393384, 50.4337753], [35.937536, 50.4333926], [35.9376218, 50.4318071], [35.9352186, 50.4301122], [35.9323003, 50.4309323], [35.9322145, 50.4319711], [35.9281804, 50.4337206], [35.9276655, 50.4348687], [35.9238889, 50.4358528], [35.920799, 50.4373835], [35.9192541, 50.4357981], [35.911701, 50.4347047], [35.9092119, 50.4356341], [35.9074094, 50.4378755], [35.9047487, 50.4389688], [35.9036329, 50.4380941], [35.9011438, 50.4381488], [35.9001996, 50.4390235], [35.8959081, 50.4386955], [35.8941915, 50.4378208], [35.8919599, 50.4381488], [35.8892133, 50.4389688], [35.8877542, 50.4375065]]]}}, {"type": "Feature", "properties": {"name": "Liberated 02.07", "date": "2025-01-31", "layer_type": "liberated"}, "geometry": {"type": "Polygon", "coordinates": [[[33.336808, 47.480381], [33.336913, 47.479298], [33.338231, 47.478566], [33.340707, 47.476674], [33.34019, 47.476182], [33.340703, 47.475689], [33.341016, 47.474894], [33.341238, 47.473313], [33.341782, 47.47176], [33.343093, 47.470842], [33.345166, 47.470715], [33.346509, 47.470181], [33.347406, 47.469102], [33.348045, 47.468052], [33.347615, 47.467067], [33.348558, 47.464081], [33.348359, 47.459219], [33.350219, 47.457736], [33.348585, 47.451764], [33.346116, 47.450344], [33.343723, 47.449374], [33.342655, 47.448294], [33.343067, 47.44717], [33.344358, 47.446713], [33.345821, 47.44643], [33.346898, 47.445696], [33.349884, 47.444861], [33.353883, 47.443784], [33.357259, 47.444266], [33.359948, 47.4453], [33.362043, 47.445887], [33.364182, 47.4472], [33.371935, 47.454628], [33.373101, 47.456292], [33.374095, 47.458928], [33.376316, 47.459879], [33.378924, 47.460236], [33.382446, 47.45926], [33.384467, 47.458676], [33.388384, 47.458489], [33.388963, 47.458133], [33.407555, 47.456726], [33.453049, 47.462764], [33.455151, 47.487067], [33.438711, 47.486774], [33.405582, 47.477252], [33.375401, 47.483513], [33.352665, 47.498862], [33.32681, 47.489163], [33.331546, 47.481435], [33.334407, 47.481159], [33.335951, 47.480886], [33.336808, 47.480381]]]}}, {"type": "Feature", "properties": {"name": "Liberated 30.05", "date": "2025-01-31", "layer_type": "liberated"}, "geometry": {"type": "Polygon", "coordinates": [[[33.352665, 47.498862], [33.375401, 47.483513], [33.405582, 47.477252], [33.438711, 47.486774], [33.455151, 47.487067], [33.43765, 47.52045], [33.385764, 47.516646], [33.363458, 47.503178], [33.352665, 47.498862]]]}}, {"type": "Feature", "properties": {"name": "Snake Island", "date": "2025-01-31", "layer_type": "liberated"}, "geometry": {"type": "Polygon", "coordinates": [[[30.194992, 45.267287], [30.18263, 45.257016], [30.1895, 45.245731], [30.198084, 45.245165], [30.205294, 45.241214], [30.219026, 45.245836], [30.216751, 45.25499], [30.223597, 45.256878], [30.227696, 45.255745], [30.228222, 45.256614], [30.225486, 45.258812], [30.227225, 45.264899], [30.221087, 45.268857], [30.202203, 45.262695], [30.194992, 45.267287]]]}}, {"type": "Feature", "properties": {"name": "Liberated 26.06", "date": "2025-01-31", "layer_type": "liberated"}, "geometry": {"type": "Polygon", "coordinates": [[[33.56053, 47.493351], [33.55531, 47.485693], [33.558159, 47.473627], [33.56496, 47.462277], [33.601112, 47.463632], [33.59339, 47.48179], [33.587617, 47.494026], [33.578794, 47.501303], [33.56016, 47.502708], [33.56053, 47.493351]]]}}, {"type": "Feature", "properties": {"name": "Liberated", "date": "2025-01-31", "layer_type": "liberated"}, "geometry": {"type": "Polygon", "coordinates": [[[32.437085, 47.388474], [32.423698, 47.383588], [32.349809, 47.287061], [32.298062, 47.240792], [32.250552, 47.20214], [32.168128, 47.11033], [32.134187, 47.076096], [32.165478, 47.048876], [32.194321, 47.060306], [32.322884, 47.110162], [32.297773, 47.135089], [32.241735, 47.128946], [32.279313, 47.175398], [32.318396, 47.22575], [32.33186, 47.230289], [32.43915, 47.379631], [32.452191, 47.327074], [32.430906, 47.318696], [32.435025, 47.296348], [32.470044, 47.307058], [32.583341, 47.249292], [32.643766, 47.254885], [32.630719, 47.291225], [32.521543, 47.303333], [32.50163, 47.334055], [32.463864, 47.401024], [32.437085, 47.388474]]]}}, {"type": "Feature", "properties": {"name": "Liberated 04.09", "date": "2025-01-31", "layer_type": "liberated"}, "geometry": {"type": "Polygon", "coordinates": [[[33.46223, 47.445176], [33.491088, 47.453532], [33.518465, 47.454449], [33.567414, 47.421086], [33.590453, 47.40962], [33.591928, 47.38146], [33.620717, 47.369784], [33.672908, 47.407313], [33.724879, 47.414635], [33.724112, 47.417795], [33.72123, 47.430833], [33.63402, 47.439203], [33.614615, 47.449758], [33.601112, 47.463632], [33.56496, 47.462277], [33.558159, 47.473627], [33.55531, 47.485693], [33.56053, 47.493351], [33.56016, 47.502708], [33.540055, 47.507651], [33.514112, 47.505863], [33.507049, 47.49732], [33.455151, 47.487067], [33.453049, 47.462764], [33.46223, 47.445176]]]}}, {"type": "Feature", "properties": {"name": "Liberated", "date": "2025-01-31", "layer_type": "liberated"}, "geometry": {"type": "Polygon", "coordinates": [[[32.396178, 51.470191], [32.489626, 51.506716], [32.457354, 51.569924], [32.230171, 51.553119], [31.84418, 51.598306], [31.823778, 51.563984], [32.087722, 51.489156], [32.164063, 51.423973], [32.306598, 51.326369], [32.36782, 51.267281], [32.339724, 51.222624], [32.141547, 51.183018], [32.0855631, 51.1193733], [32.120928, 51.07469], [32.415092, 51.087784], [32.389659, 50.98481], [32.248897, 50.976529], [32.112691, 50.948402], [32.123332, 50.928506], [32.194761, 50.931571], [32.263468, 50.944981], [32.523205, 50.957653], [32.532832, 50.938056], [32.520838, 50.888792], [32.573979, 50.811082], [32.504349, 50.760221], [32.438174, 50.73816], [32.424231, 50.704785], [32.318247, 50.688154], [32.304291, 50.67921], [32.333589, 50.666784], [32.373642, 50.674562], [32.434056, 50.680354], [32.438175, 50.690052], [32.456242, 50.714458], [32.540487, 50.7441], [32.611353, 50.777864], [32.679198, 50.785964], [32.714309, 50.781584], [32.805036, 50.809218], [32.813542, 50.80257], [32.78978, 50.788978], [32.79238, 50.780458], [32.785607, 50.771981], [32.800206, 50.762191], [32.81921, 50.749488], [32.814976, 50.725322], [32.791528, 50.708977], [32.751298, 50.699231], [32.750611, 50.671944], [32.700505, 50.666407], [32.641525, 50.654445], [32.610135, 50.628769], [32.680989, 50.630554], [32.690334, 50.647546], [32.727845, 50.658435], [32.760665, 50.661577], [32.80523, 50.669455], [32.870704, 50.668946], [32.91971, 50.676899], [32.956533, 50.687458], [33.008528, 50.689947], [33.04337, 50.702425], [33.108276, 50.711046], [33.181188, 50.726812], [33.239023, 50.73255], [33.233139, 50.736142], [33.19276, 50.735748], [33.113136, 50.722634], [33.070558, 50.715579], [32.998126, 50.701166], [32.930531, 50.695408], [32.876441, 50.67936], [32.812758, 50.679814], [32.784248, 50.677271], [32.780453, 50.688649], [32.823856, 50.70684], [32.850105, 50.741527], [32.82142, 50.770994], [32.82141, 50.789714], [32.841326, 50.799296], [32.827952, 50.815578], [32.958168, 50.845687], [33.043549, 50.838759], [33.112737, 50.8509], [33.124022, 50.826393], [33.153149, 50.82747], [33.157862, 50.856705], [33.200753, 50.862233], [33.196064, 50.875804], [33.126919, 50.921891], [33.127629, 50.939436], [33.119908, 50.942635], [33.08266, 50.943234], [33.063768, 50.962165], [32.972686, 50.94963], [32.921621, 50.974075], [33.016085, 51.016452], [33.038767, 51.020178], [33.071071, 51.031671], [33.082672, 51.030939], [33.092062, 51.013627], [33.13009, 51.005005], [33.147866, 51.01106], [33.169522, 51.052713], [33.240592, 51.084649], [33.293784, 51.046674], [33.380818, 51.042774], [33.383991, 51.079722], [33.427456, 51.153986], [33.298849, 51.208946], [33.179697, 51.176916], [33.102032, 51.187352], [33.023863, 51.170429], [32.977411, 51.127151], [32.962073, 51.152559], [32.827084, 51.273], [32.889489, 51.281912], [32.990732, 51.246806], [33.113522, 51.249191], [33.109196, 51.264504], [32.97763, 51.287614], [32.888805, 51.328701], [32.745265, 51.323117], [32.72344, 51.308938], [32.564996, 51.304777], [32.413493, 51.313961], [32.310315, 51.378989], [32.369143, 51.403717], [32.371664, 51.433102], [32.396178, 51.470191]]]}}, {"type": "Feature", "properties": {"name": "Liberated", "date": "2025-01-31", "layer_type": "liberated"}, "geometry": {"type": "Polygon", "coordinates": [[[34.157343, 50.387941], [34.126832, 50.373624], [34.132068, 50.35917], [34.143269, 50.357966], [34.154298, 50.359389], [34.173524, 50.357199], [34.225023, 50.373405], [34.246657, 50.379322], [34.28005, 50.37196], [34.282022, 50.360653], [34.297464, 50.360922], [34.303816, 50.366181], [34.350421, 50.362291], [34.356475, 50.35427], [34.386384, 50.349149], [34.467409, 50.298241], [34.497157, 50.296946], [34.52019, 50.3305], [34.533581, 50.346797], [34.551444, 50.366487], [34.590802, 50.371375], [34.630682, 50.404134], [34.656656, 50.416565], [34.711317, 50.417277], [34.716443, 50.444298], [34.71608, 50.491214], [34.739736, 50.497628], [34.767155, 50.495819], [34.802313, 50.492406], [34.837468, 50.486684], [34.918396, 50.473666], [34.926154, 50.489762], [34.942155, 50.490566], [34.946551, 50.488991], [34.965765, 50.498264], [34.961848, 50.510318], [34.955325, 50.524508], [34.948459, 50.538038], [34.951892, 50.548947], [34.961162, 50.568141], [34.960475, 50.599096], [34.935928, 50.603127], [34.930263, 50.614674], [34.907883, 50.626991], [34.870339, 50.633008], [34.827454, 50.625648], [34.813749, 50.645077], [34.785302, 50.637984], [34.785405, 50.625536], [34.768445, 50.607383], [34.754406, 50.586062], [34.729478, 50.589255], [34.68516, 50.602845], [34.679886, 50.617345], [34.64766, 50.627377], [34.636078, 50.641996], [34.656093, 50.659412], [34.681612, 50.665506], [34.694548, 50.669421], [34.695362, 50.675294], [34.698711, 50.681601], [34.6958, 50.68791], [34.69788, 50.695962], [34.683493, 50.699021], [34.669821, 50.710802], [34.620467, 50.721325], [34.595919, 50.667534], [34.586488, 50.631953], [34.588756, 50.611824], [34.541861, 50.612248], [34.512306, 50.604706], [34.497486, 50.587604], [34.512878, 50.57399], [34.4991998, 50.5604758], [34.4940242, 50.546482], [34.4904988, 50.5331093], [34.4694159, 50.5203608], [34.474252, 50.502128], [34.456709, 50.504303], [34.409518, 50.513501], [34.4026031, 50.5078101], [34.388573, 50.504522], [34.382752, 50.505345], [34.372339, 50.505687], [34.360899, 50.508255], [34.350329, 50.504335], [34.328844, 50.497475], [34.319814, 50.490126], [34.309096, 50.477763], [34.302788, 50.471674], [34.292873, 50.468123], [34.281928, 50.462823], [34.275618, 50.458264], [34.262422, 50.455355], [34.227598, 50.45479], [34.202705, 50.449656], [34.175413, 50.439049], [34.179447, 50.432981], [34.202707, 50.43883], [34.226394, 50.418272], [34.229658, 50.409411], [34.219351, 50.404488], [34.190948, 50.380576], [34.173202, 50.379662], [34.157343, 50.387941]], [[34.358146, 50.432762], [34.370677, 50.448943], [34.387672, 50.46651], [34.375398, 50.464462], [34.30845, 50.444078], [34.285104, 50.447576], [34.233173, 50.444249], [34.217975, 50.441579], [34.247596, 50.424287], [34.282186, 50.415975], [34.328878, 50.423084], [34.338233, 50.430138], [34.358146, 50.432762]], [[34.400091, 50.500666], [34.392257, 50.501273], [34.381177, 50.501516], [34.372222, 50.501291], [34.365239, 50.499952], [34.348981, 50.496126], [34.329636, 50.490408], [34.314395, 50.475837], [34.308208, 50.465849], [34.301938, 50.45903], [34.315832, 50.455009], [34.334814, 50.460944], [34.357011, 50.464129], [34.369941, 50.469059], [34.391291, 50.474273], [34.415397, 50.487349], [34.4112285, 50.4985243], [34.405568, 50.499695], [34.400091, 50.500666]], [[34.422777, 50.46703], [34.421788, 50.459407], [34.416338, 50.451566], [34.404752, 50.452276], [34.392736, 50.457741], [34.36424, 50.424506], [34.347932, 50.415428], [34.286649, 50.403832], [34.253004, 50.41138], [34.227591, 50.401315], [34.20408, 50.38063], [34.25369, 50.387745], [34.283293, 50.379918], [34.316323, 50.377337], [34.347009, 50.369756], [34.392908, 50.358951], [34.465704, 50.313874], [34.475467, 50.321175], [34.491204, 50.315498], [34.509349, 50.341028], [34.505526, 50.344971], [34.512306, 50.355268], [34.527043, 50.36383], [34.536292, 50.372392], [34.540029, 50.378127], [34.570747, 50.383451], [34.574862, 50.398292], [34.573459, 50.416689], [34.589757, 50.41965], [34.594379, 50.403138], [34.62695, 50.420341], [34.639915, 50.426957], [34.693495, 50.425116], [34.691899, 50.465459], [34.682058, 50.472468], [34.697327, 50.500267], [34.681882, 50.509052], [34.664374, 50.511589], [34.646177, 50.521372], [34.625064, 50.540558], [34.60365, 50.550262], [34.585047, 50.552934], [34.569909, 50.562669], [34.534443, 50.567133], [34.510083, 50.563615], [34.5008647, 50.5495035], [34.5017359, 50.5428658], [34.5050435, 50.5351509], [34.4974277, 50.5261646], [34.4894291, 50.5138769], [34.497122, 50.499265], [34.494666, 50.487574], [34.455823, 50.487239], [34.422777, 50.46703]]]}}, {"type": "Feature", "properties": {"name": "Liberated", "date": "2025-01-31", "layer_type": "liberated"}, "geometry": {"type": "Polygon", "coordinates": [[[36.844715, 47.8953266], [36.8367585, 47.8955426], [36.8328961, 47.89255], [36.8333253, 47.8844346], [36.8373164, 47.8901903], [36.844715, 47.8953266]]]}}, {"type": "Feature", "properties": {"name": "Liberated", "date": "2025-01-31", "layer_type": "liberated"}, "geometry": {"type": "Polygon", "coordinates": [[[31.84418, 51.598306], [31.895688, 51.687498], [31.9381, 51.71092], [31.9517, 51.733484], [32.020322, 51.701615], [32.088823, 51.653533], [32.107681, 51.677166], [32.057842, 51.747622], [32.134032, 51.762599], [32.278595, 51.738736], [32.30101, 51.722772], [32.324382, 51.721726], [32.371066, 51.693114], [32.456767, 51.604349], [32.457354, 51.569924], [32.489626, 51.506716], [32.539094, 51.521426], [32.550489, 51.55451], [32.521985, 51.568792], [32.556475, 51.596418], [32.584844, 51.673231], [32.740933, 51.737501], [32.887024, 51.774997], [33.033628, 51.898052], [33.184769, 51.996241], [33.22621, 51.991064], [33.238884, 51.987164], [33.256835, 51.974002], [33.248687, 51.931015], [33.263024, 51.919528], [33.27672, 51.924684], [33.271214, 51.937425], [33.27606, 51.941746], [33.288954, 51.945069], [33.302192, 51.938868], [33.308584, 51.945831], [33.320472, 51.948137], [33.32627, 51.941718], [33.336377, 51.943693], [33.33962, 51.949689], [33.321408, 51.958227], [33.286714, 51.95343], [33.2706767, 51.9920963], [33.2669899, 51.9950268], [33.2670809, 51.9973045], [33.2642534, 51.9976269], [33.2512169, 51.9934093], [33.245143, 51.992319], [33.232175, 51.996629], [33.240573, 52.009477], [33.206404, 52.016995], [33.247792, 52.085352], [33.312301, 52.192945], [33.302819, 52.354393], [33.231451, 52.36976], [33.215969, 52.254407], [33.150707, 52.230682], [33.162007, 52.177855], [33.206214, 52.138675], [33.158025, 52.068158], [33.079593, 51.999899], [32.888742, 51.903245], [32.739847, 51.814004], [32.708177, 51.888926], [32.73015, 52.073319], [32.670455, 52.145413], [32.649812, 52.185022], [32.674913, 52.271406], [32.658004, 52.280506], [32.636969, 52.287082], [32.622794, 52.296173], [32.606553, 52.304842], [32.584581, 52.231727], [32.526903, 52.158491], [32.59076, 52.123093], [32.577028, 52.079649], [32.4860414, 52.049125], [32.4817674, 52.0106313], [32.5653517, 52.0126887], [32.571534, 51.984601], [32.557115, 51.917311], [32.447252, 51.899096], [32.257737, 51.846527], [32.180587, 51.790241], [32.005395, 51.79326], [31.970398, 51.839545], [31.939134, 51.86858], [31.873236, 51.885531], [31.866866, 51.89153], [31.872856, 51.916596], [31.887798, 51.936925], [31.855107, 51.971004], [31.870465, 52.021155], [31.836137, 52.050945], [31.81828, 52.076898], [31.805753, 52.100216], [31.796548, 52.103516], [31.793694, 52.108292], [31.791418, 52.108987], [31.787209, 52.111747], [31.785828, 52.112313], [31.780319, 52.111757], [31.772046, 52.111487], [31.766487, 52.109154], [31.762924, 52.106174], [31.74716, 52.103134], [31.759553, 52.077731], [31.765059, 52.002463], [31.729002, 51.997334], [31.639046, 51.955817], [31.612775, 51.976337], [31.509269, 52.120813], [31.4989602, 52.11814], [31.489339, 52.116731], [31.4767937, 52.1183919], [31.464247, 52.121738], [31.4615757, 52.1244642], [31.4616509, 52.1269797], [31.455964, 52.130535], [31.4554257, 52.1383057], [31.451797, 52.140176], [31.442689, 52.139531], [31.466996, 52.094403], [31.472123, 52.046922], [31.517464, 51.99304], [31.587228, 51.934034], [31.564, 51.888263], [31.572221, 51.84571], [31.547443, 51.816317], [31.506889, 51.797221], [31.406073, 51.789413], [31.315679, 51.788409], [31.239934, 51.783254], [31.129645, 51.833078], [31.196452, 51.976872], [31.213362, 52.070286], [31.200767, 52.073963], [31.185424, 52.074261], [31.158854, 52.079918], [31.146009, 52.091059], [31.140025, 52.102198], [31.097153, 52.089444], [31.073665, 52.091497], [31.037821, 52.084261], [31.006664, 52.081231], [30.989244, 52.075665], [30.970362, 52.077454], [30.955246, 52.085246], [30.948372, 52.066131], [30.957976, 52.025063], [30.977056, 51.953313], [31.019464, 51.7953], [30.936725, 51.754091], [30.857762, 51.642165], [30.832903, 51.478969], [30.772277, 51.483804], [30.789922, 51.529125], [30.73726, 51.544487], [30.721121, 51.532532], [30.695112, 51.534295], [30.691081, 51.518115], [30.735264, 51.511372], [30.726336, 51.41555], [30.672779, 51.401416], [30.656296, 51.375282], [30.635698, 51.359954], [30.659042, 51.339696], [30.682386, 51.343985], [30.70779, 51.383425], [30.788811, 51.378712], [30.867084, 51.367996], [30.928878, 51.38471], [31.008174, 51.377904], [31.130053, 51.312661], [31.300659, 51.267571], [31.425373, 51.284159], [31.462359, 51.359081], [31.405904, 51.39842], [31.277956, 51.399981], [31.251026, 51.372208], [31.219313, 51.378712], [31.223432, 51.418122], [31.173306, 51.453434], [31.188412, 51.479952], [31.195783, 51.495124], [31.185664, 51.505008], [31.176738, 51.53017], [31.17854, 51.540652], [31.187555, 51.551988], [31.219065, 51.558091], [31.25195, 51.563118], [31.268087, 51.558208], [31.314335, 51.556021], [31.332767, 51.55041], [31.350455, 51.543253], [31.36488, 51.528383], [31.377236, 51.51217], [31.406202, 51.507446], [31.531, 51.538916], [31.563679, 51.541839], [31.658756, 51.545388], [31.692402, 51.550512], [31.754879, 51.551788], [31.823778, 51.563984], [31.84418, 51.598306]], [[31.820674, 51.642665], [31.849516, 51.705469], [31.906862, 51.76331], [31.934663, 51.783696], [31.921968, 51.81257], [31.886949, 51.830405], [31.877899, 51.845105], [31.769226, 51.860205], [31.770859, 51.76728], [31.703818, 51.70608], [31.631066, 51.706849], [31.590788, 51.686709], [31.588644, 51.644774], [31.572127, 51.586867], [31.62178, 51.575812], [31.69889, 51.582161], [31.765413, 51.583188], [31.820674, 51.642665]]]}}, {"type": "Feature", "properties": {"name": "Liberated", "date": "2025-01-31", "layer_type": "liberated"}, "geometry": {"type": "Polygon", "coordinates": [[[31.018194, 50.645272], [31.004775, 50.641526], [31.001976, 50.637953], [30.978547, 50.632104], [30.954373, 50.62649], [30.94517, 50.627452], [30.935697, 50.62719], [30.905944, 50.634606], [30.87923, 50.640713], [30.867452, 50.632938], [30.850874, 50.616233], [30.832364, 50.590996], [30.821229, 50.574956], [30.832995, 50.569769], [30.87189, 50.587689], [30.892232, 50.568249], [30.932136, 50.583897], [30.950725, 50.59913], [30.928801, 50.621336], [30.944593, 50.620936], [30.95833, 50.619859], [30.980652, 50.626502], [31.000574, 50.614929], [31.007791, 50.614136], [31.020888, 50.616324], [31.024915, 50.617276], [31.029029, 50.617628], [31.028636, 50.614386], [31.027557, 50.611144], [31.037275, 50.593378], [31.044642, 50.583614], [31.02903, 50.581654], [31.020631, 50.580893], [31.017982, 50.579641], [31.010281, 50.57899], [31.004664, 50.57845], [30.999783, 50.578243], [30.994655, 50.577391], [30.990924, 50.576122], [30.992428, 50.572512], [30.999338, 50.568682], [31.004661, 50.566243], [31.009125, 50.565766], [31.0208406, 50.5685893], [31.0285019, 50.5704899], [31.0393394, 50.5746256], [31.0455532, 50.5772829], [31.0480758, 50.5749251], [31.050717, 50.56743], [31.046215, 50.558981], [31.052951, 50.555367], [31.075759, 50.544349], [31.075217, 50.538348], [31.090607, 50.529182], [31.101812, 50.525032], [31.10978, 50.531223], [31.113113, 50.542105], [31.152605, 50.557302], [31.157732, 50.550579], [31.165028, 50.552249], [31.165115, 50.558609], [31.159454, 50.568766], [31.147954, 50.57805], [31.122477, 50.593777], [31.108147, 50.605032], [31.079728, 50.620204], [31.049579, 50.625129], [31.041621, 50.633016], [31.04468, 50.639354], [31.062676, 50.640466], [31.07131, 50.648126], [31.092466, 50.652809], [31.102019, 50.660591], [31.100962, 50.67014], [31.109704, 50.679049], [31.12257, 50.688392], [31.145398, 50.686215], [31.165414, 50.668888], [31.171811, 50.655434], [31.183694, 50.634142], [31.199989, 50.632565], [31.263074, 50.623545], [31.289388, 50.645601], [31.20479, 50.647382], [31.189002, 50.67338], [31.144481, 50.716284], [31.131715, 50.718827], [31.116202, 50.709412], [31.091697, 50.721881], [31.046865, 50.744584], [31.042229, 50.740022], [31.123728, 50.69807], [31.116133, 50.694264], [31.085758, 50.675204], [31.085606, 50.660492], [31.052962, 50.66998], [31.045337, 50.661396], [31.047154, 50.654281], [31.02903, 50.648232], [31.018194, 50.645272]]]}}, {"type": "Feature", "properties": {"name": "Liberated", "date": "2025-01-31", "layer_type": "liberated"}, "geometry": {"type": "Polygon", "coordinates": [[[34.0040387, 51.2790129], [34.005069, 51.486856], [33.95769, 51.725029], [34.077572, 51.763922], [34.124117, 51.798506], [34.195357, 51.822592], [34.253966, 51.831992], [34.284439, 51.840103], [34.32989, 51.868699], [34.328318, 51.869058], [34.329764, 51.87067], [34.327884, 51.871524], [34.326475, 51.873112], [34.326184, 51.875204], [34.325549, 51.876084], [34.325142, 51.87633], [34.323968, 51.876622], [34.323008, 51.876914], [34.321003, 51.877894], [34.31948, 51.879148], [34.260311, 51.855878], [34.243766, 51.859407], [34.032116, 51.798661], [33.177538, 51.454676], [33.123624, 51.397233], [33.13037, 51.356001], [33.128221, 51.277231], [33.109196, 51.264504], [33.113522, 51.249191], [33.168515, 51.267325], [33.2087551, 51.2509967], [33.2050293, 51.2479597], [33.203617, 51.2424517], [33.1734102, 51.2405357], [33.1732201, 51.2392966], [33.1920764, 51.2400222], [33.2041527, 51.2412832], [33.2047011, 51.2392645], [33.2079308, 51.2372863], [33.2090691, 51.2379779], [33.2065105, 51.239824], [33.2056684, 51.2419926], [33.2071599, 51.2474043], [33.2104863, 51.2499797], [33.2129335, 51.2483611], [33.2206308, 51.2475251], [33.2257576, 51.2519631], [33.2309232, 51.2514879], [33.2311965, 51.2523019], [33.2250482, 51.252963], [33.2198525, 51.2491068], [33.2153834, 51.2494528], [33.1761261, 51.2694203], [33.221196, 51.331206], [33.299846, 51.423809], [33.623157, 51.602287], [33.8492, 51.684817], [33.829631, 51.242489], [33.298849, 51.208946], [33.427456, 51.153986], [33.383991, 51.079722], [33.835124, 50.952717], [34.368586, 50.90713], [34.394782, 50.877913], [34.383992, 50.8459], [34.36195, 50.814838], [34.312586, 50.808255], [34.259794, 50.810545], [34.147822, 50.841848], [34.054751, 50.826796], [33.962478, 50.830187], [33.89461, 50.843394], [33.858246, 50.836183], [33.834993, 50.837468], [33.807721, 50.826513], [33.761934, 50.813256], [33.740016, 50.810048], [33.707929, 50.807294], [33.667888, 50.787727], [33.573876, 50.788094], [33.550237, 50.786913], [33.530736, 50.753817], [33.516889, 50.741738], [33.514685, 50.741714], [33.497762, 50.740168], [33.495627, 50.744653], [33.493069, 50.751871], [33.485975, 50.751238], [33.481591, 50.75096], [33.480634, 50.752906], [33.476572, 50.753065], [33.470388, 50.753266], [33.465579, 50.75661], [33.445866, 50.754904], [33.438512, 50.758734], [33.418111, 50.763431], [33.403188, 50.766429], [33.391441, 50.76644], [33.375955, 50.764341], [33.346742, 50.755289], [33.310984, 50.748903], [33.270379, 50.746104], [33.233139, 50.736142], [33.239023, 50.73255], [33.272761, 50.740133], [33.325734, 50.742485], [33.37254, 50.7546], [33.397391, 50.763663], [33.417618, 50.760447], [33.431663, 50.757229], [33.443475, 50.75314], [33.456602, 50.753328], [33.465311, 50.755729], [33.4693, 50.753242], [33.469516, 50.752674], [33.475979, 50.752255], [33.479334, 50.752165], [33.479974, 50.750817], [33.480402, 50.750198], [33.483533, 50.750284], [33.48413, 50.748502], [33.485533, 50.74296], [33.493721, 50.738768], [33.509992, 50.731453], [33.508718, 50.705518], [33.503531, 50.684222], [33.49828, 50.669647], [33.467094, 50.653543], [33.460982, 50.642007], [33.472033, 50.640269], [33.510276, 50.666286], [33.512076, 50.680327], [33.527797, 50.727332], [33.524758, 50.734004], [33.568908, 50.755682], [33.680385, 50.777703], [33.725282, 50.797162], [33.740074, 50.796426], [33.777608, 50.806935], [33.818906, 50.815557], [33.848134, 50.821841], [33.866861, 50.817475], [33.95789, 50.825812], [34.017839, 50.817093], [34.05989, 50.820837], [34.138814, 50.835389], [34.271893, 50.802106], [34.313513, 50.801039], [34.3564, 50.805899], [34.376189, 50.811015], [34.41577, 50.862431], [34.411354, 50.883346], [34.389934, 50.907709], [34.661845, 50.905977], [34.7342001, 50.8785823], [34.7477272, 50.8936762], [34.7461552, 50.9334536], [34.7197077, 50.9497388], [34.7165933, 50.9662405], [34.758541, 50.966293], [34.784633, 50.979264], [34.927455, 50.952453], [34.9083823, 50.929259], [34.8831488, 50.9125522], [34.8911952, 50.9094771], [34.9134154, 50.9183281], [34.9438993, 50.9518441], [35.127956, 50.985316], [35.243312, 50.950723], [35.296871, 50.998282], [35.2773133, 51.0447135], [35.235073, 51.034567], [35.011226, 51.019884], [34.898616, 50.987045], [34.824459, 51.005196], [34.852152, 51.075838], [34.91255, 51.063583], [34.985134, 51.07255], [34.9782673, 51.0945438], [34.9858205, 51.1135189], [35.0231279, 51.1152555], [35.0556294, 51.1143953], [35.130986, 51.157045], [35.125065, 51.161323], [35.123252, 51.165326], [35.134436, 51.170816], [35.130681, 51.173559], [35.129329, 51.182868], [35.0573057, 51.1388637], [35.0170546, 51.130848], [34.9924702, 51.1360977], [34.9623933, 51.1297072], [34.9514406, 51.0970371], [34.932948, 51.088079], [34.7915, 51.09498], [34.717699, 51.063988], [34.703672, 51.057573], [34.65623, 51.068217], [34.634054, 51.058972], [34.58832, 51.036088], [34.345412, 51.158015], [34.313955, 51.238807], [34.305236, 51.238327], [34.29761, 51.242307], [34.295973, 51.153709], [34.205912, 51.21325], [34.0401595, 51.2569192], [34.1159248, 51.2736099], [34.206756, 51.2596007], [34.2248822, 51.2652541], [34.2308093, 51.27185], [34.2355759, 51.2750405], [34.246523, 51.2762976], [34.2508498, 51.2755004], [34.2545272, 51.2820675], [34.2435334, 51.2845465], [34.1242952, 51.2995627], [34.0722286, 51.2993189], [34.0040387, 51.2790129]], [[33.500041, 51.128867], [33.656596, 51.078853], [34.571208, 51.000274], [34.411461, 51.06651], [34.314154, 51.13363], [34.278121, 51.111482], [34.189433, 51.17366], [33.648356, 51.178826], [33.500041, 51.128867]]]}}, {"type": "Feature", "properties": {"name": "Liberated", "date": "2025-01-31", "layer_type": "liberated"}, "geometry": {"type": "Polygon", "coordinates": [[[36.61098, 47.785981], [36.6219692, 47.7860359], [36.632182, 47.7837641], [36.6363861, 47.7819532], [36.6671977, 47.7885971], [36.6840166, 47.79705], [36.691653, 47.8023681], [36.6948674, 47.8078207], [36.6954627, 47.8153445], [36.689319, 47.814797], [36.678371, 47.820935], [36.673928, 47.818355], [36.662007, 47.814298], [36.637348, 47.820482], [36.608509, 47.817601], [36.613278, 47.792093], [36.61098, 47.785981]]]}}, {"type": "Feature", "properties": {"name": "Liberated", "date": "2025-01-31", "layer_type": "liberated"}, "geometry": {"type": "Polygon", "coordinates": [[[33.015058, 47.18036], [33.012526, 47.182558], [33.011882, 47.185107], [33.013014, 47.186328], [33.01376, 47.187462], [33.011871, 47.191013], [33.009361, 47.193604], [33.005884, 47.196269], [33.001829, 47.196415], [33.000906, 47.195941], [32.999984, 47.193444], [33.000091, 47.192668], [33.003739, 47.191924], [33.0042, 47.190925], [33.003052, 47.189926], [33.000445, 47.189664], [32.997666, 47.19083], [32.994083, 47.190743], [32.991444, 47.189693], [32.991079, 47.187681], [32.992098, 47.186937], [32.991486, 47.185566], [32.991679, 47.183255], [32.991057, 47.180345], [32.991615, 47.176611], [32.992624, 47.173402], [32.993681, 47.171714], [32.995166, 47.170025], [32.99603, 47.168206], [32.996054, 47.16696], [32.995456, 47.166021], [32.994598, 47.165481], [32.993471, 47.165452], [32.992264, 47.165948], [32.991725, 47.166211], [32.990769, 47.167122], [32.989705, 47.167874], [32.988525, 47.168589], [32.987839, 47.168778], [32.987549, 47.168399], [32.987458, 47.168012], [32.987648, 47.167491], [32.988836, 47.167064], [32.98955, 47.166433], [32.9904, 47.164972], [32.990746, 47.16314], [32.990966, 47.161517], [32.99099, 47.159873], [32.991116, 47.158438], [32.991827, 47.157663], [32.993711, 47.156476], [32.993997, 47.155633], [32.994064, 47.154889], [32.993926, 47.154029], [32.9936, 47.153598], [32.993037, 47.15335], [32.992368, 47.153318], [32.991409, 47.153599], [32.990039, 47.154489], [32.989151, 47.15531], [32.988392, 47.155738], [32.98769, 47.155957], [32.986995, 47.156045], [32.986322, 47.155929], [32.985684, 47.155623], [32.984762, 47.154049], [32.984571, 47.153227], [32.984508, 47.152785], [32.984772, 47.152363], [32.985236, 47.152065], [32.985958, 47.151825], [32.989993, 47.151551], [32.99154, 47.151153], [32.992743, 47.150419], [32.993696, 47.149203], [32.994605, 47.14768], [32.996038, 47.144314], [33.000695, 47.137581], [33.001618, 47.135899], [33.008508, 47.138722], [33.017566, 47.136602], [33.028539, 47.16231], [33.012362, 47.169577], [33.021548, 47.178735], [33.015058, 47.18036]]]}}, {"type": "Feature", "properties": {"name": "Liberated", "date": "2025-01-31", "layer_type": "liberated"}, "geometry": {"type": "Polygon", "coordinates": [[[36.027466, 47.543067], [36.021299, 47.526801], [36.034005, 47.532602], [36.057075, 47.5371146], [36.06539, 47.558671], [36.081698, 47.578255], [36.092287, 47.579804], [36.099497, 47.58212], [36.082356, 47.592317], [36.068623, 47.594517], [36.038507, 47.602226], [36.01486, 47.625052], [35.965796, 47.618708], [36.018841, 47.585486], [36.038582, 47.556996], [36.027466, 47.543067]]]}}, {"type": "Feature", "properties": {"name": "Liberated", "date": "2025-01-31", "layer_type": "liberated"}, "geometry": {"type": "Polygon", "coordinates": [[[33.142955, 47.209805], [33.141724, 47.208429], [33.140766, 47.208382], [33.139686, 47.208038], [33.139189, 47.207166], [33.13761, 47.205739], [33.13652, 47.20555], [33.135902, 47.205857], [33.134222, 47.205764], [33.133639, 47.204959], [33.131802, 47.203273], [33.130627, 47.202839], [33.131602, 47.201016], [33.134771, 47.196804], [33.091243, 47.18206], [33.069525, 47.175645], [33.047641, 47.170275], [33.028539, 47.16231], [33.017566, 47.136602], [33.008508, 47.138722], [33.001618, 47.135899], [33.001672, 47.133888], [33.002235, 47.132634], [33.002391, 47.131541], [33.006585, 47.13005], [33.015179, 47.128425], [33.040762, 47.120659], [33.051844, 47.11797], [33.075743, 47.112922], [33.098847, 47.121375], [33.108905, 47.117912], [33.131326, 47.16619], [33.160134, 47.191439], [33.158525, 47.20139], [33.159992, 47.202726], [33.147475, 47.208662], [33.142955, 47.209805]]]}}, {"type": "Feature", "properties": {"name": "Liberated", "date": "2025-01-31", "layer_type": "liberated"}, "geometry": {"type": "Polygon", "coordinates": [[[36.5347766, 50.2351306], [36.5309189, 50.2335545], [36.5182004, 50.2235914], [36.4933695, 50.2104981], [36.4819444, 50.2149511], [36.4756301, 50.216064], [36.4590143, 50.2225581], [36.458867, 50.2283656], [36.4647154, 50.229073], [36.4664441, 50.230549], [36.4628905, 50.2321417], [36.4592085, 50.2312084], [36.4487204, 50.2333912], [36.4463301, 50.233357], [36.4350944, 50.2283272], [36.4278374, 50.2315433], [36.431914, 50.2390399], [36.4374524, 50.2449146], [36.4280554, 50.2471106], [36.4056021, 50.2534582], [36.4006552, 50.2534037], [36.391696, 50.2641701], [36.3842349, 50.275896], [36.3780466, 50.2937659], [36.3637981, 50.2874872], [36.361267, 50.287267], [36.354359, 50.28878], [36.330927, 50.289563], [36.297283, 50.292242], [36.299213, 50.299103], [36.286379, 50.29859], [36.285392, 50.3041], [36.28492, 50.305855], [36.276809, 50.31742], [36.280414, 50.323065], [36.274363, 50.323996], [36.285049, 50.334955], [36.2726601, 50.3434977], [36.255507, 50.355365], [36.241996, 50.358383], [36.233948, 50.363735], [36.231199, 50.371345], [36.214289, 50.383524], [36.202362, 50.396405], [36.185053, 50.406603], [36.177077, 50.401618], [36.169706, 50.410418], [36.160795, 50.431777], [36.135718, 50.437679], [36.117806, 50.438314], [36.103819, 50.441913], [36.089995, 50.42441], [36.064508, 50.410881], [36.038004, 50.400407], [36.040718, 50.387073], [36.055099, 50.370236], [36.080633, 50.378134], [36.09725, 50.386031], [36.170677, 50.347212], [36.1548, 50.332204], [36.127233, 50.324833], [36.131612, 50.314904], [36.127235, 50.292689], [36.143543, 50.285012], [36.157912, 50.25853], [36.151524, 50.234866], [36.152263, 50.230433], [36.147522, 50.223522], [36.142962, 50.219958], [36.140122, 50.213759], [36.138071, 50.207708], [36.14426, 50.203195], [36.157359, 50.196396], [36.177496, 50.19706], [36.19983, 50.194438], [36.215863, 50.179501], [36.219742, 50.154364], [36.231807, 50.151804], [36.23563, 50.143964], [36.25004, 50.12918], [36.343308, 50.086029], [36.331558, 50.076801], [36.367392, 50.04465], [36.426986, 50.015328], [36.465936, 50.001867], [36.484806, 49.988741], [36.484436, 49.928808], [36.501945, 49.929692], [36.554986, 49.999718], [36.577907, 50.046777], [36.748092, 50.029576], [36.765365, 50.019193], [36.806033, 50.028556], [36.821809, 50.028071], [36.83281, 50.021629], [36.893564, 50.002815], [36.889392, 49.976236], [36.902756, 49.950029], [36.956602, 49.926131], [37.00599, 49.916801], [36.9808469, 49.8818345], [36.9773277, 49.8749757], [36.962651, 49.865516], [37.003922, 49.84241], [36.985628, 49.83345], [36.977347, 49.83583], [36.898315, 49.81217], [36.88954, 49.805319], [36.892781, 49.799576], [36.924642, 49.789997], [36.885113, 49.758278], [36.848819, 49.732378], [36.836826, 49.732819], [36.827066, 49.7271], [36.819967, 49.724488], [36.813178, 49.724056], [36.802834, 49.725592], [36.798374, 49.721615], [36.797559, 49.714568], [36.786081, 49.69639], [36.763628, 49.682207], [36.731829, 49.667096], [36.72903, 49.655091], [36.727545, 49.640864], [36.735499, 49.620856], [36.763476, 49.6012], [36.792955, 49.549719], [36.787435, 49.475942], [36.825656, 49.407425], [36.828982, 49.407258], [36.838362, 49.405167], [36.889473, 49.380918], [36.918696, 49.387324], [37.004757, 49.380762], [37.00635, 49.376419], [37.025847, 49.37957], [37.030459, 49.379633], [37.037218, 49.380374], [37.042818, 49.379689], [37.044583, 49.3797], [37.046949, 49.38052], [37.049894, 49.380615], [37.051098, 49.38113], [37.051273, 49.381952], [37.052571, 49.383063], [37.055934, 49.383066], [37.058096, 49.383517], [37.061133, 49.383063], [37.067001, 49.380486], [37.078139, 49.370929], [37.080595, 49.368107], [37.081206, 49.365703], [37.074382, 49.351843], [37.073436, 49.350572], [37.07533, 49.348605], [37.076786, 49.336826], [37.040377, 49.31594], [37.015192, 49.296768], [37.010956, 49.296959], [37.008663, 49.300027], [37.008767, 49.301833], [37.006726, 49.303024], [37.002324, 49.303151], [36.992343, 49.302494], [36.985771, 49.299614], [36.977439, 49.303559], [36.964647, 49.298004], [36.961039, 49.300899], [36.949379, 49.294386], [36.953079, 49.290233], [36.951667, 49.283454], [36.931976, 49.275386], [36.923714, 49.276146], [36.924808, 49.2689], [36.936459, 49.254596], [36.946385, 49.227855], [36.944993, 49.222884], [36.937422, 49.216231], [36.931208, 49.215372], [36.932977, 49.212157], [36.930884, 49.204121], [36.92571, 49.20135], [36.92682, 49.197773], [36.926699, 49.196107], [36.923965, 49.194628], [36.923548, 49.191354], [36.92138, 49.189485], [36.923008, 49.18569], [36.928262, 49.178375], [36.945849, 49.177117], [36.950005, 49.182607], [36.965988, 49.181087], [36.97064, 49.17216], [36.99928, 49.181878], [37.040898, 49.166771], [37.038802, 49.144278], [36.996912, 49.129848], [36.966721, 49.105969], [36.985286, 49.096324], [37.008592, 49.099708], [37.030531, 49.107583], [37.078471, 49.091907], [37.087397, 49.057497], [37.09289, 49.050522], [37.136179, 49.046841], [37.174926, 49.033482], [37.176318, 49.007977], [37.252535, 48.982748], [37.356566, 48.991374], [37.411836, 48.986467], [37.433468, 49.002459], [37.526361, 49.012161], [37.536518, 49.022019], [37.567264, 49.0302], [37.578447, 49.037588], [37.601166, 49.045861], [37.621885, 49.046057], [37.628552, 49.038965], [37.65995, 49.033674], [37.66285, 49.03142], [37.663418, 49.029101], [37.660123, 49.026473], [37.655852, 49.0242], [37.655106, 49.021872], [37.656849, 49.020502], [37.661966, 49.020998], [37.667318, 49.019748], [37.666749, 49.015347], [37.649838, 49.010266], [37.646834, 49.00417], [37.643732, 49.003855], [37.639729, 49.006383], [37.630298, 49.000549], [37.623529, 48.995194], [37.625064, 48.992935], [37.627487, 48.992152], [37.632312, 48.99351], [37.634968, 48.992113], [37.632425, 48.988292], [37.627308, 48.985822], [37.633235, 48.983779], [37.634598, 48.981098], [37.630125, 48.974558], [37.628474, 48.968547], [37.626032, 48.96678], [37.618103, 48.967105], [37.615252, 48.96527], [37.614849, 48.962704], [37.627306, 48.955267], [37.63178, 48.95479], [37.636864, 48.949073], [37.659405, 48.944537], [37.663164, 48.945142], [37.665945, 48.943726], [37.674047, 48.943718], [37.682699, 48.947662], [37.690064, 48.949182], [37.695585, 48.957832], [37.699562, 48.958873], [37.704441, 48.957591], [37.706656, 48.95603], [37.70959, 48.95648], [37.712112, 48.953601], [37.711659, 48.95129], [37.722837, 48.953403], [37.72545, 48.952275], [37.725957, 48.950018], [37.723794, 48.947026], [37.725818, 48.943692], [37.728409, 48.941983], [37.740025, 48.93772], [37.766726, 48.919856], [37.768356, 48.908984], [37.767794, 48.901918], [37.760583, 48.895254], [37.764475, 48.894053], [37.764204, 48.891187], [37.758169, 48.88963], [37.761376, 48.887985], [37.765217, 48.883228], [37.767828, 48.88188], [37.776233, 48.884363], [37.780175, 48.888171], [37.788662, 48.892881], [37.819717, 48.895043], [37.837514, 48.891637], [37.839562, 48.891601], [37.843176, 48.888646], [37.847453, 48.886872], [37.851525, 48.885972], [37.857465, 48.885692], [37.858898, 48.886109], [37.859989, 48.887006], [37.861655, 48.887077], [37.863905, 48.886281], [37.864824, 48.884919], [37.8645, 48.883745], [37.863576, 48.883107], [37.8616, 48.882468], [37.861126, 48.88152], [37.863246, 48.88061], [37.867041, 48.879814], [37.869655, 48.878114], [37.873813, 48.877204], [37.8802, 48.877317], [37.884206, 48.879011], [37.884674, 48.8811], [37.882761, 48.882511], [37.882264, 48.88515], [37.883162, 48.885913], [37.886289, 48.886607], [37.889696, 48.886751], [37.89233, 48.888136], [37.894621, 48.888816], [37.896895, 48.888618], [37.899683, 48.887912], [37.901357, 48.886303], [37.903653, 48.884807], [37.902988, 48.882747], [37.900949, 48.881534], [37.900627, 48.880363], [37.901678, 48.878909], [37.905283, 48.878034], [37.907215, 48.879135], [37.910862, 48.880207], [37.914296, 48.879643], [37.918244, 48.880588], [37.92496, 48.884666], [37.926827, 48.886529], [37.93129, 48.892003], [37.930604, 48.893188], [37.932084, 48.895318], [37.932234, 48.898376], [37.936541, 48.904855], [37.945339, 48.910778], [37.953214, 48.912612], [37.956482, 48.91026], [37.956828, 48.907969], [37.95243, 48.903163], [37.953183, 48.901982], [37.959003, 48.901157], [37.961097, 48.901591], [37.963192, 48.901263], [37.968719, 48.902243], [37.973561, 48.903843], [37.974538, 48.906674], [37.9788, 48.910802], [37.986365, 48.911474], [37.98963, 48.91082], [37.991251, 48.908808], [37.992358, 48.906457], [37.993544, 48.906123], [37.994408, 48.906677], [37.994736, 48.910122], [37.998182, 48.91147], [38.001908, 48.910459], [38.005432, 48.907505], [38.00536, 48.905041], [38.006335, 48.904796], [38.00731, 48.905454], [38.007973, 48.908505], [38.009366, 48.909332], [38.011382, 48.909441], [38.01374, 48.908077], [38.014898, 48.908142], [38.015648, 48.908716], [38.016173, 48.911673], [38.020201, 48.912996], [38.020552, 48.914468], [38.020131, 48.916702], [38.021492, 48.917391], [38.025642, 48.917205], [38.027523, 48.916165], [38.028911, 48.913714], [38.030249, 48.914764], [38.031208, 48.917192], [38.037017, 48.925063], [38.041495, 48.929465], [38.041911, 48.932857], [38.044129, 48.935347], [38.051759, 48.939457], [38.055199, 48.940026], [38.063786, 48.937182], [38.080396, 48.940016], [38.090655, 48.94048], [38.094208, 48.93876], [38.095529, 48.935208], [38.107729, 48.933221], [38.110449, 48.933291], [38.115165, 48.93236], [38.11672, 48.93071], [38.117503, 48.927904], [38.119965, 48.926853], [38.127255, 48.927043], [38.130543, 48.925837], [38.132843, 48.924137], [38.136904, 48.926181], [38.139536, 48.931827], [38.142769, 48.933357], [38.152507, 48.931555], [38.160013, 48.931049], [38.166684, 48.931853], [38.181123, 48.929668], [38.185047, 48.92985], [38.194798, 48.928221], [38.199915, 48.928847], [38.211694, 48.931321], [38.222726, 48.934585], [38.2288196, 48.9379968], [38.2307476, 48.9391045], [38.2289054, 48.9409285], [38.2241419, 48.9412381], [38.2163746, 48.9382502], [38.2123174, 48.9382421], [38.205471, 48.9364578], [38.2038787, 48.9368084], [38.2032356, 48.937869], [38.2037083, 48.939888], [38.202787, 48.9415261], [38.2041393, 48.9428546], [38.1990761, 48.9495628], [38.199077, 48.9522683], [38.1986489, 48.957327], [38.1977912, 48.9621879], [38.19676, 48.9710994], [38.1612244, 48.9722614], [38.0962566, 48.9744338], [38.0966915, 48.9859852], [38.0882267, 48.9925926], [38.0869682, 49.0005821], [38.0680926, 49.0013781], [38.057727, 49.0038562], [38.0557572, 49.0086799], [38.0554844, 49.0124049], [38.0369946, 49.0133438], [38.0094919, 49.0136015], [38.0007869, 49.0183106], [38.0012979, 49.0235141], [37.9990768, 49.0369799], [38.0004127, 49.0416614], [37.9965146, 49.0519106], [37.9959599, 49.0544745], [37.9964388, 49.0595735], [37.9963601, 49.0624494], [37.9905274, 49.0670086], [37.9888985, 49.0697096], [37.9843596, 49.0748492], [37.9879674, 49.0819443], [37.9714945, 49.0853689], [37.9604693, 49.0791119], [37.933789, 49.07477], [37.9179177, 49.0818657], [37.9124587, 49.0884916], [37.9094893, 49.0951174], [37.9179702, 49.1058768], [37.8884269, 49.1160723], [37.8959737, 49.1225705], [37.8980246, 49.1300783], [37.9271922, 49.1277953], [37.9501692, 49.1351351], [37.9528593, 49.1491975], [37.9564366, 49.1613698], [37.9659436, 49.1732878], [37.9718897, 49.1809681], [37.9712257, 49.1893753], [37.9701051, 49.2035928], [37.9724009, 49.2193931], [37.9468637, 49.2297306], [37.9509918, 49.2383272], [37.9729811, 49.2384265], [37.9865112, 49.2402274], [37.990514, 49.246792], [37.9939962, 49.2564643], [38.0066487, 49.2659024], [37.9992818, 49.2698511], [38.0047817, 49.2761096], [38.0086051, 49.2810306], [38.0077081, 49.2839919], [38.0059201, 49.2842737], [38.0030591, 49.2823438], [38.0027302, 49.2804187], [37.9972653, 49.2811034], [37.9933733, 49.2792249], [37.9816395, 49.2798345], [37.9727631, 49.2765726], [37.956642, 49.2866812], [37.9527602, 49.2928868], [37.9490815, 49.299019], [37.9490932, 49.3024647], [37.9557263, 49.3025838], [37.9590127, 49.3110256], [37.9578452, 49.3174491], [37.9619141, 49.3221936], [37.9622858, 49.3258382], [37.9612841, 49.329427], [37.9576868, 49.3322922], [37.9519709, 49.3326886], [37.9465124, 49.3337], [37.9410025, 49.3356789], [37.9389255, 49.339], [37.9362475, 49.3449454], [37.9362807, 49.3481098], [37.9421937, 49.3515949], [37.943644, 49.3538497], [37.9490329, 49.3570452], [37.9494421, 49.3594865], [37.9482231, 49.3609487], [37.9458097, 49.3619374], [37.9410797, 49.3679885], [37.9234138, 49.367353], [37.9169072, 49.374987], [37.8742377, 49.3758855], [37.8639231, 49.3773384], [37.8576544, 49.3704088], [37.8536621, 49.370241], [37.8448625, 49.3761089], [37.8433096, 49.3844902], [37.8240518, 49.3979524], [37.7989228, 49.4061068], [37.7801701, 49.4138688], [37.7638324, 49.4356537], [37.7692962, 49.4495102], [37.7566682, 49.4612423], [37.7636078, 49.4801148], [37.7860586, 49.4823753], [37.7999317, 49.4938938], [37.7687791, 49.5012851], [37.7370874, 49.5003871], [37.71964, 49.5074012], [37.708931, 49.5083045], [37.6937224, 49.5129053], [37.6905302, 49.5267544], [37.6925564, 49.5420229], [37.6971055, 49.5522697], [37.6990326, 49.5568593], [37.7014653, 49.5598606], [37.7077916, 49.5609632], [37.7132141, 49.5637709], [37.7231842, 49.5659659], [37.7393963, 49.5723056], [37.7609175, 49.5719694], [37.7701428, 49.5738011], [37.7774985, 49.5879561], [37.7827096, 49.5970435], [37.7761283, 49.6050846], [37.7917808, 49.6110575], [37.8311933, 49.6132819], [37.8380797, 49.6167709], [37.851829, 49.629752], [37.8534272, 49.6412378], [37.8511838, 49.6444891], [37.8601846, 49.6472402], [37.8611906, 49.6491852], [37.8789488, 49.6496295], [37.8796268, 49.6520466], [37.8729782, 49.6678479], [37.8648912, 49.6703134], [37.8668457, 49.6777225], [37.8692958, 49.68071], [37.887755, 49.6853881], [37.8982383, 49.6943006], [37.8976079, 49.7000218], [37.8925137, 49.7017463], [37.883384, 49.7010812], [37.8708199, 49.705691], [37.8666756, 49.7115492], [37.8558069, 49.7156908], [37.8434828, 49.7167477], [37.8337147, 49.7229915], [37.832014, 49.727792], [37.8192415, 49.7313683], [37.8054375, 49.7333897], [37.7912176, 49.7338594], [37.7798292, 49.7407075], [37.7533112, 49.739708], [37.7481289, 49.7415585], [37.7369821, 49.7517832], [37.7241157, 49.7536881], [37.7118262, 49.7589004], [37.7043526, 49.7638435], [37.6958754, 49.7630042], [37.6951613, 49.7592528], [37.6886111, 49.7578854], [37.6873315, 49.7564809], [37.6796148, 49.7563516], [37.6733646, 49.7465546], [37.684053, 49.7438953], [37.6789483, 49.7383517], [37.6424841, 49.7401073], [37.6491559, 49.755466], [37.6476881, 49.7654138], [37.6484152, 49.7741222], [37.6538625, 49.784214], [37.6543447, 49.7897311], [37.6537807, 49.7922005], [37.6367372, 49.7935064], [37.6065076, 49.7986738], [37.6225111, 49.8187919], [37.622139, 49.8244925], [37.6063858, 49.8261068], [37.6013833, 49.8351084], [37.6068652, 49.8418232], [37.6199066, 49.8430213], [37.6269386, 49.8360262], [37.6433258, 49.8288466], [37.6700112, 49.8397312], [37.66642, 49.8412265], [37.6609424, 49.8418447], [37.6552755, 49.8469402], [37.6443003, 49.8520713], [37.6456956, 49.8567436], [37.6612543, 49.8564641], [37.6742377, 49.8536934], [37.6803456, 49.8622813], [37.680886, 49.8685995], [37.6939586, 49.8693849], [37.7018188, 49.867416], [37.7005472, 49.8559246], [37.7069949, 49.8558909], [37.7142347, 49.8582217], [37.7185029, 49.8613517], [37.7114632, 49.8672614], [37.7117174, 49.8765621], [37.7166319, 49.8875484], [37.7313829, 49.8970343], [37.7401466, 49.8940632], [37.747108, 49.8946865], [37.7541654, 49.8996929], [37.7652949, 49.8999837], [37.7655301, 49.9043661], [37.7714306, 49.9063161], [37.7736363, 49.9111685], [37.7711212, 49.9134782], [37.7750178, 49.9215245], [37.7737126, 49.9293274], [37.7802023, 49.9355403], [37.7863092, 49.9384916], [37.7886343, 49.9373978], [37.793004, 49.940646], [37.802204, 49.943098], [37.8046382, 49.9460033], [37.8019072, 49.9469589], [37.802781, 49.9480249], [37.8083366, 49.9507424], [37.8083758, 49.9536924], [37.8178111, 49.9564429], [37.8191809, 49.9575655], [37.8174608, 49.9595715], [37.8299874, 49.9736323], [37.8548556, 49.9712574], [37.855187, 49.9745972], [37.874907, 49.9819376], [37.8794112, 49.9809706], [37.8854604, 49.9814384], [37.8869122, 49.9888827], [37.8913719, 49.9894833], [37.8922711, 49.9956875], [37.8993517, 50.0040983], [37.9107566, 50.0035725], [37.92525, 50.0139935], [37.9394452, 50.0155812], [37.933318, 50.023534], [37.930119, 50.027404], [37.926727, 50.034251], [37.922215, 50.037343], [37.902916, 50.046732], [37.892382, 50.050791], [37.884187, 50.052239], [37.860336, 50.055529], [37.85541, 50.057575], [37.848594, 50.059511], [37.830304, 50.066357], [37.818403, 50.071844], [37.797614, 50.084242], [37.755685, 50.078479], [37.747677, 50.08728], [37.746894, 50.090286], [37.743259, 50.094482], [37.739688, 50.09737], [37.734733, 50.102072], [37.72953, 50.104712], [37.725699, 50.107049], [37.707716, 50.127194], [37.708464, 50.133559], [37.703409, 50.134065], [37.698527, 50.13523], [37.690992, 50.142622], [37.682768, 50.145778], [37.674793, 50.14983], [37.671109, 50.151243], [37.667048, 50.155722], [37.654213, 50.166066], [37.650496, 50.171498], [37.644032, 50.174016], [37.64061, 50.177706], [37.639847, 50.181424], [37.6436, 50.190866], [37.614813, 50.216982], [37.627239, 50.242089], [37.626422, 50.29285], [37.628849, 50.296506], [37.638036, 50.302533], [37.635559, 50.31125], [37.629797, 50.313827], [37.608628, 50.316499], [37.595027, 50.316211], [37.585698, 50.314359], [37.576876, 50.306363], [37.555443, 50.32965], [37.52128, 50.336408], [37.505887, 50.352039], [37.485066, 50.356759], [37.48231, 50.36271], [37.473198, 50.368613], [37.466142, 50.382672], [37.465752, 50.430052], [37.482536, 50.431492], [37.484493, 50.445003], [37.490915, 50.457394], [37.476859, 50.459505], [37.473266, 50.455697], [37.469072, 50.453555], [37.432518, 50.443688], [37.421312, 50.434954], [37.396863, 50.431144], [37.376938, 50.432749], [37.352533, 50.437457], [37.332204, 50.436971], [37.319686, 50.432835], [37.310122, 50.426412], [37.309135, 50.423059], [37.299616, 50.406164], [37.292321, 50.4012], [37.264421, 50.39402], [37.257897, 50.390997], [37.256017, 50.392596], [37.222262, 50.37928], [37.223336, 50.377942], [37.196816, 50.369164], [37.183669, 50.363709], [37.16087, 50.358836], [37.149026, 50.355824], [37.13834, 50.360998], [37.103256, 50.357316], [37.105509, 50.351607], [37.073835, 50.3469], [37.059759, 50.347105], [37.044784, 50.344966], [37.037963, 50.348663], [37.0191703, 50.3330588], [37.0326546, 50.3206877], [37.0181707, 50.313151], [37.0159133, 50.3075718], [37.011352, 50.3072763], [37.0035289, 50.309502], [36.9863623, 50.3054244], [36.9809117, 50.3068009], [36.9771347, 50.3057983], [36.9727022, 50.3011069], [36.9507616, 50.2937842], [36.9496715, 50.2951256], [36.9449416, 50.2934176], [36.9422101, 50.2938865], [36.9398772, 50.2931682], [36.9399748, 50.2914301], [36.9407711, 50.2896264], [36.9383463, 50.2891876], [36.9388496, 50.2875526], [36.9326905, 50.2859547], [36.927067, 50.2884616], [36.9249623, 50.2905018], [36.9221278, 50.2916647], [36.907789, 50.2888356], [36.8876604, 50.2790986], [36.8659885, 50.2697118], [36.8671463, 50.2618427], [36.8642492, 50.2571124], [36.8606658, 50.2572657], [36.8525124, 50.2574946], [36.8492041, 50.258367], [36.8458556, 50.2561398], [36.8399358, 50.2548568], [36.8359896, 50.2519551], [36.8294713, 50.2446146], [36.8030396, 50.2420508], [36.7771282, 50.2384938], [36.7610822, 50.2443255], [36.7429696, 50.2569608], [36.7040349, 50.2642144], [36.700968, 50.2642372], [36.694639, 50.269088], [36.6912708, 50.2684718], [36.688761, 50.266868], [36.682936, 50.257028], [36.684064, 50.250425], [36.679584, 50.237823], [36.66411, 50.222172], [36.648031, 50.217714], [36.640062, 50.222317], [36.615239, 50.227921], [36.613489, 50.223726], [36.5882007, 50.2218926], [36.5784346, 50.2244349], [36.5695253, 50.2300514], [36.5403378, 50.2349938], [36.5347766, 50.2351306]]]}}, {"type": "Feature", "properties": {"name": "Liberated", "date": "2025-01-31", "layer_type": "liberated"}, "geometry": {"type": "Polygon", "coordinates": [[[37.030459, 49.379633], [37.032091, 49.375233], [37.038485, 49.373836], [37.045964, 49.368058], [37.053956, 49.361273], [37.057228, 49.35487], [37.063246, 49.352212], [37.073436, 49.350572], [37.074382, 49.351843], [37.081206, 49.365703], [37.080595, 49.368107], [37.078139, 49.370929], [37.074942, 49.373668], [37.067001, 49.380486], [37.061133, 49.383063], [37.058096, 49.383517], [37.055934, 49.383066], [37.052571, 49.383063], [37.051273, 49.381952], [37.051098, 49.38113], [37.049894, 49.380615], [37.046949, 49.38052], [37.044583, 49.3797], [37.042818, 49.379689], [37.037218, 49.380374], [37.030459, 49.379633]]]}}, {"type": "Feature", "properties": {"name": "Liberated", "date": "2025-01-31", "layer_type": "liberated"}, "geometry": {"type": "Polygon", "coordinates": [[[36.215025, 47.593004], [36.2629409, 47.597687], [36.2969298, 47.6049792], [36.2960259, 47.6107683], [36.2663369, 47.6097719], [36.2443163, 47.6078022], [36.215025, 47.593004]]]}}, {"type": "Feature", "properties": {"name": "Liberated", "date": "2025-01-31", "layer_type": "liberated"}, "geometry": {"type": "Polygon", "coordinates": [[[35.799415, 47.4802599], [35.809198, 47.4696987], [35.8061052, 47.4604138], [35.8149894, 47.4616972], [35.8243292, 47.4593076], [35.8343391, 47.4580962], [35.8524936, 47.4640407], [35.857582, 47.4687007], [35.8899481, 47.4657014], [35.8984847, 47.4803564], [35.9144216, 47.487795], [35.9304818, 47.4936414], [35.9519395, 47.4946853], [35.9603509, 47.4995564], [35.9629258, 47.5019339], [35.9646424, 47.5095292], [35.9601609, 47.5073986], [35.950263, 47.501073], [35.9468182, 47.4956694], [35.9167117, 47.4954572], [35.9168179, 47.4945471], [35.873586, 47.498832], [35.871024, 47.496852], [35.851167, 47.498208], [35.84925, 47.496112], [35.8266206, 47.4975021], [35.8087249, 47.4968062], [35.806108, 47.4942027], [35.8048646, 47.4909033], [35.7974832, 47.4911933], [35.799415, 47.4802599]]]}}, {"type": "Feature", "properties": {"name": "Liberated", "date": "2025-01-31", "layer_type": "liberated"}, "geometry": {"type": "Polygon", "coordinates": [[[32.779672, 47.098764], [32.761616, 47.082322], [32.718172, 47.068209], [32.673554, 47.06784], [32.638993, 47.065722], [32.51994, 47.044387], [32.515198, 47.020965], [32.50721, 47.006063], [32.487384, 46.998417], [32.476656, 46.985068], [32.42264, 46.959012], [32.397005, 46.929504], [32.399332, 46.896304], [32.404311, 46.883165], [32.382766, 46.876949], [32.35573, 46.876594], [32.356744, 46.866851], [32.361407, 46.856516], [32.37102, 46.844776], [32.363956, 46.83223], [32.304247, 46.777343], [32.244907, 46.770425], [32.217517, 46.749644], [32.170699, 46.746051], [32.146252, 46.706302], [32.126854, 46.699876], [32.106856, 46.690468], [32.09306, 46.673078], [32.088882, 46.654511], [32.088145, 46.643406], [32.087304, 46.637685], [32.060233, 46.637724], [32.057711, 46.61386], [32.080295, 46.616655], [32.0961861, 46.615849], [32.1129541, 46.6053325], [32.1402813, 46.5572867], [32.1873925, 46.576002], [32.2095774, 46.577286], [32.2428515, 46.5916357], [32.2504876, 46.5922962], [32.2623315, 46.5895889], [32.2724573, 46.584993], [32.277619, 46.581814], [32.279338, 46.578302], [32.283459, 46.576606], [32.285863, 46.577705], [32.305432, 46.561599], [32.309901, 46.560252], [32.313597, 46.558138], [32.31571, 46.555828], [32.315559, 46.554955], [32.317274, 46.552295], [32.320637, 46.550509], [32.32362, 46.551159], [32.3254231, 46.5499199], [32.3362867, 46.5505155], [32.3448106, 46.5479378], [32.3575373, 46.5504201], [32.3681252, 46.54825], [32.3855246, 46.5480459], [32.3878549, 46.5484286], [32.3972836, 46.5536517], [32.4086025, 46.5582837], [32.4141585, 46.5600751], [32.4199722, 46.560981], [32.4271321, 46.5596907], [32.4400095, 46.5606437], [32.4482955, 46.562658], [32.459937, 46.567326], [32.47783, 46.573975], [32.482651, 46.580151], [32.487488, 46.582987], [32.494756, 46.585526], [32.505932, 46.593668], [32.519086, 46.596044], [32.543055, 46.595085], [32.559408, 46.600272], [32.563643, 46.597926], [32.57031, 46.596458], [32.578664, 46.596491], [32.580481, 46.597716], [32.580875, 46.600893], [32.592384, 46.60525], [32.60566, 46.615369], [32.612931, 46.622598], [32.618897, 46.624154], [32.631731, 46.632636], [32.657581, 46.654308], [32.719456, 46.673397], [32.728849, 46.675088], [32.755606, 46.672542], [32.773877, 46.672526], [32.786939, 46.674299], [32.801634, 46.67925], [32.813032, 46.684417], [32.827459, 46.694855], [32.845144, 46.703664], [32.851156, 46.709147], [32.869028, 46.721807], [32.890406, 46.736228], [32.895548, 46.736977], [32.897712, 46.738027], [32.898318, 46.739912], [32.899996, 46.741025], [32.907096, 46.741392], [32.912009, 46.743111], [32.915002, 46.743213], [32.916867, 46.742108], [32.917929, 46.742108], [32.918963, 46.742409], [32.92344, 46.742552], [32.923636, 46.742159], [32.927996, 46.74222], [32.932786, 46.7414], [32.93571, 46.741571], [32.937087, 46.7412], [32.938612, 46.73928], [32.940781, 46.738477], [32.948897, 46.739753], [32.959417, 46.73997], [32.97646, 46.742479], [32.997452, 46.742279], [33.00028, 46.743289], [33.015138, 46.74205], [33.034643, 46.74336], [33.04641, 46.747499], [33.065706, 46.75815], [33.078835, 46.761997], [33.096255, 46.76942], [33.11531, 46.775666], [33.141364, 46.785627], [33.165301, 46.78799], [33.183857, 46.788451], [33.189874, 46.787889], [33.205203, 46.788031], [33.207941, 46.786661], [33.211322, 46.783278], [33.213729, 46.782771], [33.217623, 46.783443], [33.220922, 46.784808], [33.227196, 46.78571], [33.23407, 46.786025], [33.24294, 46.783984], [33.252881, 46.783145], [33.25732, 46.783542], [33.260484, 46.782654], [33.272537, 46.78265], [33.281028, 46.784129], [33.283395, 46.783868], [33.287496, 46.780725], [33.292347, 46.778977], [33.298291, 46.775583], [33.303553, 46.774195], [33.310132, 46.774235], [33.316412, 46.775304], [33.34498, 46.781819], [33.352337, 46.7785], [33.35844, 46.781821], [33.364243, 46.778735], [33.37058, 46.781027], [33.359708, 46.78617], [33.403927, 46.823707], [33.428103, 46.836644], [33.473008, 46.847824], [33.509575, 46.857704], [33.57029, 46.854484], [33.593648, 46.86243], [33.598621, 46.898825], [33.59776, 46.923489], [33.602238, 46.942474], [33.614096, 46.95437], [33.654812, 46.985358], [33.660419, 47.005374], [33.659104, 47.022138], [33.652122, 47.043697], [33.688464, 47.064894], [33.725258, 47.079342], [33.760274, 47.096058], [33.779746, 47.117784], [33.78823, 47.131702], [33.78722, 47.143049], [33.783462, 47.159649], [33.781351, 47.179716], [33.762361, 47.183983], [33.755101, 47.191071], [33.747431, 47.193219], [33.722766, 47.192331], [33.695739, 47.196379], [33.65373, 47.194456], [33.568187, 47.194677], [33.53245, 47.223669], [33.51023, 47.234407], [33.464188, 47.252034], [33.401323, 47.264058], [33.319738, 47.245774], [33.160134, 47.191439], [33.131326, 47.16619], [33.108905, 47.117912], [33.098847, 47.121375], [33.075743, 47.112922], [33.051844, 47.11797], [33.040762, 47.120659], [33.015179, 47.128425], [33.006585, 47.13005], [33.002391, 47.131541], [33.001942, 47.130199], [33.000635, 47.129003], [32.998836, 47.126961], [32.992695, 47.123066], [32.986662, 47.120616], [32.977022, 47.118665], [32.96972, 47.116071], [32.962763, 47.116033], [32.951879, 47.117454], [32.950888, 47.117357], [32.950375, 47.117023], [32.94999, 47.115288], [32.951068, 47.113299], [32.952553, 47.112201], [32.954768, 47.110943], [32.957413, 47.109992], [32.962787, 47.108702], [32.966079, 47.108147], [32.970487, 47.108146], [32.971927, 47.107854], [32.972658, 47.107109], [32.973596, 47.105276], [32.973982, 47.103516], [32.97345, 47.101193], [32.972662, 47.099338], [32.970524, 47.097976], [32.967443, 47.097258], [32.964222, 47.097211], [32.961344, 47.097778], [32.955235, 47.101108], [32.954409, 47.102105], [32.951088, 47.10558], [32.950557, 47.105958], [32.949624, 47.106276], [32.945848, 47.106314], [32.942499, 47.105761], [32.940192, 47.104615], [32.939173, 47.103733], [32.937418, 47.100323], [32.935535, 47.094548], [32.934773, 47.090212], [32.933967, 47.087237], [32.930415, 47.084788], [32.925358, 47.083417], [32.923863, 47.08396], [32.916954, 47.085218], [32.914101, 47.086957], [32.913908, 47.087851], [32.910072, 47.091606], [32.909005, 47.094091], [32.909058, 47.096811], [32.911494, 47.101473], [32.913645, 47.103512], [32.913907, 47.104368], [32.913328, 47.105088], [32.910752, 47.107798], [32.901026, 47.112588], [32.897564, 47.113362], [32.894446, 47.113464], [32.89326, 47.112839], [32.891794, 47.11109], [32.890451, 47.106452], [32.891006, 47.103083], [32.894049, 47.097771], [32.89831, 47.089361], [32.89739, 47.08791], [32.892552, 47.086078], [32.888015, 47.083809], [32.884476, 47.082367], [32.881352, 47.080924], [32.877808, 47.079996], [32.872565, 47.077628], [32.870727, 47.077232], [32.868782, 47.077376], [32.865, 47.079038], [32.862777, 47.079424], [32.854255, 47.07894], [32.851811, 47.079187], [32.849432, 47.080091], [32.848363, 47.082512], [32.846913, 47.084199], [32.844097, 47.086111], [32.842606, 47.089723], [32.823949, 47.089009], [32.812037, 47.098041], [32.779672, 47.098764]]]}}, {"type": "Feature", "properties": {"name": "Liberated", "date": "2025-01-31", "layer_type": "liberated"}, "geometry": {"type": "Polygon", "coordinates": [[[32.7135397, 46.665026], [32.6937129, 46.6602545], [32.6804951, 46.6561604], [32.6651742, 46.6503571], [32.6543354, 46.6437608], [32.6583549, 46.6438222], [32.672038, 46.6505105], [32.6980223, 46.6586251], [32.7192047, 46.6610793], [32.7221565, 46.658665], [32.725937, 46.6590433], [32.7288982, 46.6560977], [32.7362233, 46.6563831], [32.7583542, 46.6620291], [32.7804632, 46.6646922], [32.7972636, 46.6687564], [32.8075431, 46.6731134], [32.8254773, 46.6755221], [32.8269328, 46.6775767], [32.824662, 46.6786573], [32.8116377, 46.6756688], [32.8058711, 46.6755403], [32.7995467, 46.6744103], [32.7955368, 46.6721818], [32.779287, 46.6677146], [32.7588155, 46.6645251], [32.7262858, 46.6643486], [32.7256378, 46.6647294], [32.7232539, 46.6649788], [32.719561, 46.6656992], [32.7168078, 46.6655099], [32.7135397, 46.665026]]]}}, {"type": "Feature", "properties": {"name": "Liberated", "date": "2025-01-31", "layer_type": "liberated"}, "geometry": {"type": "Polygon", "coordinates": [[[33.407555, 47.456726], [33.388963, 47.458133], [33.389887, 47.456513], [33.389867, 47.455154], [33.389183, 47.449622], [33.389446, 47.448278], [33.389328, 47.445557], [33.388567, 47.441878], [33.387247, 47.440507], [33.383953, 47.439716], [33.382945, 47.439266], [33.382473, 47.438105], [33.384694, 47.435761], [33.386614, 47.432662], [33.388588, 47.431152], [33.392628, 47.428405], [33.394908, 47.4274], [33.400594, 47.427139], [33.400953, 47.427534], [33.405744, 47.426827], [33.407137, 47.425794], [33.406955, 47.423818], [33.400057, 47.420435], [33.39637, 47.417666], [33.387482, 47.416602], [33.378878, 47.416474], [33.37672, 47.417397], [33.373657, 47.418599], [33.369477, 47.419511], [33.366586, 47.417395], [33.366077, 47.415395], [33.365366, 47.413128], [33.36575, 47.411979], [33.365102, 47.409914], [33.364979, 47.405612], [33.365715, 47.40134], [33.366708, 47.399105], [33.366951, 47.397334], [33.369668, 47.393415], [33.369524, 47.391969], [33.369921, 47.390529], [33.373336, 47.387982], [33.37541, 47.386903], [33.376142, 47.385946], [33.375222, 47.382193], [33.373111, 47.380267], [33.37144, 47.379699], [33.369686, 47.379681], [33.368732, 47.379109], [33.369173, 47.376989], [33.369002, 47.376154], [33.368145, 47.376127], [33.368235, 47.373966], [33.367599, 47.372623], [33.360272, 47.36871], [33.359309, 47.368634], [33.357692, 47.367904], [33.354962, 47.365673], [33.354029, 47.365223], [33.351543, 47.364944], [33.349057, 47.364563], [33.347402, 47.364965], [33.345884, 47.365782], [33.345101, 47.36555], [33.344951, 47.364598], [33.345521, 47.363146], [33.345791, 47.362123], [33.345696, 47.36155], [33.345324, 47.361021], [33.34345, 47.36058], [33.34164, 47.360574], [33.34042, 47.360801], [33.339306, 47.361333], [33.338476, 47.362662], [33.337709, 47.363148], [33.335382, 47.363502], [33.333216, 47.364442], [33.332144, 47.364684], [33.329904, 47.364302], [33.327163, 47.36457], [33.32408, 47.365171], [33.322566, 47.365204], [33.320858, 47.365556], [33.318244, 47.366588], [33.315512, 47.367803], [33.312214, 47.369875], [33.310973, 47.370495], [33.310216, 47.370595], [33.309519, 47.370454], [33.308517, 47.370079], [33.3073, 47.369835], [33.305265, 47.369231], [33.299079, 47.368335], [33.298553, 47.367881], [33.299034, 47.36679], [33.298518, 47.366229], [33.297347, 47.365675], [33.295464, 47.365648], [33.293585, 47.364721], [33.293036, 47.36398], [33.292883, 47.362395], [33.292105, 47.360388], [33.290211, 47.357337], [33.289288, 47.354688], [33.289727, 47.353916], [33.291492, 47.352963], [33.292012, 47.352242], [33.292182, 47.351044], [33.291537, 47.349511], [33.290657, 47.348802], [33.288286, 47.347692], [33.285297, 47.346032], [33.284619, 47.345493], [33.284627, 47.345012], [33.285189, 47.344097], [33.286156, 47.343437], [33.286554, 47.342321], [33.287783, 47.339757], [33.289013, 47.338648], [33.290916, 47.33757], [33.295172, 47.335431], [33.296956, 47.334245], [33.299667, 47.333007], [33.301006, 47.331521], [33.300972, 47.330529], [33.301063, 47.329692], [33.300294, 47.328574], [33.299524, 47.328534], [33.299063, 47.328196], [33.297618, 47.327958], [33.296602, 47.327299], [33.297699, 47.326501], [33.299042, 47.325272], [33.299055, 47.323985], [33.298195, 47.323501], [33.297508, 47.322736], [33.29622, 47.321975], [33.293817, 47.321507], [33.291585, 47.321796], [33.290255, 47.322174], [33.289332, 47.322101], [33.286951, 47.321039], [33.285372, 47.321071], [33.279348, 47.322368], [33.266842, 47.327242], [33.264942, 47.328132], [33.262311, 47.329546], [33.26074, 47.330808], [33.256766, 47.334224], [33.256156, 47.334598], [33.25495, 47.334872], [33.253744, 47.334826], [33.252068, 47.334168], [33.250844, 47.333607], [33.24889, 47.332144], [33.246829, 47.330135], [33.245455, 47.328113], [33.242494, 47.325967], [33.240649, 47.324694], [33.237708, 47.323195], [33.234339, 47.32219], [33.233479, 47.321647], [33.233134, 47.320473], [33.234335, 47.316798], [33.235316, 47.315247], [33.235549, 47.314385], [33.236438, 47.312819], [33.238127, 47.311497], [33.241847, 47.30944], [33.244965, 47.308663], [33.246583, 47.307671], [33.250517, 47.306795], [33.255705, 47.30621], [33.258361, 47.305566], [33.262326, 47.305824], [33.267227, 47.307757], [33.269853, 47.307653], [33.270766, 47.307441], [33.274098, 47.30719], [33.274691, 47.30654], [33.275717, 47.305866], [33.275584, 47.304174], [33.275222, 47.303026], [33.274955, 47.301142], [33.275079, 47.300549], [33.275742, 47.299118], [33.275515, 47.297383], [33.274602, 47.295998], [33.273744, 47.29499], [33.271812, 47.293031], [33.26986, 47.292256], [33.268927, 47.291664], [33.26773, 47.290669], [33.264, 47.287931], [33.263058, 47.287899], [33.261708, 47.288186], [33.261118, 47.287602], [33.259879, 47.287077], [33.256709, 47.28661], [33.249782, 47.286374], [33.249222, 47.286574], [33.247225, 47.286179], [33.242879, 47.286855], [33.239977, 47.288677], [33.238869, 47.288861], [33.232739, 47.28884], [33.231899, 47.289548], [33.231693, 47.29031], [33.230989, 47.292088], [33.229822, 47.292366], [33.228955, 47.292061], [33.228236, 47.291344], [33.226718, 47.291393], [33.224771, 47.290918], [33.22023, 47.289504], [33.216287, 47.287778], [33.214487, 47.286682], [33.21363, 47.285814], [33.211914, 47.285089], [33.211013, 47.284639], [33.209951, 47.28409], [33.209147, 47.283424], [33.209544, 47.283079], [33.209614, 47.281946], [33.208833, 47.280651], [33.207671, 47.279276], [33.205092, 47.277348], [33.204157, 47.276365], [33.202271, 47.273324], [33.20107, 47.272124], [33.198497, 47.268244], [33.198156, 47.266514], [33.198158, 47.264629], [33.197687, 47.264124], [33.195949, 47.263303], [33.194126, 47.262075], [33.193771, 47.261183], [33.193999, 47.257414], [33.194449, 47.257267], [33.19552, 47.256595], [33.196442, 47.25556], [33.196989, 47.254576], [33.197734, 47.253793], [33.199909, 47.252324], [33.200138, 47.251531], [33.199609, 47.250814], [33.197929, 47.249902], [33.195844, 47.24965], [33.193299, 47.250019], [33.192027, 47.250088], [33.191477, 47.249772], [33.191545, 47.249148], [33.192137, 47.24837], [33.193892, 47.247311], [33.194984, 47.246461], [33.195347, 47.245553], [33.195253, 47.244835], [33.192932, 47.242553], [33.191686, 47.242082], [33.189604, 47.241992], [33.187318, 47.242733], [33.18682, 47.243337], [33.186784, 47.243959], [33.186423, 47.244183], [33.185659, 47.243244], [33.185089, 47.242689], [33.184675, 47.241683], [33.184639, 47.238966], [33.184193, 47.238015], [33.182167, 47.237016], [33.17991, 47.236661], [33.178782, 47.236921], [33.177702, 47.237546], [33.176347, 47.237801], [33.175155, 47.236879], [33.173014, 47.23362], [33.167952, 47.23339], [33.166752, 47.234178], [33.166195, 47.234106], [33.163856, 47.231622], [33.160187, 47.231352], [33.158464, 47.232638], [33.159318, 47.234447], [33.162621, 47.235584], [33.162899, 47.235978], [33.161751, 47.236379], [33.1591, 47.235614], [33.156432, 47.235618], [33.152695, 47.234658], [33.15147, 47.234207], [33.150772, 47.233544], [33.150337, 47.232659], [33.148875, 47.230992], [33.147801, 47.230509], [33.142286, 47.230121], [33.140988, 47.230539], [33.138836, 47.231448], [33.132954, 47.233009], [33.127372, 47.230957], [33.126723, 47.229852], [33.126699, 47.228804], [33.127116, 47.225774], [33.127711, 47.222423], [33.128524, 47.22066], [33.129402, 47.219283], [33.134057, 47.213271], [33.135416, 47.212719], [33.136739, 47.212443], [33.142465, 47.211138], [33.142839, 47.210778], [33.142955, 47.209805], [33.147475, 47.208662], [33.159992, 47.202726], [33.158525, 47.20139], [33.160134, 47.191439], [33.319738, 47.245774], [33.401323, 47.264058], [33.464188, 47.252034], [33.51023, 47.234407], [33.53245, 47.223669], [33.552448, 47.207459], [33.568187, 47.194677], [33.65373, 47.194456], [33.695739, 47.196379], [33.722766, 47.192331], [33.747431, 47.193219], [33.755101, 47.191071], [33.762361, 47.183983], [33.781351, 47.179716], [33.824784, 47.194883], [33.853366, 47.206605], [33.86621, 47.209513], [33.888086, 47.221928], [33.912463, 47.241042], [33.920374, 47.272734], [33.935248, 47.285847], [33.966425, 47.303069], [33.977628, 47.366582], [33.97232, 47.393538], [33.957219, 47.418286], [33.948666, 47.454682], [33.940007, 47.471197], [33.936516, 47.486856], [33.9038566, 47.4826507], [33.87602, 47.481319], [33.835628, 47.434185], [33.830004, 47.427839], [33.724879, 47.414635], [33.672908, 47.407313], [33.620717, 47.369784], [33.591928, 47.38146], [33.590453, 47.40962], [33.567414, 47.421086], [33.518465, 47.454449], [33.491088, 47.453532], [33.46223, 47.445176], [33.453049, 47.462764], [33.407555, 47.456726]]]}}, {"type": "Feature", "properties": {"name": "Liberated", "date": "2025-01-31", "layer_type": "liberated"}, "geometry": {"type": "Polygon", "coordinates": [[[31.3936, 47.4637], [31.400252, 47.464657], [31.403792, 47.466862], [31.410766, 47.470314], [31.40752, 47.500889], [31.388682, 47.522603], [31.380828, 47.521823], [31.376539, 47.519591], [31.389587, 47.499389], [31.381455, 47.467848], [31.3936, 47.4637]]]}}, {"type": "Feature", "properties": {"name": "Liberated 31.03 - 02.04", "date": "2025-01-31", "layer_type": "liberated"}, "geometry": {"type": "Polygon", "coordinates": [[[30.283457, 50.625255], [30.295249, 50.704706], [30.337408, 50.719198], [30.357552, 50.724808], [30.377442, 50.727207], [30.380606, 50.732137], [30.377983, 50.736666], [30.375789, 50.741847], [30.373465, 50.743918], [30.369082, 50.743599], [30.366751, 50.750402], [30.368401, 50.752686], [30.382412, 50.75877], [30.381593, 50.760904], [30.377168, 50.76358], [30.373984, 50.768606], [30.37286, 50.772492], [30.373928, 50.775358], [30.376026, 50.77779], [30.371373, 50.780894], [30.368702, 50.783641], [30.367668, 50.785204], [30.367663, 50.787418], [30.37595, 50.792381], [30.375245, 50.79413], [30.373434, 50.794408], [30.373987, 50.796445], [30.376514, 50.798863], [30.380596, 50.806662], [30.381588, 50.814353], [30.388558, 50.818247], [30.389125, 50.822959], [30.392268, 50.828213], [30.401044, 50.833705], [30.406045, 50.838222], [30.40858, 50.842675], [30.407444, 50.846202], [30.410858, 50.850272], [30.415975, 50.853307], [30.423154, 50.856613], [30.425742, 50.863793], [30.424204, 50.867654], [30.42601, 50.873539], [30.420562, 50.877456], [30.418374, 50.880236], [30.419607, 50.882598], [30.445732, 50.887124], [30.442027, 50.907279], [30.450132, 50.912161], [30.455492, 50.91964], [30.447908, 50.945705], [30.432422, 50.965923], [30.444025, 50.984303], [30.425335, 50.990366], [30.409217, 51.024548], [30.39088, 51.028479], [30.378038, 51.023555], [30.370894, 51.019535], [30.361409, 51.026611], [30.348961, 51.028666], [30.332643, 51.033852], [30.315107, 51.037954], [30.298571, 51.039028], [30.301599, 51.041569], [30.29158, 51.047347], [30.29901, 51.053508], [30.319708, 51.053958], [30.340504, 51.041903], [30.378675, 51.055989], [30.377938, 51.065335], [30.407441, 51.066666], [30.408125, 51.074449], [30.406066, 51.081362], [30.429938, 51.115018], [30.427317, 51.122508], [30.433733, 51.121836], [30.435396, 51.11719], [30.440861, 51.115405], [30.438444, 51.112787], [30.434831, 51.111694], [30.436286, 51.107484], [30.436326, 51.101282], [30.449048, 51.10454], [30.4482, 51.108647], [30.456704, 51.112317], [30.465763, 51.115769], [30.474242, 51.114585], [30.476679, 51.12202], [30.484266, 51.126223], [30.48003, 51.153287], [30.477938, 51.154509], [30.461769, 51.154223], [30.454093, 51.164055], [30.447164, 51.169187], [30.450737, 51.173906], [30.450877, 51.177978], [30.44044, 51.182408], [30.431032, 51.184255], [30.418392, 51.193757], [30.411122, 51.193396], [30.40042, 51.186795], [30.396286, 51.19028], [30.393524, 51.193766], [30.392464, 51.207191], [30.371656, 51.208139], [30.361937, 51.215386], [30.349524, 51.216321], [30.342947, 51.216501], [30.338494, 51.220224], [30.330607, 51.22072], [30.322386, 51.224723], [30.31624, 51.230578], [30.330384, 51.2453], [30.356134, 51.252162], [30.361628, 51.246132], [30.372955, 51.248168], [30.378619, 51.24701], [30.376901, 51.238545], [30.389173, 51.23845], [30.39475, 51.241364], [30.411313, 51.238795], [30.416331, 51.232244], [30.423065, 51.227304], [30.431278, 51.233008], [30.449635, 51.229838], [30.455939, 51.232269], [30.465678, 51.242868], [30.47278, 51.239837], [30.473702, 51.233797], [30.481145, 51.220122], [30.49897, 51.215145], [30.51439, 51.213176], [30.503863, 51.224722], [30.507156, 51.230894], [30.515602, 51.235992], [30.532846, 51.2651], [30.505198, 51.27897], [30.474804, 51.275484], [30.46347, 51.272664], [30.452052, 51.273134], [30.451277, 51.277039], [30.453784, 51.279184], [30.450059, 51.281492], [30.453432, 51.287907], [30.456922, 51.286284], [30.463216, 51.290733], [30.462072, 51.294246], [30.457638, 51.2967], [30.461786, 51.306023], [30.44488, 51.308773], [30.421142, 51.304242], [30.410271, 51.308391], [30.39854, 51.312325], [30.39092, 51.32189], [30.36599, 51.334181], [30.348283, 51.348795], [30.334618, 51.351598], [30.323354, 51.361476], [30.355706, 51.378492], [30.356136, 51.382861], [30.344129, 51.423319], [30.334505, 51.424811], [30.330727, 51.428743], [30.325576, 51.430963], [30.321454, 51.434039], [30.318704, 51.440325], [30.311536, 51.442932], [30.30883, 51.44661], [30.298265, 51.456318], [30.291781, 51.459085], [30.288042, 51.46335], [30.279533, 51.46482], [30.24506, 51.486187], [30.213946, 51.492486], [30.180419, 51.512458], [30.167316, 51.508808], [30.162998, 51.488066], [30.144365, 51.49458], [30.131561, 51.50558], [30.120627, 51.504486], [30.129065, 51.487692], [30.122479, 51.489877], [30.121244, 51.486158], [30.110844, 51.487077], [30.10427, 51.490955], [30.077634, 51.496954], [30.074604, 51.495726], [30.062304, 51.498987], [30.0559, 51.497171], [30.033703, 51.503262], [30.02741, 51.502673], [30.019056, 51.504648], [30.012425, 51.504692], [30.012184, 51.502699], [30.014261, 51.499584], [30.015235, 51.497292], [30.016151, 51.496066], [30.018269, 51.495428], [30.013006, 51.49503], [30.012206, 51.489503], [30.007546, 51.489853], [30.003419, 51.488337], [30.000838, 51.485646], [29.990276, 51.48135], [29.981905, 51.485776], [29.975316, 51.483499], [29.971132, 51.480366], [29.970539, 51.475268], [29.966897, 51.472022], [29.961987, 51.471308], [29.95155, 51.47357], [29.946501, 51.48368], [29.923718, 51.489803], [29.9252, 51.487091], [29.921221, 51.488086], [29.91863, 51.486981], [29.917077, 51.488458], [29.914584, 51.48706], [29.910162, 51.485505], [29.906235, 51.486705], [29.903927, 51.485114], [29.89072, 51.483736], [29.889421, 51.482862], [29.889153, 51.478994], [29.886654, 51.477266], [29.884289, 51.477417], [29.882935, 51.476798], [29.884404, 51.474938], [29.887886, 51.474008], [29.890312, 51.472796], [29.889466, 51.471067], [29.886468, 51.470951], [29.887372, 51.467899], [29.885336, 51.466266], [29.885777, 51.463792], [29.875698, 51.456619], [29.876583, 51.45223], [29.877969, 51.45025], [29.877719, 51.445248], [29.873817, 51.444298], [29.865023, 51.44629], [29.855628, 51.448761], [29.847925, 51.448978], [29.843128, 51.457268], [29.81283, 51.448736], [29.810473, 51.459066], [29.791008, 51.457438], [29.79398, 51.441484], [29.779333, 51.446773], [29.764197, 51.449255], [29.739032, 51.459], [29.742018, 51.461577], [29.733456, 51.469448], [29.730888, 51.4798], [29.725484, 51.49182], [29.744753, 51.493557], [29.742106, 51.502353], [29.735338, 51.510935], [29.742386, 51.512842], [29.737672, 51.530831], [29.707525, 51.527894], [29.707477, 51.520546], [29.704625, 51.520397], [29.695156, 51.517022], [29.687406, 51.516958], [29.683348, 51.513686], [29.671622, 51.511196], [29.669708, 51.508293], [29.669439, 51.502675], [29.665768, 51.502766], [29.653341, 51.50617], [29.650689, 51.50528], [29.64821, 51.501612], [29.648563, 51.500989], [29.639813, 51.498593], [29.634065, 51.506104], [29.627458, 51.502181], [29.620854, 51.492703], [29.605927, 51.493858], [29.605002, 51.472279], [29.592324, 51.466708], [29.587396, 51.464553], [29.583497, 51.462559], [29.577504, 51.461269], [29.575544, 51.461412], [29.537222, 51.482552], [29.53163, 51.467993], [29.532904, 51.463699], [29.528783, 51.45898], [29.523806, 51.45708], [29.518486, 51.452613], [29.516431, 51.443463], [29.521253, 51.434098], [29.517139, 51.427664], [29.520578, 51.421979], [29.512695, 51.423144], [29.500687, 51.396903], [29.45916, 51.403001], [29.43015, 51.412938], [29.415877, 51.413596], [29.403663, 51.411041], [29.389135, 51.40495], [29.373634, 51.398263], [29.366032, 51.389861], [29.35964, 51.388962], [29.348785, 51.384207], [29.333942, 51.385406], [29.321427, 51.377733], [29.299509, 51.385032], [29.28849, 51.382364], [29.287826, 51.373494], [29.223175, 51.365856], [29.198976, 51.358192], [29.191097, 51.33964], [29.166794, 51.3390563], [29.1639137, 51.325251], [29.193989, 51.327748], [29.2070286, 51.2954827], [29.2017704, 51.2831029], [29.2244893, 51.2764129], [29.224263, 51.2647518], [29.2199148, 51.2524441], [29.2263226, 51.2493518], [29.2409707, 51.2546392], [29.266153, 51.2691], [29.3309563, 51.2696537], [29.438782, 51.151223], [29.473937, 51.034245], [29.446785, 51.029292], [29.42721, 50.973459], [29.43128, 50.946926], [29.475884, 50.923424], [29.497278, 50.90941], [29.518862, 50.830351], [29.573665, 50.821652], [29.576086, 50.832446], [29.633099, 50.826764], [29.726956, 50.841092], [29.755173, 50.82819], [29.787258, 50.762944], [29.7561, 50.6856], [29.749719, 50.616953], [29.744438, 50.566267], [29.767579, 50.535098], [29.815437, 50.497554], [29.802267, 50.470047], [29.747804, 50.444406], [29.724181, 50.433592], [29.721529, 50.427878], [29.71486, 50.423884], [29.715758, 50.413175], [29.72066, 50.408041], [29.746106, 50.41335], [29.857884, 50.416214], [29.914295, 50.368683], [29.950233, 50.372342], [30.007555, 50.349008], [30.029672, 50.345653], [30.042452, 50.3544], [29.991362, 50.396597], [30.051128, 50.419385], [30.121422, 50.427504], [30.140591, 50.433122], [30.158533, 50.440216], [30.196205, 50.442838], [30.202504, 50.438022], [30.210117, 50.438031], [30.209834, 50.444436], [30.23412, 50.446529], [30.244848, 50.50172], [30.227557, 50.524727], [30.23127, 50.532738], [30.244256, 50.53813], [30.271843, 50.530292], [30.284329, 50.540672], [30.29592, 50.552702], [30.303994, 50.564777], [30.330626, 50.605801], [30.286864, 50.622736], [30.283457, 50.625255]]]}}, {"type": "Feature", "properties": {"name": "Liberated", "date": "2025-01-31", "layer_type": "liberated"}, "geometry": {"type": "Polygon", "coordinates": [[[38.194798, 48.928221], [38.200479, 48.895391], [38.192123, 48.86171], [38.2187859, 48.8167435], [38.2261571, 48.8132357], [38.2334362, 48.8137429], [38.2306748, 48.823972], [38.2234179, 48.8282676], [38.225082, 48.840813], [38.2265274, 48.8637437], [38.2201506, 48.865983], [38.2200286, 48.8678361], [38.2246026, 48.870513], [38.228834, 48.877085], [38.2298942, 48.8850053], [38.2398018, 48.8831333], [38.247994, 48.8970061], [38.259636, 48.9002303], [38.2569109, 48.9180911], [38.2518128, 48.9239876], [38.2447965, 48.9300862], [38.2517178, 48.9374012], [38.2483565, 48.9387072], [38.241163, 48.937352], [38.236201, 48.938814], [38.2307476, 48.9391045], [38.2288196, 48.9379968], [38.222726, 48.934585], [38.211694, 48.931321], [38.199915, 48.928847], [38.194798, 48.928221]]]}}, {"type": "Feature", "properties": {"name": "Occupied", "date": "2025-01-31", "layer_type": "russian_occupied"}, "geometry": {"type": "Polygon", "coordinates": [[[37.856208, 48.192846], [37.88333, 48.199712], [37.896571, 48.215429], [37.892943, 48.233569], [37.89157, 48.255061], [37.895347, 48.268546], [37.8943398, 48.286666], [37.9011467, 48.2908822], [37.9006815, 48.3232554], [37.9054956, 48.3404377], [37.8705267, 48.3543096], [37.866616, 48.352603], [37.8599687, 48.3490018], [37.8521984, 48.3489622], [37.8511228, 48.3508618], [37.845023, 48.3516947], [37.8385432, 48.3531159], [37.8301972, 48.3621841], [37.8212606, 48.3617706], [37.8157144, 48.3592468], [37.8221541, 48.3490654], [37.8091859, 48.3400242], [37.8043922, 48.3394407], [37.799766, 48.3485667], [37.7831052, 48.3479085], [37.7842125, 48.3443855], [37.7908126, 48.3423455], [37.7893192, 48.3360684], [37.7886663, 48.3321821], [37.794666, 48.327944], [37.7967536, 48.3120743], [37.7884667, 48.3048727], [37.7887635, 48.2991548], [37.7921879, 48.294096], [37.8014859, 48.2943089], [37.806681, 48.272586], [37.788929, 48.27134], [37.7818166, 48.2663306], [37.774521, 48.2662445], [37.7701003, 48.2668012], [37.7640276, 48.2629127], [37.760959, 48.2575949], [37.7546493, 48.2563026], [37.7487912, 48.2513746], [37.7395, 48.2464744], [37.7263291, 48.2458096], [37.7232417, 48.2541568], [37.735645, 48.2642152], [37.7348512, 48.2662726], [37.7096093, 48.2658049], [37.690753, 48.2645265], [37.6748196, 48.2704808], [37.6706937, 48.2718296], [37.6583772, 48.2722153], [37.6476054, 48.2735439], [37.643657, 48.273901], [37.6383785, 48.2717446], [37.6329988, 48.2704582], [37.6327003, 48.2740225], [37.6158136, 48.2766628], [37.6175286, 48.2865592], [37.6062298, 48.2883881], [37.6028704, 48.2880469], [37.5992533, 48.2856924], [37.5635799, 48.299027], [37.5703391, 48.3060575], [37.5699746, 48.3076071], [37.5573117, 48.3151292], [37.5536195, 48.3147515], [37.5315345, 48.3249982], [37.5213885, 48.3308626], [37.5190625, 48.3296289], [37.5213708, 48.3184083], [37.5277172, 48.3148213], [37.5198657, 48.3083005], [37.5113377, 48.3091351], [37.5088329, 48.3080251], [37.4960792, 48.3182445], [37.4863727, 48.3284619], [37.484674, 48.3277541], [37.4869147, 48.3195815], [37.4772004, 48.3155236], [37.4788067, 48.3133602], [37.4839072, 48.3138284], [37.4837721, 48.2968265], [37.4797539, 48.294703], [37.475903, 48.2879191], [37.4608985, 48.2850247], [37.4553543, 48.2868793], [37.4477497, 48.2856495], [37.4212214, 48.2886363], [37.4197822, 48.2823961], [37.4126114, 48.2815673], [37.4016367, 48.2754269], [37.401306, 48.2733991], [37.3937056, 48.2659467], [37.3838713, 48.2660899], [37.3810032, 48.2651758], [37.3734146, 48.2636904], [37.3661341, 48.262948], [37.3531066, 48.258296], [37.3470471, 48.2584789], [37.3404044, 48.2538758], [37.3360486, 48.2573047], [37.3315209, 48.2575905], [37.3299331, 48.2532472], [37.3251098, 48.2527453], [37.3229129, 48.2543519], [37.3172581, 48.253964], [37.3173921, 48.2524698], [37.3153442, 48.2502959], [37.3163862, 48.2467503], [37.3120319, 48.2453175], [37.3133549, 48.2363496], [37.3082945, 48.2349453], [37.3091993, 48.2316827], [37.3082838, 48.230975], [37.3061234, 48.2322111], [37.3049113, 48.2313626], [37.3063171, 48.2300567], [37.3026646, 48.2239285], [37.2857036, 48.2206925], [37.2796179, 48.2212416], [37.2781444, 48.2192415], [37.2771002, 48.2154686], [37.2594774, 48.2159288], [37.2508465, 48.2115223], [37.2288328, 48.217614], [37.2265431, 48.2175463], [37.2262275, 48.216106], [37.2177861, 48.2149981], [37.2174262, 48.2164062], [37.2197914, 48.2166919], [37.219801, 48.2174493], [37.2173097, 48.2173197], [37.2165973, 48.2167605], [37.2169373, 48.2148984], [37.211254, 48.2139266], [37.2075265, 48.2163793], [37.1960313, 48.216773], [37.1863602, 48.2177387], [37.1820382, 48.218837], [37.1748204, 48.224716], [37.1712075, 48.226478], [37.1591744, 48.2254271], [37.1557943, 48.2259559], [37.1495346, 48.2244847], [37.1462131, 48.2231887], [37.1449157, 48.2262748], [37.1377816, 48.226759], [37.134074, 48.2327741], [37.1234561, 48.2377877], [37.1188632, 48.2361114], [37.1139712, 48.2381707], [37.1118396, 48.2375334], [37.1112099, 48.238154], [37.1159575, 48.2443578], [37.1140974, 48.2475234], [37.1112929, 48.2490887], [37.1005062, 48.2478247], [37.0983025, 48.2490751], [37.1041727, 48.2547211], [37.1006879, 48.2566525], [37.0886819, 48.2535761], [37.0828572, 48.2475839], [37.0743816, 48.2487863], [37.0693383, 48.2524457], [37.0790073, 48.2587337], [37.0784632, 48.26085], [37.0666453, 48.2588542], [37.062457, 48.2623766], [37.0580111, 48.2622133], [37.0532782, 48.2629377], [37.0485975, 48.2627044], [37.0492184, 48.2608451], [37.0542066, 48.2612011], [37.0556755, 48.2587571], [37.0541246, 48.255948], [37.0455611, 48.2539143], [37.0404534, 48.2516895], [37.0356146, 48.2544264], [37.031645, 48.253671], [37.0331575, 48.2461208], [37.0191496, 48.2454951], [37.0152528, 48.2431417], [37.0075369, 48.2405024], [37.0076247, 48.2382363], [37.0058223, 48.2372645], [36.9931941, 48.2221279], [36.9933141, 48.2208493], [37.0186683, 48.2220854], [37.0221267, 48.2129488], [37.0160878, 48.2106683], [37.0167591, 48.2073545], [37.0151473, 48.206266], [37.01787, 48.2056352], [37.021427, 48.2060037], [37.0235628, 48.2045669], [37.0278184, 48.1992228], [37.0320022, 48.1777619], [37.0254757, 48.1751975], [37.0288139, 48.1412495], [37.0123936, 48.1434518], [37.0091055, 48.1413012], [37.0073331, 48.1367324], [37.0087363, 48.1297283], [37.0256746, 48.1314028], [37.0291875, 48.1277762], [37.0350186, 48.0997271], [37.0297145, 48.0938083], [37.0299378, 48.0931995], [37.0442373, 48.093966], [37.0516535, 48.0965169], [37.0583322, 48.097663], [37.0616099, 48.0985083], [37.0625702, 48.1024489], [37.0721725, 48.1046841], [37.0822245, 48.1052006], [37.0873941, 48.0863216], [37.0969467, 48.0869795], [37.1031157, 48.0659706], [37.0787191, 48.0654147], [37.0798967, 48.0612364], [37.0908709, 48.0586023], [37.0941695, 48.0382643], [37.1271283, 48.0411662], [37.1303991, 48.0391397], [37.1316097, 48.0349323], [37.1237312, 48.0318546], [37.1255222, 48.0267668], [37.1388137, 48.0256965], [37.2470086, 48.0267223], [37.521854, 47.94582], [37.525158, 47.957202], [37.5447913, 47.9774234], [37.5499411, 47.9796642], [37.558546, 47.986451], [37.549621, 47.997364], [37.556143, 48.009855], [37.573394, 48.006899], [37.575455, 48.013961], [37.588566, 48.016021], [37.616482, 48.018095], [37.622662, 48.019444], [37.64781, 48.028944], [37.68785, 48.054754], [37.691199, 48.053406], [37.694294, 48.056545], [37.687749, 48.061894], [37.693049, 48.069307], [37.699702, 48.072204], [37.7257935, 48.0733245], [37.7266508, 48.0795824], [37.7430873, 48.0868254], [37.756436, 48.08667], [37.773053, 48.092032], [37.789283, 48.100177], [37.792021, 48.104528], [37.8002, 48.114966], [37.8038315, 48.1172891], [37.808937, 48.1220791], [37.8168038, 48.1322916], [37.819855, 48.143897], [37.824622, 48.157818], [37.828593, 48.17515], [37.856208, 48.192846]]]}}, {"type": "Feature", "properties": {"name": "Occupied", "date": "2025-01-31", "layer_type": "russian_occupied"}, "geometry": {"type": "Polygon", "coordinates": [[[36.400835, 50.30717], [36.373927, 50.30029], [36.3780466, 50.2937659], [36.3893847, 50.27628], [36.4053581, 50.2611313], [36.415918, 50.2597248], [36.4183642, 50.2568714], [36.4232993, 50.2539903], [36.4439846, 50.2483374], [36.4484309, 50.2442774], [36.4439571, 50.2400796], [36.4503072, 50.2354798], [36.4620648, 50.2341678], [36.4655829, 50.2370277], [36.485493, 50.2422065], [36.5053965, 50.2386766], [36.5328009, 50.2424247], [36.5691994, 50.2445395], [36.559931, 50.250796], [36.56865, 50.257768], [36.574008, 50.255268], [36.577894, 50.258635], [36.575109, 50.260672], [36.580365, 50.262584], [36.5739434, 50.2750449], [36.5926044, 50.2757183], [36.5926628, 50.278079], [36.589552, 50.279346], [36.588033, 50.281698], [36.5885739, 50.2832694], [36.5856143, 50.2858851], [36.582933, 50.286282], [36.571219, 50.285748], [36.560789, 50.284236], [36.556128, 50.281366], [36.523917, 50.2864244], [36.5228153, 50.2891452], [36.5251358, 50.2907313], [36.5252859, 50.2920598], [36.5260913, 50.2924902], [36.5266074, 50.2934738], [36.516363, 50.2951651], [36.515658, 50.295914], [36.512759, 50.295767], [36.511151, 50.295369], [36.500702, 50.299248], [36.492712, 50.30452], [36.489689, 50.307838], [36.489951, 50.309924], [36.487653, 50.311665], [36.472289, 50.313161], [36.440317, 50.31098], [36.433698, 50.330681], [36.425543, 50.32827], [36.409299, 50.312446], [36.400835, 50.30717]]]}}, {"type": "Feature", "properties": {"name": "Occupied", "date": "2025-01-31", "layer_type": "russian_occupied"}, "geometry": {"type": "Polygon", "coordinates": [[[36.8161941, 47.8434313], [36.795277, 47.8379747], [36.7920583, 47.8314352], [36.7294527, 47.8254364], [36.7144849, 47.8220251], [36.7008031, 47.8140598], [36.7027215, 47.7995928], [36.6907329, 47.7967126], [36.6915537, 47.7902188], [36.665946, 47.7803767], [36.6285169, 47.777943], [36.6208578, 47.7843013], [36.6088594, 47.7834382], [36.6038158, 47.7642894], [36.5912836, 47.7618547], [36.593688, 47.7513358], [36.5852542, 47.74822], [36.5779377, 47.7359256], [36.5811244, 47.7198943], [36.5738421, 47.7175424], [36.555749, 47.70034], [36.5537424, 47.6878145], [36.5531092, 47.6710131], [36.538214, 47.668917], [36.521186, 47.668959], [36.5076589, 47.6544507], [36.4832921, 47.6428385], [36.4170491, 47.6378498], [36.4030818, 47.6436789], [36.3914199, 47.6416485], [36.3861042, 47.6411535], [36.3852517, 47.6403692], [36.3860706, 47.6361207], [36.3767226, 47.6351407], [36.3727825, 47.6327431], [36.373645, 47.629057], [36.367813, 47.628263], [36.3625128, 47.6318861], [36.3499941, 47.6407896], [36.3426187, 47.6377224], [36.3460583, 47.6330359], [36.3408192, 47.6266576], [36.338205, 47.618398], [36.310331, 47.6057183], [36.2707665, 47.5950414], [36.2225906, 47.5875224], [36.2243629, 47.5780835], [36.2153866, 47.5771638], [36.2133627, 47.5766493], [36.2105165, 47.5771254], [36.2046516, 47.5821304], [36.186966, 47.580843], [36.133198, 47.575124], [36.128116, 47.574827], [36.116706, 47.57794], [36.105724, 47.578503], [36.087362, 47.573854], [36.08291, 47.551831], [36.0737337, 47.5329318], [36.0671355, 47.5262561], [36.0316841, 47.5261243], [36.0300099, 47.5222894], [36.020784, 47.515904], [36.018983, 47.5113156], [35.9951705, 47.5126051], [35.9754999, 47.5102396], [35.971276, 47.5100656], [35.9680573, 47.5067029], [35.9614617, 47.4899143], [35.9419428, 47.4925534], [35.941736, 47.4854486], [35.9232632, 47.4847921], [35.9214927, 47.4752318], [35.9116146, 47.4689173], [35.8961111, 47.4659602], [35.8957318, 47.4634724], [35.8871182, 47.4629173], [35.8554209, 47.4617802], [35.8490339, 47.4593942], [35.8464078, 47.4554322], [35.8194384, 47.4583628], [35.8019409, 47.4585724], [35.8028043, 47.4681927], [35.7993754, 47.4735194], [35.7906815, 47.4808849], [35.7822566, 47.4856684], [35.7451416, 47.4868222], [35.7463914, 47.4898851], [35.731603, 47.4907137], [35.7185298, 47.4947885], [35.7115039, 47.505541], [35.6995239, 47.506848], [35.6870634, 47.5097609], [35.6704842, 47.5022091], [35.654663, 47.500962], [35.6346285, 47.5004876], [35.6329032, 47.502978], [35.6408407, 47.5074928], [35.6369349, 47.5109636], [35.6236289, 47.5058463], [35.6211815, 47.507665], [35.6165026, 47.5062368], [35.6161569, 47.5043081], [35.6131342, 47.5043006], [35.592551, 47.519323], [35.5672797, 47.5284839], [35.5479326, 47.52628], [35.539021, 47.519038], [35.5152972, 47.512315], [35.5094445, 47.5069227], [35.4988711, 47.5108643], [35.4869806, 47.5111117], [35.4882243, 47.5019664], [35.471171, 47.4965074], [35.454356, 47.4999972], [35.4456078, 47.5039494], [35.43765, 47.5035079], [35.4312031, 47.5059976], [35.4226959, 47.5058198], [35.4169025, 47.5088946], [35.4143695, 47.5164307], [35.3841959, 47.5154398], [35.3760556, 47.5202236], [35.376455, 47.5246886], [35.3649692, 47.5318681], [35.3659289, 47.5351931], [35.3582509, 47.5367048], [35.3482117, 47.537082], [35.3415297, 47.536044], [35.3347217, 47.525284], [35.3264255, 47.5168163], [35.3135036, 47.512683], [35.2993806, 47.510983], [35.2808956, 47.503398], [35.2736536, 47.493721], [35.2807956, 47.472193], [35.2644226, 47.473907], [35.2026416, 47.445003], [35.1486616, 47.445686], [35.1022275, 47.4510382], [35.0624315, 47.448694], [35.0461575, 47.437757], [35.0288205, 47.418144], [34.9686925, 47.389233], [34.9354434, 47.391632], [34.8837134, 47.406118], [34.8633714, 47.420884], [34.8747414, 47.437558], [34.8741834, 47.449528], [34.8599234, 47.451254], [34.8252014, 47.464803], [34.7923044, 47.467747], [34.7491533, 47.492601], [34.7089813, 47.490582], [34.6894133, 47.494893], [34.6801983, 47.510731], [34.6420713, 47.544419], [34.6283773, 47.54583], [34.6180343, 47.544491], [34.5990392, 47.53467], [34.5862482, 47.521809], [34.5445292, 47.532707], [34.5331372, 47.530459], [34.5006222, 47.499673], [34.4358392, 47.496913], [34.4052178, 47.500758], [34.3869481, 47.513875], [34.3741314, 47.5071964], [34.3383711, 47.467761], [34.3349111, 47.447001], [34.2961021, 47.428688], [34.2696791, 47.439549], [34.199289, 47.412104], [34.145724, 47.424467], [34.118345, 47.420566], [34.064873, 47.424317], [34.0466769, 47.417654], [34.0422339, 47.410429], [33.9827319, 47.230662], [33.9678599, 47.211277], [33.9448439, 47.197252], [33.9298141, 47.1772162], [33.9031259, 47.159977], [33.8499508, 47.137794], [33.8407868, 47.098524], [33.8023168, 47.059017], [33.6976678, 46.995131], [33.6956098, 46.95542], [33.6881588, 46.920449], [33.6784458, 46.900926], [33.6568158, 46.904678], [33.6338217, 46.899514], [33.6340277, 46.866257], [33.63746, 46.8471761], [33.6202977, 46.829034], [33.5634722, 46.8182091], [33.4702657, 46.820961], [33.4029376, 46.773597], [33.3895301, 46.7827267], [33.3771844, 46.7763058], [33.3733726, 46.776487], [33.3724696, 46.776123], [33.3714076, 46.777142], [33.3705596, 46.776837], [33.3716106, 46.775729], [33.3574455, 46.7670354], [33.3588964, 46.7640157], [33.3401572, 46.7570422], [33.3133962, 46.7514766], [33.2863056, 46.749398], [33.2543812, 46.752574], [33.239884, 46.7635404], [33.1978698, 46.7675023], [33.153349, 46.7627951], [33.1414551, 46.7593674], [33.1401905, 46.756687], [33.1371655, 46.755756], [33.1320618, 46.7551279], [33.1040465, 46.747501], [33.0904107, 46.743645], [33.0819791, 46.7380097], [33.0733123, 46.7384001], [33.0621896, 46.7322653], [33.0541727, 46.7314321], [33.0484378, 46.7376035], [33.0441725, 46.7384806], [33.0433532, 46.7372273], [33.04052, 46.7292259], [33.0248939, 46.7245733], [33.0195804, 46.717745], [32.9910914, 46.714538], [32.9798474, 46.710469], [32.9542314, 46.711542], [32.9427764, 46.713303], [32.9333934, 46.717207], [32.9285594, 46.718374], [32.9233554, 46.718326], [32.9053064, 46.711285], [32.8917669, 46.698237], [32.8910233, 46.6932022], [32.8857311, 46.68905], [32.8799589, 46.6864742], [32.8750452, 46.6868421], [32.87011, 46.6825143], [32.8459334, 46.6632763], [32.8336319, 46.6549499], [32.8170258, 46.6458912], [32.8035754, 46.6408897], [32.7987104, 46.6321159], [32.7843919, 46.6280188], [32.7675244, 46.6355784], [32.7511208, 46.6303085], [32.7199882, 46.6317615], [32.6844589, 46.6212449], [32.6787383, 46.6141517], [32.6890771, 46.6064164], [32.6917769, 46.6012578], [32.6665008, 46.5825337], [32.5823333, 46.5551263], [32.5538035, 46.541271], [32.5375462, 46.5380629], [32.5318552, 46.5368679], [32.5206882, 46.5403559], [32.5145852, 46.5410099], [32.5089902, 46.5400139], [32.5056952, 46.5379629], [32.5002652, 46.5334449], [32.4891291, 46.5273829], [32.4647821, 46.5080599], [32.4570671, 46.5038109], [32.4483221, 46.5028689], [32.4377211, 46.5033619], [32.4326891, 46.4947589], [32.4316761, 46.4891869], [32.4282591, 46.4853879], [32.4178411, 46.4850379], [32.417638, 46.4794622], [32.4013006, 46.4719945], [32.3439201, 46.4624858], [32.3020961, 46.4677989], [32.2564424, 46.4771961], [32.2369329, 46.4802785], [32.2084966, 46.4781547], [32.1646985, 46.4895332], [32.126377, 46.4986617], [32.0788785, 46.4992337], [32.0463952, 46.4889388], [31.999388, 46.4880276], [31.9109057, 46.5115562], [31.9049095, 46.517962], [31.8987539, 46.5186059], [31.8815618, 46.5182979], [31.8649138, 46.5176219], [31.8070708, 46.5294639], [31.7569208, 46.5479549], [31.6976507, 46.5450339], [31.6628557, 46.5364049], [31.6314977, 46.5405179], [31.5816717, 46.5372479], [31.5540826, 46.5454649], [31.5305176, 46.5576319], [31.5134156, 46.5808289], [31.5112956, 46.5766899], [31.5216196, 46.5616069], [31.5469496, 46.5387319], [31.6142447, 46.5019459], [31.6567497, 46.4689159], [31.6942997, 46.4403369], [31.7249455, 46.4144723], [31.7452095, 46.3864323], [31.7738378, 46.3711594], [31.7768872, 46.3741195], [31.7376658, 46.4262219], [31.7202637, 46.4333549], [31.7069757, 46.4454549], [31.6971237, 46.4472639], [31.6969167, 46.4575119], [31.7042637, 46.4665769], [31.7164527, 46.4786779], [31.7420388, 46.4853379], [31.7709038, 46.4845789], [31.7970178, 46.4781389], [31.8921178, 46.4568289], [31.9528229, 46.4374829], [31.9748439, 46.4392309], [32.0022429, 46.4534579], [32.0290379, 46.4375689], [32.0355679, 46.4165919], [32.0090489, 46.3641429], [31.9697689, 46.3483889], [31.8682748, 46.3343839], [31.8234478, 46.3371309], [31.7725378, 46.3271729], [31.7455888, 46.3060499], [31.7477378, 46.2981679], [31.7580908, 46.2948689], [31.7680158, 46.2965449], [31.7745058, 46.2939519], [31.7712118, 46.2888669], [31.7755438, 46.2854899], [31.7751098, 46.2822939], [31.7821278, 46.2768669], [31.7832868, 46.2725389], [31.7771958, 46.2681569], [31.7796018, 46.2644959], [31.7844068, 46.2651129], [31.7845138, 46.2688919], [31.7917018, 46.2739169], [31.8097238, 46.2721229], [31.8143578, 46.2694769], [31.8132408, 46.2647729], [31.8183038, 46.2643399], [31.8346938, 46.2661669], [31.8331418, 46.2698209], [31.8351908, 46.2728569], [31.8476968, 46.2679509], [31.8507378, 46.2682829], [31.8612198, 46.2721719], [31.8708308, 46.2658029], [31.8740008, 46.2652859], [31.8832878, 46.2734449], [31.8950659, 46.2807729], [31.9044879, 46.2974679], [31.9368189, 46.2921709], [31.9437419, 46.2855879], [31.9555959, 46.2659249], [31.9695109, 46.2572369], [32.0285419, 46.2456249], [32.0514159, 46.2498139], [32.077751, 46.2389489], [32.087826, 46.2214899], [32.12115, 46.2044209], [32.165963, 46.1969219], [32.187022, 46.1756949], [32.20613, 46.1722089], [32.208103, 46.1868279], [32.221809, 46.1877389], [32.239877, 46.1785439], [32.227939, 46.1683759], [32.2383866, 46.1498051], [32.2260411, 46.1318861], [32.3892209, 46.0945518], [32.5465374, 46.0652942], [32.5748973, 46.0637266], [32.6378808, 46.0537028], [32.7396149, 46.0336126], [32.9120662, 46.0104008], [32.9680429, 46.0125725], [33.0363766, 46.0080341], [33.0700551, 46.014197], [33.0496585, 46.0277516], [33.0174514, 46.0256746], [32.9728824, 46.030736], [32.9414071, 46.0460889], [32.936279, 46.039686], [32.926517, 46.031197], [32.9080363, 46.0266225], [32.8785745, 46.025916], [32.7952785, 46.0303099], [32.7193638, 46.039073], [32.6200553, 46.0603997], [32.5521201, 46.0682825], [32.5418471, 46.0681868], [32.5396283, 46.0734981], [32.5442762, 46.0804766], [32.5961414, 46.0958488], [32.6466589, 46.107865], [32.6770504, 46.0998169], [32.7037448, 46.1062335], [32.7328476, 46.1097869], [32.7584466, 46.1190283], [32.8289775, 46.111371], [32.8637174, 46.1157227], [32.9132757, 46.1067933], [33.0296046, 46.1132428], [33.0314748, 46.1497263], [33.062645, 46.1555911], [33.1015746, 46.1318733], [33.1404697, 46.1276416], [33.1814552, 46.1475617], [33.1953058, 46.1701366], [33.2228929, 46.1570383], [33.2080208, 46.1270291], [33.2566584, 46.1386509], [33.2840087, 46.1250405], [33.3086112, 46.1143165], [33.3029958, 46.0935952], [33.2780393, 46.0945251], [33.2885474, 46.0749609], [33.3182342, 46.0763028], [33.3183151, 46.0991141], [33.3499462, 46.093137], [33.3664607, 46.0752498], [33.4075754, 46.0409617], [33.4370872, 46.0401646], [33.4604216, 46.0460342], [33.4911413, 46.0322404], [33.5101802, 46.0284516], [33.4931423, 46.0527188], [33.4966987, 46.070314], [33.5151162, 46.08243], [33.5616884, 46.0740552], [33.5139842, 46.1075148], [33.5453724, 46.1233099], [33.5805716, 46.1571784], [33.60668, 46.146878], [33.6897, 46.204334], [33.714554, 46.196894], [33.740532, 46.185128], [33.82395, 46.187069], [34.038334, 46.116935], [34.122582, 46.108122], [34.160772, 46.08043], [34.227754, 46.060816], [34.382464, 46.034692], [34.436726, 45.968164], [34.478552, 45.946947], [34.556042, 45.988691], [34.651415, 45.973908], [34.700883, 45.959179], [34.752716, 45.910231], [34.782879, 45.904975], [34.796134, 45.892053], [34.800881, 45.804735], [34.958219, 45.760037], [34.977053, 45.765285], [34.8959634, 45.89884], [34.8524734, 46.009247], [34.8346404, 46.115559], [34.8337824, 46.200162], [34.9030034, 46.236419], [35.0248135, 46.256333], [35.0798625, 46.276666], [35.1177696, 46.314272], [35.1380016, 46.348282], [35.1783566, 46.362948], [35.1931726, 46.370951], [35.2182731, 46.4304054], [35.2117588, 46.447041], [35.2464475, 46.4464048], [35.2680364, 46.4322011], [35.2549465, 46.4049822], [35.2661022, 46.355554], [35.2898036, 46.356581], [35.3078947, 46.348318], [35.3179197, 46.337862], [35.3311927, 46.3311579], [35.3174417, 46.317067], [35.3000922, 46.3144917], [35.2943022, 46.3064241], [35.2989867, 46.299007], [35.2532032, 46.2487007], [35.2090226, 46.190401], [35.1368332, 46.1620333], [35.0293468, 46.1450168], [35.0308253, 46.1273641], [34.9912944, 46.1045909], [34.978187, 46.0766593], [35.0664193, 46.0993871], [35.1336065, 46.1195453], [35.1886302, 46.1514651], [35.2658686, 46.250892], [35.3602357, 46.354693], [35.4578287, 46.441261], [35.5657181, 46.4754297], [35.6242655, 46.5043364], [35.7239866, 46.5868415], [35.8739383, 46.6456624], [35.9936152, 46.6660587], [36.1146898, 46.6566385], [36.1898851, 46.66706], [36.2290441, 46.650535], [36.2598962, 46.61865], [36.1908501, 46.534705], [36.1665141, 46.527707], [36.1550673, 46.5279538], [36.1431422, 46.5033058], [36.1717045, 46.4981772], [36.2328002, 46.5559024], [36.3322034, 46.6770342], [36.414958, 46.7260118], [36.5366359, 46.7585761], [36.7110616, 46.7814128], [36.7760999, 46.7542565], [36.8108785, 46.7303716], [36.8182917, 46.7021299], [36.7876141, 46.6641502], [36.7492259, 46.6430472], [36.7503553, 46.6311811], [36.7697679, 46.6322195], [36.8049875, 46.659181], [36.8380535, 46.70579], [36.8685205, 46.76572], [36.8974913, 46.8109338], [37.0061259, 46.8692952], [37.036174, 46.8706509], [37.2381602, 46.9510306], [37.2828449, 46.937346], [37.3161731, 46.9142709], [37.3240055, 46.891819], [37.2978535, 46.8727626], [37.2841756, 46.8725455], [37.2855691, 46.866901], [37.3089232, 46.8701227], [37.3418924, 46.8950477], [37.4780681, 47.0314305], [37.5285478, 47.0775291], [37.574156, 47.0853587], [37.6204629, 47.086602], [37.6273779, 47.09413], [37.6758119, 47.077916], [37.6840329, 47.076706], [37.6858859, 47.080525], [37.71388, 47.079862], [37.774395, 47.087579], [37.794085, 47.083807], [37.821989, 47.09092], [37.83831, 47.099704], [37.829283, 47.112742], [37.818054, 47.119099], [37.8005435, 47.1732715], [37.8111872, 47.2012707], [37.833503, 47.249301], [37.833846, 47.285412], [37.827666, 47.302643], [37.834876, 47.30823], [37.831786, 47.314981], [37.824577, 47.321498], [37.827323, 47.328479], [37.829283, 47.342507], [37.844489, 47.341974], [37.856849, 47.343603], [37.861212, 47.347858], [37.859152, 47.354371], [37.848609, 47.350116], [37.837623, 47.352442], [37.841743, 47.358489], [37.851599, 47.365534], [37.841643, 47.369022], [37.83831, 47.378022], [37.850326, 47.384298], [37.856849, 47.392898], [37.855819, 47.403124], [37.863715, 47.426588], [37.878478, 47.441684], [37.892555, 47.469773], [37.819427, 47.546303], [37.8159936, 47.5852213], [37.8458595, 47.6237619], [37.8523854, 47.641694], [37.8312754, 47.6567292], [37.803977, 47.660196], [37.7755288, 47.6754271], [37.764495, 47.684702], [37.67268, 47.724717], [37.637589, 47.751994], [37.623169, 47.77311], [37.634549, 47.802538], [37.634262, 47.838423], [37.644034, 47.886626], [37.575907, 47.907733], [37.5686, 47.907768], [37.5350299, 47.918015], [37.542839, 47.932477], [37.521854, 47.94582], [37.2470086, 48.0267223], [37.1388137, 48.0256965], [37.1406751, 48.0203335], [37.1438537, 48.0200771], [37.1465235, 48.0125045], [37.1575461, 48.0099], [37.2107782, 48.0094494], [37.2092783, 48.00233], [37.1866411, 48.0011256], [37.1821807, 48.000074], [37.1801238, 47.9983332], [37.1834772, 47.9970914], [37.1850495, 47.9956201], [37.1894111, 47.9930285], [37.1891517, 47.9866165], [37.1849517, 47.9863045], [37.1838446, 47.9843373], [37.1824713, 47.9815797], [37.1775449, 47.9807902], [37.1775852, 47.9794565], [37.1821738, 47.97864], [37.1805345, 47.9653746], [37.1775052, 47.9549955], [37.1554199, 47.963822], [37.1425727, 47.967314], [37.1340164, 47.9666672], [37.1197514, 47.9684473], [37.108841, 47.9680544], [37.0955409, 47.9662027], [37.0921447, 47.965236], [37.0739846, 47.967273], [37.0523045, 47.9593053], [37.0499384, 47.9394975], [37.0235317, 47.9381781], [37.0161025, 47.9365672], [37.0073989, 47.9368534], [37.0069348, 47.9389794], [36.9859135, 47.9408473], [36.9830793, 47.9312261], [36.9715877, 47.9218886], [36.9233783, 47.9240148], [36.9162051, 47.9108163], [36.8904299, 47.9089562], [36.8778214, 47.892893], [36.8493667, 47.8898597], [36.842046, 47.8862211], [36.8370434, 47.8856041], [36.8353641, 47.8820964], [36.835274, 47.8777553], [36.8353325, 47.8591219], [36.8280016, 47.8584475], [36.8198467, 47.8540084], [36.8177816, 47.8483513], [36.8161941, 47.8434313]]]}}, {"type": "Feature", "properties": {"name": "Occupied", "date": "2025-01-31", "layer_type": "russian_occupied"}, "geometry": {"type": "Polygon", "coordinates": [[[38.691727, 48.729363], [38.753516, 48.718494], [38.76707, 48.714322], [38.80844, 48.713416], [38.83007, 48.71704], [38.836078, 48.723269], [38.84715, 48.742913], [38.85539, 48.749648], [38.85938, 48.749592], [38.860604, 48.74979], [38.860958, 48.750738], [38.863881, 48.751382], [38.871695, 48.751308], [38.87762, 48.752591], [38.879079, 48.752478], [38.880238, 48.750611], [38.881332, 48.750186], [38.892039, 48.750441], [38.89882, 48.750186], [38.901094, 48.750908], [38.904742, 48.75061], [38.908777, 48.749252], [38.911137, 48.748007], [38.912575, 48.746875], [38.914323, 48.744385], [38.91803, 48.742914], [38.919969, 48.743423], [38.921308, 48.744611], [38.922724, 48.745008], [38.924633, 48.745036], [38.930652, 48.745276], [38.933667, 48.746026], [38.935057, 48.746856], [38.936961, 48.747119], [38.938281, 48.746684], [38.93886, 48.745814], [38.937959, 48.744074], [38.934354, 48.742913], [38.932466, 48.7368], [38.934011, 48.735781], [38.94371, 48.733856], [38.94607, 48.734451], [38.956948, 48.734069], [38.961048, 48.736517], [38.961219, 48.739913], [38.959932, 48.742913], [38.961133, 48.74614], [38.964095, 48.746196], [38.966948, 48.745206], [38.969834, 48.743749], [38.972565, 48.743586], [38.974999, 48.744765], [38.978814, 48.744894], [38.981218, 48.743847], [38.982334, 48.742192], [38.982205, 48.740288], [38.984458, 48.737582], [38.989543, 48.734989], [38.991439, 48.730611], [38.998391, 48.724269], [38.999335, 48.719626], [38.998048, 48.717474], [38.993921, 48.716191], [38.988864, 48.715209], [38.984744, 48.713624], [38.984308, 48.71183], [38.986925, 48.71016], [38.991925, 48.710004], [38.996925, 48.711604], [38.998988, 48.711198], [38.99822, 48.707677], [38.999507, 48.703995], [38.99985, 48.7002], [39.001817, 48.698009], [39.004829, 48.696347], [39.01555, 48.694894], [39.015729, 48.688642], [39.014356, 48.683429], [39.016369, 48.680945], [39.019584, 48.679141], [39.020278, 48.675608], [39.020536, 48.672264], [39.023883, 48.669884], [39.026286, 48.667276], [39.027488, 48.663251], [39.025428, 48.661976], [39.021652, 48.662401], [39.018562, 48.664102], [39.012982, 48.664045], [39.009635, 48.662628], [39.010318, 48.660086], [39.012374, 48.658338], [39.019155, 48.656978], [39.02851, 48.653009], [39.032209, 48.652876], [39.03345, 48.651978], [39.035548, 48.648245], [39.038084, 48.647187], [39.04268, 48.646468], [39.054868, 48.647036], [39.074352, 48.650438], [39.075897, 48.651629], [39.084909, 48.650665], [39.098556, 48.650892], [39.10362, 48.649871], [39.111938, 48.653349], [39.11683, 48.656751], [39.123189, 48.66002], [39.127309, 48.660474], [39.13949, 48.659642], [39.141986, 48.66087], [39.142673, 48.663535], [39.141643, 48.665066], [39.141901, 48.666653], [39.144514, 48.670914], [39.148674, 48.675287], [39.151943, 48.676288], [39.157436, 48.675382], [39.163351, 48.675741], [39.174251, 48.680331], [39.18164, 48.685752], [39.185417, 48.693401], [39.190902, 48.699822], [39.195108, 48.703901], [39.19651, 48.706516], [39.197519, 48.706487], [39.198356, 48.705779], [39.19915, 48.702267], [39.200373, 48.700002], [39.203184, 48.698614], [39.207175, 48.698302], [39.212539, 48.70122], [39.219406, 48.705184], [39.224899, 48.70677], [39.226787, 48.708979], [39.232366, 48.711415], [39.235993, 48.71109], [39.23959, 48.709127], [39.243517, 48.709622], [39.249782, 48.712567], [39.253902, 48.720155], [39.253309, 48.722061], [39.253965, 48.724404], [39.256141, 48.726874], [39.259231, 48.733838], [39.255284, 48.738776], [39.255026, 48.740687], [39.256313, 48.742272], [39.258537, 48.742744], [39.26447, 48.741255], [39.268665, 48.741951], [39.270811, 48.743989], [39.271677, 48.747762], [39.270304, 48.751214], [39.270811, 48.752761], [39.272385, 48.753889], [39.274778, 48.753683], [39.276661, 48.752336], [39.27889, 48.749341], [39.282062, 48.748611], [39.286436, 48.748903], [39.289522, 48.751516], [39.289283, 48.753686], [39.290645, 48.75625], [39.291496, 48.759438], [39.29262, 48.760607], [39.299915, 48.76304], [39.303091, 48.765416], [39.308834, 48.771998], [39.311846, 48.774072], [39.314592, 48.774807], [39.324549, 48.776051], [39.326258, 48.775561], [39.327974, 48.773695], [39.327485, 48.772111], [39.326086, 48.770018], [39.326605, 48.768311], [39.331673, 48.766604], [39.336136, 48.765982], [39.340338, 48.766303], [39.347245, 48.768387], [39.351063, 48.768547], [39.352783, 48.767944], [39.354504, 48.766831], [39.353895, 48.765492], [39.351328, 48.763097], [39.349175, 48.762154], [39.34553, 48.761663], [39.343365, 48.759212], [39.343141, 48.757363], [39.346178, 48.751044], [39.347029, 48.750214], [39.347208, 48.745781], [39.349268, 48.742498], [39.358194, 48.737008], [39.358874, 48.736178], [39.358877, 48.733904], [39.357078, 48.732309], [39.354075, 48.729648], [39.353724, 48.726893], [39.355226, 48.725251], [39.361534, 48.722307], [39.36913, 48.72007], [39.372606, 48.719872], [39.374185, 48.718655], [39.373789, 48.717494], [39.372082, 48.715936], [39.370461, 48.715964], [39.365268, 48.716842], [39.360161, 48.715681], [39.354134, 48.713246], [39.34864, 48.713473], [39.346857, 48.712227], [39.34866, 48.708715], [39.350505, 48.707639], [39.355955, 48.697216], [39.360313, 48.6958], [39.365892, 48.692231], [39.367319, 48.691976], [39.377988, 48.686239], [39.379559, 48.686281], [39.381705, 48.685516], [39.389601, 48.684752], [39.390931, 48.68376], [39.389172, 48.680388], [39.390526, 48.678801], [39.397993, 48.674608], [39.402647, 48.674437], [39.405823, 48.673814], [39.411726, 48.670527], [39.413872, 48.668429], [39.413528, 48.666842], [39.408207, 48.661457], [39.408035, 48.659813], [39.410696, 48.657658], [39.414234, 48.656694], [39.420748, 48.658225], [39.432325, 48.656751], [39.43895, 48.654942], [39.446504, 48.656303], [39.450178, 48.655674], [39.452375, 48.654713], [39.453387, 48.652815], [39.45131, 48.65171], [39.4498, 48.650403], [39.449577, 48.64456], [39.451642, 48.641036], [39.454217, 48.639788], [39.457564, 48.638654], [39.465815, 48.638667], [39.46868, 48.63769], [39.465427, 48.633504], [39.467219, 48.628555], [39.475845, 48.629462], [39.481982, 48.629065], [39.494856, 48.633064], [39.511638, 48.635704], [39.516579, 48.633726], [39.518343, 48.630272], [39.517571, 48.626699], [39.512924, 48.62213], [39.528054, 48.612874], [39.529832, 48.609362], [39.524524, 48.602638], [39.526932, 48.598541], [39.534191, 48.596769], [39.535012, 48.592838], [39.529249, 48.591218], [39.530691, 48.585691], [39.539875, 48.584017], [39.549316, 48.585976], [39.549059, 48.595854], [39.554981, 48.598295], [39.563564, 48.599089], [39.569414, 48.591116], [39.564086, 48.584599], [39.57434, 48.581738], [39.584164, 48.588304], [39.591386, 48.59225], [39.600613, 48.592875], [39.606406, 48.588618], [39.605878, 48.585521], [39.596866, 48.579502], [39.601073, 48.574959], [39.611029, 48.574051], [39.619525, 48.583023], [39.621071, 48.586713], [39.623602, 48.587026], [39.633431, 48.581263], [39.671325, 48.58924], [39.67699, 48.589013], [39.687271, 48.587084], [39.687101, 48.589208], [39.682672, 48.592689], [39.679362, 48.591808], [39.679467, 48.590602], [39.678799, 48.590094], [39.676478, 48.590863], [39.675839, 48.591785], [39.676018, 48.594721], [39.678178, 48.59586], [39.679654, 48.595476], [39.680608, 48.596402], [39.678671, 48.59812], [39.676001, 48.59795], [39.675274, 48.59694], [39.671427, 48.595451], [39.668806, 48.596567], [39.668176, 48.598181], [39.668158, 48.601311], [39.670944, 48.603218], [39.670576, 48.604588], [39.667113, 48.605231], [39.663374, 48.604922], [39.661023, 48.606551], [39.660623, 48.60909], [39.661447, 48.610904], [39.6679888, 48.6213132], [39.671535, 48.624331], [39.680063, 48.629498], [39.687768, 48.632823], [39.69424, 48.637614], [39.694362, 48.639673], [39.69377, 48.643208], [39.69153, 48.644962], [39.691241, 48.646322], [39.693715, 48.649408], [39.699904, 48.652604], [39.70227, 48.653309], [39.7054403, 48.6565483], [39.7064362, 48.6568874], [39.7092384, 48.6545615], [39.7114863, 48.6556365], [39.709526, 48.662254], [39.711308, 48.667218], [39.710291, 48.668063], [39.7045764, 48.6666239], [39.702902, 48.667225], [39.701721, 48.669404], [39.704033, 48.671485], [39.712113, 48.674652], [39.713498, 48.676128], [39.714196, 48.680225], [39.717084, 48.68144], [39.721986, 48.682727], [39.722967, 48.684162], [39.722546, 48.684956], [39.718497, 48.687429], [39.716681, 48.689934], [39.718827, 48.693317], [39.715965, 48.695208], [39.720211, 48.697203], [39.717876, 48.703361], [39.713158, 48.700835], [39.704492, 48.706805], [39.712561, 48.71167], [39.712262, 48.715916], [39.704838, 48.721463], [39.725463, 48.72709], [39.726615, 48.729372], [39.722706, 48.731886], [39.724062, 48.734598], [39.725599, 48.737681], [39.725011, 48.740452], [39.728882, 48.74109], [39.731647, 48.742096], [39.732192, 48.744333], [39.733628, 48.744907], [39.737309, 48.743188], [39.739365, 48.743631], [39.738736, 48.747477], [39.736921, 48.748898], [39.736376, 48.752183], [39.740082, 48.766418], [39.755303, 48.767977], [39.76094, 48.763862], [39.766204, 48.764237], [39.768551, 48.76631], [39.76866, 48.769329], [39.766036, 48.771031], [39.76363, 48.771034], [39.765451, 48.778079], [39.773495, 48.784419], [39.780194, 48.786082], [39.785854, 48.799158], [39.797126, 48.840576], [39.804672, 48.843576], [39.808044, 48.83948], [39.807503, 48.838581], [39.827832, 48.831465], [39.830439, 48.833554], [39.886255, 48.820946], [39.936737, 48.800795], [39.976403, 48.793903], [40.078831, 48.869867], [40.071286, 48.876975], [40.055495, 48.910098], [40.031195, 48.915801], [40.00398, 48.900793], [39.99343, 48.868286], [39.950652, 48.875459], [39.940309, 48.886691], [39.924336, 48.895717], [39.853161, 48.890737], [39.845802, 48.902911], [39.836789, 48.903052], [39.834653, 48.891944], [39.828093, 48.887404], [39.818786, 48.895506], [39.818635, 48.905788], [39.805377, 48.914842], [39.782372, 48.915745], [39.790097, 48.938471], [39.776879, 48.946025], [39.775576, 48.955491], [39.75779, 48.966535], [39.748412, 48.979267], [39.75208, 48.986592], [39.747268, 48.987412], [39.7303802, 48.9782018], [39.717623, 48.982354], [39.71677, 48.987067], [39.707619, 48.99359], [39.705674, 48.997642], [39.699288, 49.00097], [39.693269, 48.999302], [39.691124, 48.99629], [39.67693, 48.989538], [39.663411, 49.000872], [39.670277, 49.003148], [39.679204, 49.012886], [39.673658, 49.014934], [39.675663, 49.026888], [39.681736, 49.028733], [39.683582, 49.036925], [39.673217, 49.03933], [39.682089, 49.045779], [39.693366, 49.05054], [39.74032, 49.04222], [39.766623, 49.040132], [39.787133, 49.049358], [39.803143, 49.059202], [39.880305, 49.06432], [39.910263, 49.057462], [39.937951, 49.056277], [39.942532, 49.071347], [39.938169, 49.082798], [39.958701, 49.105564], [39.972108, 49.124488], [40.031575, 49.180241], [40.07613, 49.186828], [40.10829, 49.210883], [40.137226, 49.239885], [40.188228, 49.238626], [40.21437, 49.244887], [40.219264, 49.265172], [40.185745, 49.284288], [40.18404, 49.303985], [40.188526, 49.307443], [40.196814, 49.345228], [40.176429, 49.356618], [40.170182, 49.3564], [40.159805, 49.366018], [40.162603, 49.367837], [40.156906, 49.372669], [40.129549, 49.382381], [40.105631, 49.391292], [40.0475347, 49.4445276], [40.02919, 49.453599], [40.04176, 49.499103], [40.037599, 49.519895], [40.168435, 49.568921], [40.135258, 49.616254], [40.063538, 49.599233], [40.056729, 49.606573], [39.952223, 49.596549], [39.934601, 49.572783], [39.890224, 49.558359], [39.838914, 49.563518], [39.805312, 49.55805], [39.750232, 49.596719], [39.714635, 49.606479], [39.696747, 49.604291], [39.686926, 49.611558], [39.659995, 49.614811], [39.638379, 49.6351], [39.613305, 49.691362], [39.59136, 49.719134], [39.610109, 49.733798], [39.533835, 49.740848], [39.478761, 49.756475], [39.438201, 49.760006], [39.412062, 49.753111], [39.376963, 49.738424], [39.307924, 49.753044], [39.28556, 49.755666], [39.27547, 49.768026], [39.264639, 49.76848], [39.250371, 49.777802], [39.239146, 49.798226], [39.228992, 49.808432], [39.228114, 49.816503], [39.225656, 49.840184], [39.188395, 49.886222], [39.178402, 49.888001], [39.130738, 49.861568], [39.110366, 49.837773], [39.069763, 49.818731], [39.066233, 49.815349], [39.033522, 49.822372], [39.02166, 49.82091], [38.984906, 49.807783], [38.971138, 49.807221], [38.949095, 49.796102], [38.94035, 49.800888], [38.930753, 49.797174], [38.927811, 49.798576], [38.9287, 49.803888], [38.920357, 49.804946], [38.916163, 49.812724], [38.919124, 49.814665], [38.909372, 49.81917], [38.907392, 49.828412], [38.913507, 49.82863], [38.915094, 49.831059], [38.911398, 49.834589], [38.913878, 49.836114], [38.912225, 49.844315], [38.906706, 49.845044], [38.90505, 49.849149], [38.918648, 49.8579], [38.916488, 49.859925], [38.909338, 49.860103], [38.898467, 49.870416], [38.876416, 49.869423], [38.869398, 49.864488], [38.856713, 49.869139], [38.849104, 49.865103], [38.836346, 49.867366], [38.8320172, 49.8767018], [38.794958, 49.88331], [38.79015, 49.87851], [38.777683, 49.88532], [38.768232, 49.896044], [38.743847, 49.897307], [38.733846, 49.905025], [38.723247, 49.927005], [38.6929, 49.934766], [38.6853, 49.960344], [38.715315, 49.982384], [38.715136, 49.98771], [38.687546, 50.008152], [38.679052, 50.005448], [38.676054, 49.992814], [38.679731, 49.974494], [38.666941, 49.972156], [38.646196, 49.955937], [38.616078, 49.97439], [38.58157, 49.977416], [38.526715, 49.958271], [38.507898, 49.96403], [38.487706, 49.963602], [38.4833, 49.976528], [38.47752, 49.983271], [38.465914, 49.983961], [38.46804, 49.995247], [38.434095, 50.001019], [38.416008, 49.981338], [38.397563, 49.990585], [38.349575, 50.006444], [38.354164, 50.019048], [38.3512, 50.034741], [38.333976, 50.059093], [38.329442, 50.08551], [38.313196, 50.088337], [38.301154, 50.087142], [38.291493, 50.079436], [38.275781, 50.07344], [38.25406, 50.072508], [38.178568, 50.079969], [38.185066, 50.055692], [38.183827, 50.045832], [38.187923, 50.04072], [38.188245, 50.023603], [38.1858237, 50.0225529], [38.217126, 49.987182], [38.196332, 49.969759], [38.162402, 49.951496], [38.171565, 49.941901], [38.126682, 49.92215], [38.124994, 49.942552], [38.056464, 49.923247], [38.033921, 49.904761], [38.012367, 49.918497], [38.043687, 49.932897], [38.005373, 49.967245], [37.999075, 49.963601], [37.980562, 49.976794], [37.965809, 49.979304], [37.962041, 49.982918], [37.939445, 50.015581], [37.92525, 50.013994], [37.910757, 50.003572], [37.899352, 50.004098], [37.892271, 49.995688], [37.891372, 49.989483], [37.886912, 49.988883], [37.88546, 49.981438], [37.879411, 49.980971], [37.874907, 49.981938], [37.855187, 49.974597], [37.854856, 49.971257], [37.829987, 49.973632], [37.817461, 49.959572], [37.819181, 49.957566], [37.817811, 49.956443], [37.808376, 49.953692], [37.808337, 49.950742], [37.802781, 49.948025], [37.801907, 49.946959], [37.804638, 49.946003], [37.802204, 49.943098], [37.793004, 49.940646], [37.788634, 49.937398], [37.786309, 49.938492], [37.780202, 49.93554], [37.773713, 49.929327], [37.775018, 49.921524], [37.771121, 49.913478], [37.773636, 49.911168], [37.771431, 49.906316], [37.76553, 49.904366], [37.765295, 49.899984], [37.754165, 49.899693], [37.747108, 49.894686], [37.745125, 49.891188], [37.7443433, 49.8874684], [37.7320072, 49.8920089], [37.7271387, 49.8887528], [37.7302637, 49.8850905], [37.719691, 49.8824113], [37.7203466, 49.8793757], [37.7246595, 49.8762503], [37.7177288, 49.8690317], [37.7273435, 49.8599131], [37.716123, 49.856783], [37.70339, 49.850689], [37.7004029, 49.8500136], [37.6970705, 49.8561852], [37.6992731, 49.8663951], [37.6902528, 49.8675032], [37.6832967, 49.8639353], [37.6815769, 49.8611417], [37.6828925, 49.852927], [37.6845516, 49.8510757], [37.6801793, 49.8485128], [37.6750869, 49.8487189], [37.6731845, 49.8515059], [37.6660965, 49.8531483], [37.6572313, 49.8543567], [37.6487652, 49.8550717], [37.6489959, 49.8531052], [37.6595824, 49.8497977], [37.6648749, 49.8436605], [37.6691368, 49.8429473], [37.6726954, 49.8394004], [37.6748668, 49.8315227], [37.6667879, 49.828848], [37.6449451, 49.8263897], [37.6308806, 49.8299694], [37.6291265, 49.8333644], [37.6242821, 49.8342127], [37.621236, 49.8383502], [37.616408, 49.8385919], [37.6133074, 49.8363876], [37.6090054, 49.8359547], [37.6056593, 49.8324918], [37.6109838, 49.8295523], [37.6190578, 49.8283243], [37.631686, 49.8250933], [37.6177658, 49.8047893], [37.6148164, 49.8024853], [37.6185778, 49.8015826], [37.6269743, 49.8084349], [37.6447703, 49.8046372], [37.6553625, 49.7947253], [37.6537807, 49.7922005], [37.6543447, 49.7897311], [37.6538625, 49.784214], [37.6484152, 49.7741222], [37.6611203, 49.774283], [37.6601326, 49.7649226], [37.6567431, 49.752328], [37.6521609, 49.7453614], [37.6606839, 49.7433199], [37.673508, 49.7437304], [37.6736293, 49.7450279], [37.6680356, 49.7470687], [37.6671481, 49.7521484], [37.677727, 49.7634893], [37.689569, 49.763034], [37.694536, 49.764733], [37.700237, 49.767259], [37.709672, 49.764685], [37.717219, 49.760289], [37.731469, 49.758221], [37.746953, 49.757894], [37.759173, 49.753462], [37.763958, 49.749679], [37.7778709, 49.7470144], [37.785384, 49.73968], [37.794385, 49.736725], [37.804329, 49.735322], [37.81084, 49.740881], [37.822931, 49.740836], [37.831842, 49.740466], [37.843778, 49.733858], [37.840488, 49.731728], [37.843161, 49.728888], [37.840806, 49.725637], [37.842632, 49.724289], [37.861966, 49.716167], [37.868684, 49.712564], [37.885402, 49.705914], [37.901884, 49.703209], [37.903211, 49.693762], [37.894796, 49.685008], [37.892407, 49.67743], [37.881858, 49.674164], [37.881644, 49.671304], [37.883661, 49.662999], [37.885536, 49.659628], [37.889758, 49.658469], [37.890805, 49.650614], [37.885241, 49.6509], [37.879635, 49.649599], [37.878999, 49.648504], [37.873369, 49.648036], [37.873472, 49.647149], [37.884046, 49.643734], [37.8754319, 49.6238223], [37.847763, 49.607847], [37.808735, 49.607885], [37.787941, 49.607704], [37.789024, 49.603152], [37.803024, 49.603214], [37.804075, 49.594326], [37.790894, 49.594665], [37.790625, 49.592201], [37.796328, 49.590543], [37.79249, 49.580292], [37.7721643, 49.5749122], [37.7705703, 49.5721381], [37.7612521, 49.5695864], [37.7538315, 49.5634959], [37.7538385, 49.5617803], [37.7606685, 49.5592012], [37.7596029, 49.5561771], [37.7318293, 49.5571717], [37.7153675, 49.5563607], [37.7017524, 49.5529328], [37.7008501, 49.5443336], [37.6960211, 49.5411357], [37.6953232, 49.530318], [37.6928279, 49.5268861], [37.6969683, 49.5253315], [37.7007644, 49.5148622], [37.713266, 49.513489], [37.7249477, 49.51819], [37.7447395, 49.510484], [37.7387158, 49.5062332], [37.7459229, 49.5041205], [37.7733578, 49.5056254], [37.7991651, 49.5046294], [37.8082886, 49.4913692], [37.7989061, 49.4775791], [37.7906522, 49.468416], [37.7981455, 49.4600918], [37.8010122, 49.4516611], [37.7986045, 49.4447114], [37.7700665, 49.4363492], [37.7726215, 49.4341817], [37.8086348, 49.4314464], [37.8115875, 49.4084649], [37.8495282, 49.4072309], [37.846639, 49.3866555], [37.8471391, 49.3812728], [37.8622302, 49.3804157], [37.888007, 49.3893357], [37.9096663, 49.3932276], [37.9215231, 49.3940831], [37.9328963, 49.3928602], [37.940195, 49.380594], [37.945471, 49.369306], [37.949072, 49.362706], [37.954308, 49.361588], [37.949573, 49.353118], [37.947628, 49.351399], [37.941921, 49.349687], [37.943867, 49.346904], [37.941177, 49.344568], [37.942329, 49.341848], [37.941789, 49.338838], [37.950047, 49.337701], [37.953435, 49.336622], [37.957295, 49.334845], [37.962823, 49.334169], [37.964944, 49.332475], [37.965519, 49.330277], [37.966392, 49.322245], [37.961857, 49.317318], [37.961584, 49.311489], [37.969378, 49.311145], [37.969614, 49.303038], [37.962008, 49.303265], [37.967716, 49.286555], [37.979567, 49.282252], [37.983734, 49.28089], [37.98938, 49.283586], [37.997847, 49.283115], [37.999277, 49.28581], [38.002595, 49.288282], [38.008788, 49.28801], [38.012922, 49.285051], [38.006727, 49.273896], [38.014016, 49.268431], [38.009803, 49.261509], [38.005429, 49.249438], [37.992513, 49.243347], [37.992512, 49.241094], [37.9872634, 49.2378349], [37.9713693, 49.2360884], [37.9633586, 49.2328895], [37.9575295, 49.2340801], [37.9520438, 49.2330285], [37.9522658, 49.2307164], [37.980356, 49.219469], [37.9894883, 49.2026138], [37.9762814, 49.1752103], [37.9704665, 49.1598], [37.963664, 49.157664], [37.9647264, 49.1479234], [37.9586644, 49.1390226], [37.9495153, 49.1304535], [37.9334074, 49.1202578], [37.9386735, 49.1169696], [37.9368466, 49.1153365], [37.9313044, 49.1083633], [37.9195421, 49.098119], [37.9197957, 49.0907963], [37.9321057, 49.0822442], [37.9442432, 49.0872946], [37.954786, 49.1007655], [37.97448, 49.094559], [37.9880645, 49.0872481], [37.99189, 49.080916], [37.991565, 49.078111], [37.989898, 49.075464], [37.993809, 49.074533], [37.998925, 49.07085], [37.998026, 49.066145], [38.002696, 49.061513], [38.001823, 49.053481], [38.008232, 49.039704], [38.003003, 49.03906], [38.008864, 49.02066], [38.006339, 49.018375], [38.00967, 49.015013], [38.041265, 49.014787], [38.058477, 49.013686], [38.05921, 49.00791], [38.072416, 49.00747], [38.085682, 49.004997], [38.091616, 48.99911], [38.098026, 48.99471], [38.102926, 48.985722], [38.105879, 48.976208], [38.157073, 48.976912], [38.169416, 48.97551], [38.200339, 48.974727], [38.201663, 48.961083], [38.202165, 48.957348], [38.203698, 48.957331], [38.203931, 48.954594], [38.200313, 48.954295], [38.201772, 48.949913], [38.205763, 48.945023], [38.207094, 48.9414], [38.206063, 48.939688], [38.21117, 48.939329], [38.218938, 48.942542], [38.227438, 48.943041], [38.23465, 48.944666], [38.234227, 48.946566], [38.233873, 48.95314], [38.237048, 48.956521], [38.244862, 48.956245], [38.258858, 48.969268], [38.241062, 49.005535], [38.262698, 49.024532], [38.284528, 49.026568], [38.299791, 49.024992], [38.691727, 48.729363]]]}}, {"type": "Feature", "properties": {"name": "Occupied", "date": "2025-01-31", "layer_type": "russian_occupied"}, "geometry": {"type": "Polygon", "coordinates": [[[38.1144114, 48.7657626], [38.1088325, 48.7653364], [38.0924818, 48.7678926], [38.0822474, 48.7711945], [38.0706388, 48.7717801], [38.0695618, 48.7693353], [38.0699675, 48.765454], [38.0741493, 48.7611201], [38.0688668, 48.7560662], [38.060568, 48.7490694], [38.0582375, 48.7482236], [38.053961, 48.747843], [38.0513581, 48.7485092], [38.048427, 48.747183], [38.042234, 48.747044], [38.034627, 48.750284], [38.029467, 48.750722], [38.028426, 48.749363], [38.027522, 48.74731], [38.027763, 48.745535], [38.026323, 48.741013], [38.022599, 48.740876], [38.013382, 48.739464], [37.998693, 48.738288], [37.99097, 48.725148], [37.988396, 48.716876], [37.979729, 48.707306], [37.962794, 48.7011], [37.93865, 48.702072], [37.934579, 48.703062], [37.9295206, 48.7026555], [37.9190656, 48.6975365], [37.9123888, 48.6956746], [37.911874, 48.6930122], [37.9106124, 48.6916101], [37.910438, 48.690366], [37.915522, 48.688725], [37.9107748, 48.6846255], [37.911087, 48.6834025], [37.9012812, 48.6790533], [37.8871049, 48.6785062], [37.8832782, 48.6752424], [37.8889641, 48.6716469], [37.8940485, 48.6634029], [37.8900441, 48.659417], [37.8856742, 48.6543223], [37.8918183, 48.6503332], [37.890728, 48.64777], [37.887736, 48.644912], [37.88483, 48.641203], [37.8772887, 48.6389122], [37.8632246, 48.6412717], [37.8467227, 48.6405457], [37.8456999, 48.6360879], [37.835466, 48.6359546], [37.83477, 48.6317756], [37.8459177, 48.6275963], [37.8469088, 48.6224516], [37.8468251, 48.6191209], [37.8438657, 48.6183991], [37.8410562, 48.6132006], [37.8435921, 48.6079352], [37.8386755, 48.6053626], [37.8244724, 48.6007811], [37.8169431, 48.5997278], [37.8175559, 48.5963632], [37.813675, 48.5953943], [37.814429, 48.5929494], [37.8279529, 48.5945309], [37.8305533, 48.5933751], [37.8318427, 48.5923643], [37.8335826, 48.5912258], [37.8385736, 48.5881642], [37.8380889, 48.5865246], [37.8365728, 48.5847599], [37.8370608, 48.5823265], [37.8456302, 48.5816207], [37.8516678, 48.5759748], [37.8601538, 48.570312], [37.8595296, 48.5649217], [37.8536774, 48.5599503], [37.8532328, 48.5554899], [37.8583943, 48.5545789], [37.8690361, 48.55923], [37.8858596, 48.5514953], [37.9084995, 48.5436246], [37.9237321, 48.5407293], [37.9247793, 48.5388406], [37.9433594, 48.5319417], [37.9397922, 48.5139887], [37.942362, 48.5042628], [37.9596944, 48.5098907], [37.9679124, 48.5056582], [37.9686616, 48.4991713], [37.9515469, 48.4791652], [37.952159, 48.474903], [37.9477389, 48.4730511], [37.956586, 48.460819], [37.956943, 48.458893], [37.953841, 48.457432], [37.940427, 48.452091], [37.940228, 48.449226], [37.952923, 48.429599], [37.951222, 48.42725], [37.9407248, 48.4240612], [37.9397575, 48.4222287], [37.9411077, 48.4196409], [37.9316411, 48.4184117], [37.928969, 48.4148738], [37.9120523, 48.4108804], [37.9111501, 48.4100892], [37.909132, 48.4105799], [37.9084863, 48.4098805], [37.9027746, 48.4113302], [37.902008, 48.4096726], [37.9001258, 48.4080151], [37.8919066, 48.4070316], [37.8901821, 48.4018788], [37.886192, 48.4010281], [37.8744667, 48.3997357], [37.8683863, 48.4006494], [37.866623, 48.3999402], [37.8617484, 48.4024519], [37.8580756, 48.4030261], [37.8553224, 48.4007447], [37.8549836, 48.3985512], [37.8520685, 48.3981251], [37.850139, 48.3987141], [37.8491528, 48.3979828], [37.8475014, 48.3981206], [37.84685, 48.3974974], [37.8459368, 48.397946], [37.846322, 48.3985085], [37.8447731, 48.3996107], [37.8432485, 48.3999041], [37.8426252, 48.4002973], [37.8474881, 48.4045982], [37.8456571, 48.4053726], [37.84678, 48.4064578], [37.8494747, 48.4056038], [37.85138, 48.4065015], [37.8505731, 48.4069077], [37.8494658, 48.4065019], [37.8472592, 48.4074006], [37.846601, 48.407981], [37.8445123, 48.4057799], [37.8418797, 48.4040556], [37.8361734, 48.4054272], [37.8373066, 48.4073709], [37.8362256, 48.4077258], [37.8344928, 48.4055297], [37.8316811, 48.4068302], [37.8295769, 48.4058984], [37.8319329, 48.4024706], [37.834246, 48.4010086], [37.8324353, 48.3998083], [37.8382033, 48.3966151], [37.8380918, 48.395673], [37.8436374, 48.392752], [37.8454919, 48.3919368], [37.8442826, 48.3908589], [37.8434259, 48.3891943], [37.8398654, 48.388983], [37.8339795, 48.3962687], [37.8306732, 48.3985174], [37.8243208, 48.4016361], [37.8229712, 48.4033544], [37.8246148, 48.4046356], [37.8242414, 48.4048341], [37.82225, 48.4038636], [37.8187497, 48.4067495], [37.8187007, 48.4072003], [37.8172079, 48.4097701], [37.8164017, 48.4094341], [37.8178793, 48.4069674], [37.8173093, 48.406587], [37.8176071, 48.4046581], [37.8162324, 48.404007], [37.8170475, 48.4035594], [37.8194075, 48.4042513], [37.8206942, 48.4023303], [37.8172394, 48.3996054], [37.8262082, 48.3962639], [37.8253481, 48.3939248], [37.8252607, 48.3904458], [37.8319421, 48.3872347], [37.8316988, 48.3831842], [37.8422271, 48.3824397], [37.8420215, 48.3803306], [37.8395883, 48.3805444], [37.8392086, 48.3788841], [37.8417899, 48.378706], [37.8418159, 48.3774804], [37.8403997, 48.375542], [37.8410129, 48.374753], [37.838901, 48.372225], [37.8462977, 48.3705559], [37.851891, 48.3646574], [37.8705267, 48.3543096], [37.9054956, 48.3404377], [37.9185517, 48.3465274], [37.9236168, 48.352797], [37.9292962, 48.3594898], [37.9317853, 48.3605734], [37.9348411, 48.3609871], [37.942023, 48.3574628], [37.9447965, 48.3596702], [37.9422644, 48.3622507], [37.9500832, 48.3734333], [37.9584861, 48.3771036], [37.970152, 48.380317], [37.974959, 48.381115], [37.978623, 48.391275], [38.00477, 48.393954], [38.042123, 48.409086], [38.113706, 48.408013], [38.117477, 48.420805], [38.135244, 48.419039], [38.148548, 48.414482], [38.163094, 48.402117], [38.18906, 48.416533], [38.238521, 48.386717], [38.273689, 48.359192], [38.290706, 48.361631], [38.321754, 48.371053], [38.343578, 48.384437], [38.354228, 48.390346], [38.367914, 48.402171], [38.390964, 48.415874], [38.389247, 48.432278], [38.393024, 48.436606], [38.405377, 48.473366], [38.411566, 48.510568], [38.414303, 48.520605], [38.402637, 48.547867], [38.402637, 48.59194], [38.40607, 48.60193], [38.438793, 48.611028], [38.441253, 48.617271], [38.436275, 48.629243], [38.426326, 48.638696], [38.431476, 48.650492], [38.445202, 48.655048], [38.464428, 48.656408], [38.480228, 48.659111], [38.496708, 48.663192], [38.515247, 48.666367], [38.516148, 48.670562], [38.527284, 48.674642], [38.539451, 48.673509], [38.548978, 48.675294], [38.559446, 48.686695], [38.572231, 48.689056], [38.577732, 48.696742], [38.578419, 48.70943], [38.583218, 48.71987], [38.630135, 48.721172], [38.678412, 48.723701], [38.674549, 48.729363], [38.691727, 48.729363], [38.299791, 49.024992], [38.284528, 49.026568], [38.262698, 49.024532], [38.241062, 49.005535], [38.258858, 48.969268], [38.244862, 48.956245], [38.237048, 48.956521], [38.233873, 48.95314], [38.234227, 48.946566], [38.23465, 48.944666], [38.23809, 48.946707], [38.243964, 48.947259], [38.257479, 48.942787], [38.2584205, 48.9395547], [38.2566354, 48.935167], [38.2562913, 48.9320383], [38.2651985, 48.9252152], [38.271561, 48.922118], [38.271124, 48.921035], [38.267106, 48.920277], [38.266178, 48.918955], [38.267783, 48.918197], [38.267126, 48.916775], [38.270674, 48.915748], [38.271125, 48.910911], [38.270354, 48.90747], [38.267509, 48.903563], [38.261915, 48.901493], [38.262502, 48.900157], [38.274574, 48.895171], [38.272754, 48.891694], [38.267902, 48.890249], [38.267894, 48.889447], [38.260701, 48.888971], [38.257643, 48.889655], [38.253674, 48.888822], [38.252689, 48.885633], [38.250204, 48.883995], [38.248813, 48.880268], [38.245057, 48.880601], [38.244584, 48.879576], [38.233854, 48.882038], [38.233786, 48.880076], [38.235014, 48.877435], [38.228545, 48.868924], [38.2294311, 48.8643291], [38.242558, 48.865034], [38.244884, 48.856618], [38.252486, 48.842491], [38.2399546, 48.8313143], [38.2420494, 48.8206943], [38.241633, 48.8079385], [38.2316466, 48.7957738], [38.2249439, 48.7935166], [38.2060917, 48.7901739], [38.1915251, 48.7865335], [38.1880228, 48.7896102], [38.184606, 48.790764], [38.1787165, 48.7895656], [38.1758628, 48.7885075], [38.174168, 48.7862337], [38.1771302, 48.7830476], [38.1782569, 48.7730725], [38.1593018, 48.7647511], [38.1421778, 48.7676056], [38.1290239, 48.7674481], [38.1144114, 48.7657626]]]}}, {"type": "Feature", "properties": {"name": "Occupied", "date": "2025-01-31", "layer_type": "russian_occupied"}, "geometry": {"type": "Polygon", "coordinates": [[[31.5185179, 46.3123958], [31.5233274, 46.3018998], [31.5404905, 46.2827451], [31.5621271, 46.2669054], [31.5909589, 46.2512384], [31.6373218, 46.2342125], [31.6737534, 46.2273536], [31.7010797, 46.221792], [31.8603083, 46.195154], [31.9043024, 46.1882149], [31.9661349, 46.1800629], [31.9865362, 46.1783043], [32.0222124, 46.1740427], [32.0798197, 46.165498], [32.0827105, 46.1663447], [32.0828546, 46.1673698], [32.0778235, 46.1669051], [32.0677548, 46.1681586], [32.0590588, 46.1702435], [32.0538818, 46.1705301], [32.0502496, 46.1725997], [32.046073, 46.1728915], [32.0409807, 46.1724429], [32.0403514, 46.1735991], [32.0328561, 46.1754894], [32.0071353, 46.1768614], [31.9748887, 46.1806034], [31.9145042, 46.1883018], [31.849782, 46.1997302], [31.7682214, 46.2123192], [31.7110167, 46.2220285], [31.6977437, 46.2237408], [31.6771159, 46.2291677], [31.664569, 46.2302172], [31.6556264, 46.2325719], [31.6517271, 46.2357454], [31.6559317, 46.239308], [31.6632269, 46.2418017], [31.6742346, 46.2450221], [31.6797495, 46.2444429], [31.6808237, 46.2488642], [31.6713823, 46.2499326], [31.6458899, 46.2447732], [31.6277803, 46.2451878], [31.6098417, 46.2466681], [31.5927674, 46.2530201], [31.5768906, 46.2605568], [31.5636705, 46.268092], [31.5523352, 46.2782367], [31.5418638, 46.2900999], [31.5358566, 46.3056349], [31.5328516, 46.3193318], [31.5363707, 46.3372901], [31.5357704, 46.347421], [31.5360288, 46.3563672], [31.5345483, 46.3615353], [31.5351277, 46.3679473], [31.5326921, 46.369628], [31.5276814, 46.3694727], [31.5215226, 46.3669706], [31.516114, 46.3607517], [31.5114791, 46.349257], [31.5137113, 46.3301786], [31.5147417, 46.3212872], [31.5185179, 46.3123958]]]}}, {"type": "Feature", "properties": {"name": "Occupied", "date": "2025-01-31", "layer_type": "russian_occupied"}, "geometry": {"type": "Polygon", "coordinates": [[[36.7607026, 50.2899484], [36.7546605, 50.2905174], [36.7479429, 50.2882348], [36.7480321, 50.287217], [36.750267, 50.286309], [36.750696, 50.283002], [36.749837, 50.2809], [36.748778, 50.2802072], [36.744987, 50.2806835], [36.7448866, 50.2818179], [36.7423255, 50.2816186], [36.739936, 50.282955], [36.728862, 50.27733], [36.720128, 50.277444], [36.7271229, 50.2677935], [36.7397726, 50.2656587], [36.7554563, 50.2602926], [36.7722271, 50.2552691], [36.7892518, 50.2458], [36.8085084, 50.2480724], [36.8218329, 50.2495541], [36.8234212, 50.2499793], [36.8295583, 50.2541643], [36.8331418, 50.2564689], [36.8376054, 50.2588282], [36.8377765, 50.2613528], [36.8442995, 50.2642334], [36.8542986, 50.2663323], [36.8589338, 50.2732857], [36.8477329, 50.2846122], [36.8526253, 50.2930574], [36.8776878, 50.3002948], [36.896141, 50.2928395], [36.9108185, 50.2966763], [36.9156678, 50.2978277], [36.9212469, 50.2976632], [36.9223413, 50.2941403], [36.9279417, 50.2901511], [36.9354734, 50.2914667], [36.9352803, 50.2923167], [36.9365893, 50.2926732], [36.9344647, 50.2978139], [36.946095, 50.2999385], [36.9453224, 50.3024947], [36.9488415, 50.3037899], [36.9539485, 50.3011995], [36.9576398, 50.3045128], [36.9739926, 50.306923], [36.9786677, 50.3096491], [36.9871195, 50.3080991], [36.9915809, 50.3080833], [37.0021369, 50.3128909], [37.0097012, 50.3093503], [37.0124104, 50.3098545], [37.0167508, 50.3141956], [37.0140277, 50.3218578], [37.0166478, 50.3342198], [37.0064244, 50.3332825], [37.0137259, 50.3486323], [36.957421, 50.34918], [36.937645, 50.350224], [36.915294, 50.346287], [36.882156, 50.336552], [36.872241, 50.335704], [36.8626278, 50.3317863], [36.8519428, 50.3275937], [36.8333579, 50.3131381], [36.8284851, 50.3128301], [36.8208034, 50.3135665], [36.8039383, 50.3098318], [36.8003327, 50.3060231], [36.7683642, 50.3018802], [36.7642754, 50.2919664], [36.7607026, 50.2899484]]]}}, {"type": "Feature", "properties": {"name": "Occupied", "date": "2025-01-31", "layer_type": "russian_occupied"}, "geometry": {"type": "Polygon", "coordinates": [[[36.594232, 50.232573], [36.586776, 50.2351401], [36.5846418, 50.2300206], [36.5873883, 50.2277145], [36.5905641, 50.227536], [36.5952204, 50.2298559], [36.5988467, 50.2298147], [36.594232, 50.232573]]]}}, {"type": "Feature", "properties": {"name": "Occupied", "date": "2025-01-31", "layer_type": "russian_occupied"}, "geometry": {"type": "Polygon", "coordinates": [[[37.0867971, 48.0295379], [37.0864967, 48.0286195], [37.0823768, 48.0265531], [37.0805315, 48.0272706], [37.0778278, 48.0264956], [37.0762829, 48.0253476], [37.0791153, 48.0229653], [37.0830206, 48.0233097], [37.0834068, 48.0213866], [37.0850805, 48.0207838], [37.0819048, 48.0183582], [37.0858959, 48.0167004], [37.0877413, 48.0209273], [37.1030191, 48.0208412], [37.1042207, 48.0200375], [37.106109, 48.0205829], [37.1059374, 48.0217023], [37.1049503, 48.0221616], [37.1033195, 48.0213866], [37.0879987, 48.0215301], [37.0880846, 48.0223051], [37.0868829, 48.0233384], [37.0816473, 48.0249458], [37.0891575, 48.02905], [37.0887712, 48.0298823], [37.0867971, 48.0295379]]]}}, {"type": "Feature", "properties": {"name": "Liberated", "date": "2025-01-31", "layer_type": "liberated"}, "geometry": {"type": "Polygon", "coordinates": [[[34.2856958, 51.3210943], [34.2848972, 51.3205877], [34.2833093, 51.3199306], [34.282215, 51.3195015], [34.281464, 51.3187237], [34.280516, 51.3177982], [34.2810945, 51.3133152], [34.2821878, 51.3106562], [34.2772508, 51.3109448], [34.2772675, 51.3128016], [34.2721343, 51.3146584], [34.2697647, 51.3059248], [34.2662283, 51.2985435], [34.2581395, 51.3025206], [34.2551014, 51.301277], [34.2547615, 51.2990762], [34.2498297, 51.298861], [34.2497046, 51.2967138], [34.2451165, 51.2962705], [34.2446484, 51.2941634], [34.2416054, 51.2933174], [34.239569, 51.2935922], [34.237876, 51.2924714], [34.2435334, 51.2845465], [34.2545272, 51.2820675], [34.2605642, 51.282635], [34.2802462, 51.2937062], [34.2998425, 51.3070753], [34.3038384, 51.3198622], [34.3055179, 51.3222945], [34.3119171, 51.3262166], [34.309967, 51.334943], [34.3042296, 51.3360878], [34.2993505, 51.3342295], [34.2907805, 51.3386448], [34.2868447, 51.3388773], [34.2814564, 51.3346262], [34.2897191, 51.3219593], [34.2881849, 51.3217916], [34.2856958, 51.3210943]]]}}, {"type": "Feature", "properties": {"name": "Liberated", "date": "2025-01-31", "layer_type": "liberated"}, "geometry": {"type": "Polygon", "coordinates": [[[35.0213993, 51.2236095], [35.0229399, 51.2202801], [35.02783, 51.2195158], [35.0313467, 51.2198266], [35.0373499, 51.2179749], [35.0394098, 51.2039949], [35.0545142, 51.2109855], [35.0634424, 51.2175448], [35.0612108, 51.221953], [35.0686773, 51.2298814], [35.0749437, 51.2321118], [35.0848681, 51.2302605], [35.1050924, 51.2326527], [35.1175588, 51.2298032], [35.1200048, 51.2314131], [35.150303, 51.2233506], [35.1502168, 51.2212005], [35.1394025, 51.2174373], [35.1362268, 51.2103131], [35.1377718, 51.2086733], [35.1436083, 51.2058233], [35.1434366, 51.2029732], [35.1304323, 51.1943675], [35.1299612, 51.1896341], [35.129329, 51.182868], [35.130681, 51.173559], [35.134436, 51.170816], [35.123252, 51.165326], [35.125065, 51.161323], [35.130986, 51.157045], [35.1398679, 51.1513437], [35.1353152, 51.1483999], [35.136644, 51.1441282], [35.1440031, 51.1405924], [35.1439057, 51.1366703], [35.1417485, 51.134687], [35.1541036, 51.1312809], [35.1685196, 51.1263453], [35.1743505, 51.1218398], [35.1674593, 51.1185528], [35.1644154, 51.1133872], [35.1637751, 51.1082216], [35.1665589, 51.1055491], [35.1643458, 51.105129], [35.1648701, 51.1009307], [35.1684795, 51.1006101], [35.1696857, 51.1031999], [35.1769683, 51.0987167], [35.1739384, 51.0873709], [35.1557815, 51.0909234], [35.1480353, 51.0828067], [35.1504252, 51.0826147], [35.1532509, 51.0815482], [35.1541882, 51.0800502], [35.1576077, 51.0817182], [35.1594035, 51.0808267], [35.1636884, 51.0833321], [35.1665515, 51.0806048], [35.1657512, 51.0775156], [35.1679544, 51.0756379], [35.1708441, 51.0747307], [35.1730183, 51.0716222], [35.1766849, 51.0706908], [35.1780523, 51.0674779], [35.1830241, 51.0630783], [35.1824964, 51.0619384], [35.1887104, 51.057001], [35.1904161, 51.0564513], [35.1903192, 51.0537436], [35.1968956, 51.0511976], [35.1962784, 51.0504372], [35.197249, 51.0499195], [35.2006532, 51.0524191], [35.2037141, 51.0512498], [35.2052729, 51.048394], [35.2083265, 51.0480722], [35.2095529, 51.0467781], [35.2134399, 51.0465092], [35.2210587, 51.0506361], [35.2226202, 51.0523017], [35.2264135, 51.0526184], [35.2269621, 51.0547625], [35.2423722, 51.0604394], [35.243837, 51.0636073], [35.2484334, 51.0645979], [35.2536284, 51.06158], [35.2559681, 51.0621209], [35.2575457, 51.0613394], [35.2575782, 51.0587778], [35.2612944, 51.0613928], [35.2658263, 51.0630636], [35.2660309, 51.061902], [35.2647335, 51.0597694], [35.2667305, 51.0579317], [35.2733503, 51.0580778], [35.2728018, 51.0595104], [35.2756866, 51.059001], [35.2761348, 51.0623787], [35.2746798, 51.0633494], [35.2738256, 51.064428], [35.2739155, 51.0658032], [35.2750569, 51.0663693], [35.2758444, 51.0661331], [35.2769108, 51.0641709], [35.277269, 51.0641099], [35.280138, 51.0669886], [35.2813064, 51.0676221], [35.2829039, 51.067015], [35.2842117, 51.0675069], [35.2850752, 51.0675152], [35.2858527, 51.0673348], [35.2868929, 51.0675402], [35.2826514, 51.0739631], [35.2882826, 51.0783203], [35.2920816, 51.0814726], [35.2893964, 51.096549], [35.2974184, 51.098943], [35.2955948, 51.1029424], [35.2843206, 51.1082932], [35.2765703, 51.1223199], [35.2730221, 51.1372481], [35.2727558, 51.1492116], [35.2728309, 51.1618199], [35.2874149, 51.1695287], [35.2946656, 51.166279], [35.3000928, 51.1597554], [35.3113623, 51.1617043], [35.3226323, 51.1619297], [35.3235439, 51.1647487], [35.3202089, 51.1729495], [35.3349892, 51.1864512], [35.3605172, 51.1977023], [35.3645509, 51.2057831], [35.3635246, 51.2205421], [35.368283, 51.2351912], [35.3802615, 51.2512319], [35.3747259, 51.2578117], [35.3386324, 51.2631009], [35.3158028, 51.288764], [35.3302223, 51.3080841], [35.3243957, 51.3189212], [35.3461154, 51.3322463], [35.3360341, 51.3527429], [35.3056857, 51.357368], [35.3040494, 51.3650545], [35.2748188, 51.36906], [35.2581246, 51.3835688], [35.2293274, 51.3800902], [35.2140891, 51.3845351], [35.2061402, 51.3771793], [35.2170975, 51.3659954], [35.229546, 51.358801], [35.2238371, 51.3475736], [35.216718, 51.3374324], [35.1841762, 51.3035138], [35.1762547, 51.2758597], [35.1647471, 51.2784591], [35.1640382, 51.2816832], [35.1581791, 51.2819008], [35.1562682, 51.2790042], [35.1468047, 51.2784696], [35.1412212, 51.281056], [35.1265433, 51.27287], [35.1048437, 51.2673553], [35.0714122, 51.2696596], [35.0446792, 51.261169], [35.0396224, 51.2492317], [35.023907, 51.2447671], [35.0160818, 51.2506368], [35.0055311, 51.2477447], [34.98838, 51.2448294], [34.979891, 51.2355588], [34.9827036, 51.2336463], [34.9819968, 51.23211], [34.9914498, 51.2292186], [34.9951246, 51.2285251], [35.0016811, 51.2299057], [35.005507, 51.2318185], [35.0098141, 51.2317475], [35.0123187, 51.2306553], [35.0133832, 51.2282881], [35.0213993, 51.2236095]]]}}, {"type": "Feature", "properties": {"name": "Occupied", "date": "2025-01-31", "layer_type": "russian_occupied"}, "geometry": {"type": "Polygon", "coordinates": [[[35.3279976, 51.0711103], [35.3258518, 51.0741304], [35.3279976, 51.0770425], [35.3123764, 51.0773121], [35.3116898, 51.078768], [35.3043083, 51.0788759], [35.3031925, 51.0774739], [35.304995, 51.0762875], [35.3037933, 51.0742383], [35.3103165, 51.0757482], [35.316153, 51.0739147], [35.3279976, 51.0711103]]]}}]}