{"type": "FeatureCollection", "features": [{"type": "Feature", "properties": {"name": "Occupied", "date": "2026-03-31", "layer_type": "russian_occupied"}, "geometry": {"type": "Polygon", "coordinates": [[[38.691727, 48.729363], [38.753516, 48.718494], [38.76707, 48.714322], [38.80844, 48.713416], [38.83007, 48.71704], [38.836078, 48.723269], [38.84715, 48.742913], [38.85539, 48.749648], [38.85938, 48.749592], [38.860604, 48.74979], [38.860958, 48.750738], [38.863881, 48.751382], [38.871695, 48.751308], [38.87762, 48.752591], [38.879079, 48.752478], [38.880238, 48.750611], [38.881332, 48.750186], [38.892039, 48.750441], [38.89882, 48.750186], [38.901094, 48.750908], [38.904742, 48.75061], [38.908777, 48.749252], [38.911137, 48.748007], [38.912575, 48.746875], [38.914323, 48.744385], [38.91803, 48.742914], [38.919969, 48.743423], [38.921308, 48.744611], [38.922724, 48.745008], [38.924633, 48.745036], [38.930652, 48.745276], [38.933667, 48.746026], [38.935057, 48.746856], [38.936961, 48.747119], [38.938281, 48.746684], [38.93886, 48.745814], [38.937959, 48.744074], [38.934354, 48.742913], [38.932466, 48.7368], [38.934011, 48.735781], [38.94371, 48.733856], [38.94607, 48.734451], [38.956948, 48.734069], [38.961048, 48.736517], [38.961219, 48.739913], [38.959932, 48.742913], [38.961133, 48.74614], [38.964095, 48.746196], [38.966948, 48.745206], [38.969834, 48.743749], [38.972565, 48.743586], [38.974999, 48.744765], [38.978814, 48.744894], [38.981218, 48.743847], [38.982334, 48.742192], [38.982205, 48.740288], [38.984458, 48.737582], [38.989543, 48.734989], [38.991439, 48.730611], [38.998391, 48.724269], [38.999335, 48.719626], [38.998048, 48.717474], [38.993921, 48.716191], [38.988864, 48.715209], [38.984744, 48.713624], [38.984308, 48.71183], [38.986925, 48.71016], [38.991925, 48.710004], [38.996925, 48.711604], [38.998988, 48.711198], [38.99822, 48.707677], [38.999507, 48.703995], [38.99985, 48.7002], [39.001817, 48.698009], [39.004829, 48.696347], [39.01555, 48.694894], [39.015729, 48.688642], [39.014356, 48.683429], [39.016369, 48.680945], [39.019584, 48.679141], [39.020278, 48.675608], [39.020536, 48.672264], [39.023883, 48.669884], [39.026286, 48.667276], [39.027488, 48.663251], [39.025428, 48.661976], [39.021652, 48.662401], [39.018562, 48.664102], [39.012982, 48.664045], [39.009635, 48.662628], [39.010318, 48.660086], [39.012374, 48.658338], [39.019155, 48.656978], [39.02851, 48.653009], [39.032209, 48.652876], [39.03345, 48.651978], [39.035548, 48.648245], [39.038084, 48.647187], [39.04268, 48.646468], [39.054868, 48.647036], [39.074352, 48.650438], [39.075897, 48.651629], [39.084909, 48.650665], [39.098556, 48.650892], [39.10362, 48.649871], [39.111938, 48.653349], [39.11683, 48.656751], [39.123189, 48.66002], [39.127309, 48.660474], [39.13949, 48.659642], [39.141986, 48.66087], [39.142673, 48.663535], [39.141643, 48.665066], [39.141901, 48.666653], [39.144514, 48.670914], [39.148674, 48.675287], [39.151943, 48.676288], [39.157436, 48.675382], [39.163351, 48.675741], [39.174251, 48.680331], [39.18164, 48.685752], [39.185417, 48.693401], [39.190902, 48.699822], [39.195108, 48.703901], [39.19651, 48.706516], [39.197519, 48.706487], [39.198356, 48.705779], [39.19915, 48.702267], [39.200373, 48.700002], [39.203184, 48.698614], [39.207175, 48.698302], [39.212539, 48.70122], [39.219406, 48.705184], [39.224899, 48.70677], [39.226787, 48.708979], [39.232366, 48.711415], [39.235993, 48.71109], [39.23959, 48.709127], [39.243517, 48.709622], [39.249782, 48.712567], [39.253902, 48.720155], [39.253309, 48.722061], [39.253965, 48.724404], [39.256141, 48.726874], [39.259231, 48.733838], [39.255284, 48.738776], [39.255026, 48.740687], [39.256313, 48.742272], [39.258537, 48.742744], [39.26447, 48.741255], [39.268665, 48.741951], [39.270811, 48.743989], [39.271677, 48.747762], [39.270304, 48.751214], [39.270811, 48.752761], [39.272385, 48.753889], [39.274778, 48.753683], [39.276661, 48.752336], [39.27889, 48.749341], [39.282062, 48.748611], [39.286436, 48.748903], [39.289522, 48.751516], [39.289283, 48.753686], [39.290645, 48.75625], [39.291496, 48.759438], [39.29262, 48.760607], [39.299915, 48.76304], [39.303091, 48.765416], [39.308834, 48.771998], [39.311846, 48.774072], [39.3245889, 48.7769257], [39.3286586, 48.774795], [39.3275431, 48.7686007], [39.3366453, 48.7666122], [39.3496039, 48.7693956], [39.354504, 48.766831], [39.351328, 48.763097], [39.349175, 48.762154], [39.3422472, 48.759209], [39.349266, 48.742496], [39.3609339, 48.7360082], [39.3550115, 48.7271195], [39.3725803, 48.7206505], [39.3729498, 48.7156244], [39.3483161, 48.7119438], [39.355953, 48.697214], [39.3786967, 48.686792], [39.3911027, 48.68512], [39.3908693, 48.6804445], [39.3989371, 48.6752314], [39.405821, 48.673812], [39.4155028, 48.6679755], [39.408207, 48.661457], [39.414234, 48.656694], [39.420748, 48.658225], [39.43895, 48.654942], [39.450178, 48.655674], [39.453387, 48.652815], [39.4498, 48.650403], [39.451642, 48.641036], [39.457562, 48.638651], [39.4675642, 48.6389378], [39.465427, 48.633504], [39.467219, 48.628555], [39.487882, 48.6299193], [39.511638, 48.635704], [39.518343, 48.630272], [39.512924, 48.62213], [39.528054, 48.612874], [39.529832, 48.609362], [39.524524, 48.602638], [39.526932, 48.598541], [39.534191, 48.596769], [39.535012, 48.592838], [39.529249, 48.591218], [39.530691, 48.585691], [39.539875, 48.584017], [39.549316, 48.585976], [39.549059, 48.595854], [39.554981, 48.598295], [39.563564, 48.599089], [39.569414, 48.591116], [39.564086, 48.584599], [39.57434, 48.581738], [39.591386, 48.59225], [39.600613, 48.592875], [39.606406, 48.588618], [39.605878, 48.585521], [39.596866, 48.579502], [39.601073, 48.574959], [39.611029, 48.574051], [39.619525, 48.583023], [39.633431, 48.581263], [39.671325, 48.58924], [39.687271, 48.587084], [39.6789285, 48.5982903], [39.669571, 48.59594], [39.668158, 48.601311], [39.670944, 48.603218], [39.671091, 48.6048718], [39.6649366, 48.6052475], [39.661447, 48.610904], [39.667989, 48.621313], [39.6944975, 48.6364796], [39.6945425, 48.6421872], [39.69153, 48.644962], [39.693715, 48.649408], [39.7110568, 48.6547855], [39.7109647, 48.6680683], [39.704576, 48.666624], [39.701721, 48.669404], [39.704033, 48.671485], [39.712113, 48.674652], [39.714196, 48.680225], [39.721986, 48.682727], [39.722546, 48.684956], [39.716681, 48.689934], [39.718827, 48.693317], [39.715965, 48.695208], [39.720211, 48.697203], [39.717876, 48.703361], [39.712262, 48.715916], [39.726615, 48.729372], [39.725011, 48.740452], [39.731647, 48.742096], [39.732192, 48.744333], [39.737309, 48.743188], [39.740281, 48.7443076], [39.736376, 48.752183], [39.740082, 48.766418], [39.755303, 48.767977], [39.7634291, 48.762787], [39.7701559, 48.7670144], [39.765451, 48.778079], [39.773495, 48.784419], [39.780194, 48.786082], [39.785854, 48.799158], [39.797126, 48.840576], [39.804672, 48.843576], [39.808044, 48.83948], [39.807503, 48.838581], [39.8298919, 48.832143], [39.8859763, 48.8215592], [39.9475121, 48.7964776], [39.976403, 48.793903], [40.078831, 48.869867], [40.0613315, 48.9088569], [40.031195, 48.915801], [40.00398, 48.900793], [39.99343, 48.868286], [39.9568318, 48.8738784], [39.924336, 48.895717], [39.853161, 48.890737], [39.845802, 48.902911], [39.8349555, 48.9009621], [39.8353697, 48.8920876], [39.8237685, 48.8888564], [39.8226741, 48.9032394], [39.782372, 48.915745], [39.7767074, 48.9526767], [39.748412, 48.979267], [39.75208, 48.986592], [39.747268, 48.987412], [39.73038, 48.978202], [39.717623, 48.982354], [39.71677, 48.987067], [39.699288, 49.00097], [39.67693, 48.989538], [39.663411, 49.000872], [39.670277, 49.003148], [39.679204, 49.012886], [39.673658, 49.014934], [39.675663, 49.026888], [39.681736, 49.028733], [39.683582, 49.036925], [39.672317, 49.040569], [39.693366, 49.05054], [39.768105, 49.039893], [39.803143, 49.059202], [39.880305, 49.06432], [39.910263, 49.057462], [39.937951, 49.056277], [39.942532, 49.071347], [39.938169, 49.082798], [39.972108, 49.124488], [40.031575, 49.180241], [40.07613, 49.186828], [40.10829, 49.210883], [40.137226, 49.239885], [40.188228, 49.238626], [40.21437, 49.244887], [40.219264, 49.265172], [40.185745, 49.284288], [40.18404, 49.303985], [40.188526, 49.307443], [40.196814, 49.345228], [40.176429, 49.356618], [40.170182, 49.3564], [40.159805, 49.366018], [40.162603, 49.367837], [40.136835, 49.381814], [40.105631, 49.391292], [40.078125, 49.410189], [40.060275, 49.43587], [40.02919, 49.453599], [40.04176, 49.499103], [40.037599, 49.519895], [40.168435, 49.568921], [40.135258, 49.616254], [40.063538, 49.599233], [40.056729, 49.606573], [39.951954, 49.597472], [39.935131, 49.57399], [39.890224, 49.558359], [39.805312, 49.55805], [39.750232, 49.596719], [39.659995, 49.614811], [39.638379, 49.6351], [39.613305, 49.691362], [39.59136, 49.719134], [39.610109, 49.733798], [39.533835, 49.740848], [39.478761, 49.756475], [39.438201, 49.760006], [39.412062, 49.753111], [39.376963, 49.738424], [39.307924, 49.753044], [39.28556, 49.755666], [39.27547, 49.768026], [39.264639, 49.76848], [39.250371, 49.777802], [39.228114, 49.816503], [39.225656, 49.840184], [39.188395, 49.886222], [39.178402, 49.888001], [39.130738, 49.861568], [39.110366, 49.837773], [39.069763, 49.818731], [39.066233, 49.815349], [39.025667, 49.82248], [38.984906, 49.807783], [38.971138, 49.807221], [38.949095, 49.796102], [38.94035, 49.800888], [38.930753, 49.797174], [38.9287, 49.803888], [38.920357, 49.804946], [38.916163, 49.812724], [38.919124, 49.814665], [38.909372, 49.81917], [38.907392, 49.828412], [38.91366, 49.829789], [38.91057, 49.833276], [38.912225, 49.844315], [38.90505, 49.849149], [38.918648, 49.8579], [38.909338, 49.860103], [38.898467, 49.870416], [38.876416, 49.869423], [38.869398, 49.864488], [38.856713, 49.869139], [38.849104, 49.865103], [38.836346, 49.867366], [38.832017, 49.876702], [38.794958, 49.88331], [38.79015, 49.87851], [38.777683, 49.88532], [38.768232, 49.896044], [38.743847, 49.897307], [38.733846, 49.905025], [38.723247, 49.927005], [38.6929, 49.934766], [38.6853, 49.960344], [38.715315, 49.982384], [38.715136, 49.98771], [38.687546, 50.008152], [38.679052, 50.005448], [38.676054, 49.992814], [38.679731, 49.974494], [38.666941, 49.972156], [38.646196, 49.955937], [38.616078, 49.97439], [38.58157, 49.977416], [38.526715, 49.958271], [38.507898, 49.96403], [38.487706, 49.963602], [38.47752, 49.983271], [38.465914, 49.983961], [38.46804, 49.995247], [38.434095, 50.001019], [38.416008, 49.981338], [38.397563, 49.990585], [38.349575, 50.006444], [38.354164, 50.019048], [38.3512, 50.034741], [38.333976, 50.059093], [38.329442, 50.08551], [38.313196, 50.088337], [38.301154, 50.087142], [38.291305, 50.079178], [38.275685, 50.073117], [38.178568, 50.079969], [38.185066, 50.055692], [38.183827, 50.045832], [38.18882, 50.033], [38.185824, 50.022553], [38.217126, 49.987182], [38.196332, 49.969759], [38.162402, 49.951496], [38.171565, 49.941901], [38.126682, 49.92215], [38.124994, 49.942552], [38.056464, 49.923247], [38.032779, 49.900051], [38.020937, 49.925811], [38.043687, 49.932897], [38.005373, 49.967245], [37.999075, 49.963601], [37.980562, 49.976794], [37.965809, 49.979304], [37.939445, 50.015581], [37.930119, 50.027404], [37.926727, 50.034251], [37.893906, 50.050305], [37.876589, 50.053326], [37.873603, 50.048707], [37.852961, 50.037493], [37.8320536, 50.0148025], [37.7784475, 50.0057746], [37.7804197, 49.993807], [37.775992, 49.982118], [37.768273, 49.979852], [37.761756, 49.969747], [37.75069, 49.972173], [37.734732, 49.966041], [37.727291, 49.961004], [37.734898, 49.95601], [37.748912, 49.953199], [37.752736, 49.93996], [37.773713, 49.929327], [37.775018, 49.921524], [37.771121, 49.913478], [37.76859, 49.912578], [37.753528, 49.913556], [37.747178, 49.91257], [37.749238, 49.908269], [37.744348, 49.900549], [37.738516, 49.897712], [37.732928, 49.900517], [37.708232, 49.892617], [37.70199, 49.890135], [37.696636, 49.89027], [37.694024, 49.891022], [37.682886, 49.888812], [37.677931, 49.882439], [37.663524, 49.882537], [37.655369, 49.889578], [37.649624, 49.890778], [37.65001, 49.871535], [37.640691, 49.868973], [37.63646, 49.862767], [37.647907, 49.857949], [37.647909, 49.851347], [37.634142, 49.851668], [37.632287, 49.850879], [37.633392, 49.840982], [37.629433, 49.830529], [37.628233, 49.828063], [37.617078, 49.824791], [37.61571, 49.823452], [37.609756, 49.815873], [37.600514, 49.811768], [37.600134, 49.80926], [37.605246, 49.802153], [37.605703, 49.795738], [37.612197, 49.79171], [37.611246, 49.78401], [37.6232738, 49.7767237], [37.6381151, 49.7738941], [37.650172, 49.779226], [37.657945, 49.779382], [37.666195, 49.774498], [37.67204, 49.767174], [37.677727, 49.763489], [37.689569, 49.763034], [37.694536, 49.764733], [37.7110517, 49.7599407], [37.7140494, 49.7504347], [37.7166182, 49.7501969], [37.732414, 49.750569], [37.735022, 49.747691], [37.75574, 49.744589], [37.763958, 49.749679], [37.8082997, 49.7305031], [37.8220546, 49.7183317], [37.8224649, 49.7025735], [37.835233, 49.694706], [37.800663, 49.693268], [37.802359, 49.686064], [37.7965109, 49.6687916], [37.8013399, 49.6676451], [37.8234954, 49.6590714], [37.827879, 49.65037], [37.8285144, 49.6376753], [37.8413875, 49.6245551], [37.836465, 49.6197634], [37.8343734, 49.6100717], [37.808735, 49.607885], [37.787941, 49.607704], [37.789024, 49.603152], [37.803024, 49.603214], [37.804075, 49.594326], [37.790894, 49.594665], [37.790625, 49.592201], [37.796328, 49.590543], [37.79249, 49.580292], [37.772164, 49.574912], [37.77057, 49.572138], [37.761252, 49.569586], [37.753832, 49.563496], [37.753838, 49.56178], [37.760668, 49.559201], [37.759603, 49.556177], [37.731829, 49.557172], [37.715368, 49.556361], [37.701752, 49.552933], [37.70085, 49.544334], [37.696021, 49.541136], [37.695323, 49.530318], [37.692828, 49.526886], [37.696968, 49.525332], [37.700764, 49.514862], [37.696716, 49.508826], [37.695034, 49.502686], [37.697626, 49.502403], [37.706303, 49.507389], [37.713266, 49.513489], [37.723574, 49.514624], [37.733753, 49.510818], [37.728931, 49.501997], [37.7435195, 49.4910765], [37.7783498, 49.4823508], [37.7717094, 49.4682359], [37.7579254, 49.4579104], [37.7432773, 49.4599297], [37.7125011, 49.4417663], [37.7084009, 49.4307764], [37.6767368, 49.4212577], [37.684216, 49.4121845], [37.7115087, 49.4170643], [37.7645106, 49.3973763], [37.768932, 49.405279], [37.815689, 49.390963], [37.82396, 49.394644], [37.829959, 49.401199], [37.846639, 49.386656], [37.847139, 49.381273], [37.86223, 49.380416], [37.875647, 49.377602], [37.890612, 49.382054], [37.916373, 49.382798], [37.916074, 49.378557], [37.93251, 49.38069], [37.938519, 49.379198], [37.949072, 49.362706], [37.954308, 49.361588], [37.949573, 49.353118], [37.947628, 49.351399], [37.941921, 49.349687], [37.943867, 49.346904], [37.941177, 49.344568], [37.942329, 49.341848], [37.941789, 49.338838], [37.950047, 49.337701], [37.953435, 49.336622], [37.957295, 49.334845], [37.962823, 49.334169], [37.964944, 49.332475], [37.965519, 49.330277], [37.966392, 49.322245], [37.961857, 49.317318], [37.961584, 49.311489], [37.969378, 49.311145], [37.969614, 49.303038], [37.962008, 49.303265], [37.967716, 49.286555], [37.979567, 49.282252], [37.983734, 49.28089], [37.98938, 49.283586], [37.997847, 49.283115], [37.999277, 49.28581], [38.002595, 49.288282], [38.008788, 49.28801], [38.012922, 49.285051], [38.006727, 49.273896], [38.014016, 49.268431], [38.009803, 49.261509], [37.997876, 49.252128], [37.9670076, 49.2438865], [37.9559195, 49.2482486], [37.9500259, 49.2479101], [37.9500332, 49.2466768], [37.953817, 49.2454436], [37.9502621, 49.2441543], [37.9491714, 49.2417166], [37.9564918, 49.2402874], [37.9510069, 49.2363778], [37.935564, 49.239305], [37.919478, 49.245847], [37.915586, 49.242748], [37.91873, 49.226813], [37.898306, 49.224458], [37.895111, 49.226009], [37.887527, 49.226464], [37.876396, 49.226102], [37.878299, 49.221606], [37.884149, 49.220472], [37.883474, 49.213581], [37.88074, 49.208092], [37.892682, 49.200398], [37.8839, 49.192806], [37.842278, 49.1906], [37.839223, 49.186051], [37.814419, 49.185799], [37.805966, 49.180848], [37.794786, 49.183885], [37.79455, 49.185673], [37.783937, 49.188134], [37.780561, 49.185225], [37.776544, 49.182906], [37.759911, 49.185634], [37.755336, 49.181574], [37.749046, 49.178692], [37.7500095, 49.174491], [37.7638464, 49.1668115], [37.764481, 49.163179], [37.74892, 49.14743], [37.745681, 49.142893], [37.747495, 49.137986], [37.7536, 49.136166], [37.7472985, 49.1297186], [37.7240818, 49.1332643], [37.7095327, 49.1268678], [37.7003972, 49.1302842], [37.6886444, 49.1282404], [37.6789513, 49.1176016], [37.6784489, 49.1053093], [37.6964577, 49.1050632], [37.703824, 49.110266], [37.715115, 49.1071085], [37.714108, 49.102253], [37.7103, 49.101567], [37.6955048, 49.0996444], [37.6818175, 49.0970408], [37.6839874, 49.0942648], [37.706926, 49.089239], [37.721735, 49.088379], [37.720738, 49.082395], [37.7130459, 49.0691004], [37.7220394, 49.0648366], [37.747419, 49.0631634], [37.783585, 49.071062], [37.8203985, 49.0698701], [37.8399829, 49.0784861], [37.8608946, 49.0814076], [37.86619, 49.074126], [37.866655, 49.072194], [37.869523, 49.071161], [37.883844, 49.077528], [37.900901, 49.081013], [37.917712, 49.081798], [37.935568, 49.073383], [37.955772, 49.067824], [37.968105, 49.060994], [37.966102, 49.048272], [37.95489, 49.038881], [37.961283, 49.033357], [37.951235, 49.024341], [37.940268, 49.023416], [37.94156, 49.019807], [37.938389, 49.019295], [37.940453, 49.013688], [37.945692, 49.009082], [37.956422, 49.009206], [37.967442, 49.002176], [37.98064, 48.989903], [37.975829, 48.986475], [37.965441, 48.98459], [37.96838, 48.976538], [37.9669839, 48.9697606], [37.9247142, 48.9659619], [37.8829035, 48.9599471], [37.8789452, 48.9514532], [37.8816009, 48.9299537], [37.9192613, 48.9123972], [37.930705, 48.9150088], [37.935628, 48.9273212], [37.933803, 48.9368311], [37.9357549, 48.941323], [37.9502394, 48.9407359], [37.9537381, 48.9459549], [37.9653286, 48.9419142], [37.9661973, 48.9378116], [37.9548639, 48.9296861], [37.9404422, 48.9187692], [37.9370505, 48.9087543], [37.9299934, 48.9005092], [37.9322546, 48.898336], [37.9346874, 48.9009023], [37.9423002, 48.9053574], [37.9470374, 48.9046217], [37.9485128, 48.899711], [37.9618057, 48.8957404], [37.9676182, 48.8892594], [37.9581215, 48.8843254], [37.9600247, 48.883326], [37.9700743, 48.8861844], [37.9698189, 48.8834279], [37.9715793, 48.8799047], [37.9752281, 48.8833804], [37.985961, 48.8874621], [38.0015256, 48.8854813], [38.0069113, 48.8935377], [38.022576, 48.8987009], [38.031208, 48.917192], [38.0384761, 48.9264165], [38.0902933, 48.9400567], [38.132843, 48.924137], [38.142769, 48.933357], [38.195775, 48.928016], [38.23259, 48.940945], [38.233873, 48.95314], [38.258858, 48.969268], [38.241062, 49.005535], [38.262698, 49.024532], [38.299791, 49.024992], [38.691727, 48.729363]]]}}, {"type": "Feature", "properties": {"name": "Occupied", "date": "2026-03-31", "layer_type": "russian_occupied"}, "geometry": {"type": "Polygon", "coordinates": [[[35.887754, 50.437506], [35.890093, 50.436741], [35.894492, 50.435634], [35.897539, 50.43629], [35.904019, 50.435005], [35.903332, 50.433939], [35.912946, 50.431588], [35.924747, 50.431643], [35.92758, 50.430276], [35.935219, 50.428745], [35.941312, 50.431151], [35.94363, 50.433393], [35.939338, 50.433775], [35.937536, 50.433393], [35.937622, 50.431807], [35.935219, 50.430112], [35.9323, 50.430932], [35.932214, 50.431971], [35.92818, 50.433721], [35.927666, 50.434869], [35.923889, 50.435853], [35.920799, 50.437384], [35.919254, 50.435798], [35.911701, 50.434705], [35.909212, 50.435634], [35.907409, 50.437876], [35.904749, 50.438969], [35.903633, 50.438094], [35.901144, 50.438149], [35.9002, 50.439024], [35.895908, 50.438696], [35.894192, 50.437821], [35.89196, 50.438149], [35.889213, 50.438969], [35.887754, 50.437506]]]}}, {"type": "Feature", "properties": {"name": "Occupied", "date": "2026-03-31", "layer_type": "russian_occupied"}, "geometry": {"type": "Polygon", "coordinates": [[[34.930134, 51.205724], [34.924254, 51.205234], [34.911851, 51.206464], [34.904041, 51.203411], [34.905629, 51.201085], [34.89829, 51.193273], [34.883356, 51.195747], [34.876427, 51.191209], [34.870406, 51.193239], [34.862166, 51.198994], [34.845772, 51.191302], [34.846674, 51.189191], [34.833155, 51.18256], [34.834786, 51.178283], [34.834829, 51.169323], [34.815924, 51.169392], [34.8134, 51.171608], [34.808729, 51.172854], [34.808658, 51.176424], [34.800175, 51.17558], [34.790317, 51.180117], [34.789684, 51.182124], [34.784296, 51.184414], [34.780716, 51.180951], [34.779197, 51.177273], [34.772528, 51.17467], [34.762156, 51.17649], [34.753156, 51.180891], [34.737125, 51.179299], [34.7450879, 51.1667922], [34.7519197, 51.1678886], [34.7573821, 51.1509764], [34.7717686, 51.1526934], [34.7881348, 51.1523125], [34.7986608, 51.1424027], [34.8049502, 51.1429358], [34.8148296, 51.1347544], [34.8118991, 51.1292953], [34.8261364, 51.1213054], [34.8285989, 51.122294], [34.8350961, 51.1177885], [34.8442892, 51.1168483], [34.8517645, 51.119302], [34.867746, 51.122594], [34.878312, 51.129412], [34.884882, 51.138744], [34.9020607, 51.12934], [34.9156219, 51.142912], [34.9274656, 51.1404348], [34.9362658, 51.1307955], [34.9545258, 51.1270248], [34.9552015, 51.1220153], [34.9653145, 51.1156433], [34.9728323, 51.108586], [34.9731012, 51.1053617], [34.9796357, 51.1088197], [35.0054075, 51.1094306], [34.9964969, 51.102557], [34.999603, 51.1009643], [35.0193974, 51.1068814], [35.028294, 51.106061], [35.030193, 51.108784], [35.030561, 51.112242], [35.033296, 51.113528], [35.037414, 51.110403], [35.03986, 51.1103768], [35.04148, 51.112248], [35.042838, 51.116499], [35.047672, 51.115792], [35.047623, 51.112815], [35.05505, 51.112478], [35.097239, 51.127832], [35.115952, 51.12453], [35.142092, 51.13361], [35.143906, 51.13667], [35.144003, 51.140592], [35.136644, 51.144128], [35.135315, 51.1484], [35.140812, 51.151182], [35.137498, 51.153758], [35.130579, 51.156549], [35.126524, 51.159224], [35.123213, 51.165356], [35.134408, 51.170895], [35.13078, 51.173706], [35.13024, 51.19395], [35.143973, 51.20234], [35.142943, 51.207073], [35.13642, 51.210084], [35.137106, 51.215891], [35.149123, 51.221052], [35.149981, 51.223417], [35.119738, 51.231485], [35.11761, 51.229647], [35.105143, 51.232776], [35.084905, 51.230338], [35.074708, 51.231963], [35.069043, 51.230243], [35.061318, 51.222933], [35.063335, 51.218498], [35.062949, 51.215891], [35.051875, 51.209385], [35.039259, 51.204061], [35.037886, 51.218041], [35.031706, 51.219762], [35.028359, 51.219493], [35.023467, 51.220514], [35.021664, 51.223363], [35.012824, 51.228685], [35.012308, 51.230566], [35.009133, 51.231829], [35.004584, 51.231802], [34.999949, 51.229222], [34.993769, 51.2289], [34.982268, 51.232017], [34.982783, 51.233952], [34.979521, 51.235886], [34.976152, 51.233775], [34.958137, 51.228686], [34.950014, 51.227427], [34.950159, 51.22497], [34.952708, 51.222729], [34.95231, 51.219106], [34.944909, 51.219115], [34.940082, 51.217942], [34.939356, 51.211779], [34.936375, 51.208321], [34.930134, 51.205724]]]}}, {"type": "Feature", "properties": {"name": "Occupied", "date": "2026-03-31", "layer_type": "russian_occupied"}, "geometry": {"type": "Polygon", "coordinates": [[[38.0106817, 48.8235115], [38.0135279, 48.8170902], [38.0019845, 48.8078795], [37.996762, 48.8022037], [37.9981679, 48.7975413], [38.004405, 48.7941482], [38.0070355, 48.7861171], [38.0040566, 48.7841917], [37.978514, 48.7790239], [37.9633526, 48.7669418], [37.9392927, 48.7640687], [37.921347, 48.7692917], [37.8995604, 48.7713413], [37.8910919, 48.7782862], [37.8812829, 48.7812549], [37.8726938, 48.7826475], [37.8706277, 48.7820605], [37.8713942, 48.77989], [37.8808293, 48.7792463], [37.8946624, 48.7717736], [37.8904079, 48.7613725], [37.8799761, 48.757727], [37.869124, 48.7594006], [37.8635928, 48.7590934], [37.8585387, 48.7565548], [37.8515569, 48.758191], [37.848094, 48.7579597], [37.8444301, 48.7544414], [37.8347017, 48.7520603], [37.8383345, 48.7506438], [37.8487339, 48.7504447], [37.8545345, 48.75142], [37.8589623, 48.7539796], [37.8627242, 48.752251], [37.8510041, 48.7479563], [37.8475246, 48.7453028], [37.8510632, 48.7424338], [37.8614679, 48.7395644], [37.876957, 48.7408441], [37.8876087, 48.7390923], [37.9105973, 48.7405443], [37.9144457, 48.7337838], [37.89984, 48.7316284], [37.8972828, 48.7157262], [37.8906308, 48.7125053], [37.870225, 48.726057], [37.8597804, 48.7267691], [37.8560304, 48.7261789], [37.849982, 48.726549], [37.849683, 48.7251489], [37.8562073, 48.7226161], [37.8652676, 48.7164483], [37.8760415, 48.7092629], [37.8699689, 48.705656], [37.8742658, 48.7017029], [37.8591231, 48.6886523], [37.8539978, 48.6921265], [37.8504163, 48.7014926], [37.8477652, 48.7021318], [37.8483712, 48.6943924], [37.8307128, 48.6982362], [37.8309089, 48.7006003], [37.8288733, 48.7007551], [37.8285789, 48.6970991], [37.8467, 48.6914292], [37.8501785, 48.6878994], [37.8432027, 48.6801654], [37.8355478, 48.6796415], [37.8248891, 48.6811577], [37.8159121, 48.6863573], [37.8115695, 48.6844166], [37.8190211, 48.6782683], [37.8196025, 48.668918], [37.816494, 48.6629965], [37.802958, 48.6528096], [37.8184326, 48.6524882], [37.7846667, 48.633513], [37.7880016, 48.623531], [37.7764591, 48.619809], [37.7631059, 48.6192294], [37.7583948, 48.6156084], [37.761837, 48.6024541], [37.782024, 48.599128], [37.7834153, 48.5973231], [37.7868576, 48.5973856], [37.7862183, 48.5962532], [37.7834333, 48.5956317], [37.7844991, 48.5890699], [37.8000948, 48.5909906], [37.817543, 48.593017], [37.818144, 48.590592], [37.821106, 48.58816], [37.820656, 48.584733], [37.82467, 48.581572], [37.832281, 48.580757], [37.8344, 48.578295], [37.837734, 48.578143], [37.8363967, 48.5754542], [37.8330671, 48.5726621], [37.8342009, 48.5683928], [37.8361572, 48.5663592], [37.8288448, 48.561656], [37.8361527, 48.5524221], [37.8224309, 48.5461133], [37.8045514, 48.539924], [37.8059969, 48.5378525], [37.8240941, 48.5431678], [37.8293616, 48.5373809], [37.8274385, 48.5320276], [37.8228772, 48.5225534], [37.8227498, 48.5213885], [37.8335438, 48.5215448], [37.8340374, 48.5137417], [37.8286427, 48.5084044], [37.7878485, 48.5045855], [37.7837434, 48.496752], [37.7878662, 48.4860439], [37.7984263, 48.4802115], [37.8171003, 48.472528], [37.807098, 48.4637591], [37.7947812, 48.4592004], [37.7901472, 48.4499942], [37.7896011, 48.4406549], [37.7840496, 48.4332219], [37.7787314, 48.4332167], [37.8062326, 48.4035957], [37.7987951, 48.3965929], [37.800613, 48.386654], [37.804819, 48.382094], [37.851891, 48.364657], [37.870527, 48.35431], [37.905496, 48.340438], [37.918552, 48.346527], [37.923617, 48.352797], [37.929296, 48.35949], [37.931785, 48.360573], [37.934841, 48.360987], [37.942023, 48.357463], [37.944796, 48.35967], [37.942264, 48.362251], [37.950083, 48.373433], [37.958486, 48.377104], [37.970152, 48.380317], [37.974959, 48.381115], [37.978623, 48.391275], [38.00477, 48.393954], [38.042123, 48.409086], [38.113706, 48.408013], [38.117477, 48.420805], [38.135244, 48.419039], [38.148548, 48.414482], [38.163094, 48.402117], [38.18906, 48.416533], [38.238521, 48.386717], [38.273689, 48.359192], [38.290706, 48.361631], [38.321754, 48.371053], [38.343578, 48.384437], [38.354228, 48.390346], [38.367914, 48.402171], [38.390964, 48.415874], [38.389247, 48.432278], [38.393024, 48.436606], [38.405377, 48.473366], [38.411566, 48.510568], [38.414303, 48.520605], [38.402637, 48.547867], [38.402637, 48.59194], [38.40607, 48.60193], [38.438793, 48.611028], [38.441253, 48.617271], [38.436275, 48.629243], [38.426326, 48.638696], [38.431476, 48.650492], [38.445202, 48.655048], [38.464428, 48.656408], [38.480228, 48.659111], [38.496708, 48.663192], [38.515247, 48.666367], [38.516148, 48.670562], [38.527284, 48.674642], [38.539451, 48.673509], [38.548978, 48.675294], [38.559446, 48.686695], [38.572231, 48.689056], [38.577732, 48.696742], [38.578419, 48.70943], [38.583218, 48.71987], [38.630135, 48.721172], [38.678412, 48.723701], [38.674549, 48.729363], [38.691727, 48.729363], [38.299791, 49.024992], [38.262698, 49.024532], [38.241062, 49.005535], [38.258858, 48.969268], [38.233873, 48.95314], [38.23259, 48.940945], [38.195775, 48.928016], [38.142769, 48.933357], [38.132843, 48.924137], [38.0902933, 48.9400567], [38.0384761, 48.9264165], [38.031208, 48.917192], [38.022576, 48.8987009], [38.0069113, 48.8935377], [38.0015256, 48.8854813], [38.0043799, 48.8820529], [38.0086323, 48.876083], [37.9952474, 48.8658597], [37.9959655, 48.8630613], [38.015566, 48.8641016], [38.0177976, 48.8507744], [38.0091043, 48.8471939], [38.0086516, 48.8418058], [37.997144, 48.8444694], [37.9913873, 48.8395071], [37.9909459, 48.8341012], [38.0123048, 48.830644], [38.0106817, 48.8235115]]]}}, {"type": "Feature", "properties": {"name": "Occupied", "date": "2026-03-31", "layer_type": "russian_occupied"}, "geometry": {"type": "Polygon", "coordinates": [[[31.518518, 46.312396], [31.523327, 46.3019], [31.54049, 46.282745], [31.562127, 46.266905], [31.590959, 46.251238], [31.637322, 46.234212], [31.673753, 46.227354], [31.70108, 46.221792], [31.860308, 46.195154], [31.904302, 46.188215], [31.966135, 46.180063], [31.986536, 46.178304], [32.022212, 46.174043], [32.07982, 46.165498], [32.08271, 46.166345], [32.082855, 46.16737], [32.077824, 46.166905], [32.067755, 46.168159], [32.059059, 46.170244], [32.053882, 46.17053], [32.05025, 46.1726], [32.046073, 46.172892], [32.040981, 46.172443], [32.040351, 46.173599], [32.032856, 46.175489], [32.007135, 46.176861], [31.974889, 46.180603], [31.914504, 46.188302], [31.849782, 46.19973], [31.768221, 46.212319], [31.711017, 46.222028], [31.697744, 46.223741], [31.677116, 46.229168], [31.664569, 46.230217], [31.655626, 46.232572], [31.651727, 46.235745], [31.655932, 46.239308], [31.663227, 46.241802], [31.674235, 46.245022], [31.67975, 46.244443], [31.680824, 46.248864], [31.671382, 46.249933], [31.64589, 46.244773], [31.62778, 46.245188], [31.609842, 46.246668], [31.592767, 46.25302], [31.576891, 46.260557], [31.56367, 46.268092], [31.552335, 46.278237], [31.541864, 46.2901], [31.535857, 46.305635], [31.532852, 46.319332], [31.536371, 46.33729], [31.53577, 46.347421], [31.536029, 46.356367], [31.534548, 46.361535], [31.535128, 46.367947], [31.532692, 46.369628], [31.527681, 46.369473], [31.521523, 46.366971], [31.516114, 46.360752], [31.511479, 46.349257], [31.513711, 46.330179], [31.514742, 46.321287], [31.518518, 46.312396]]]}}, {"type": "Feature", "properties": {"name": "Occupied", "date": "2026-03-31", "layer_type": "russian_occupied"}, "geometry": {"type": "Polygon", "coordinates": [[[34.4061823, 51.2686798], [34.4009037, 51.2709621], [34.3836947, 51.2737812], [34.3790598, 51.2705593], [34.3909045, 51.2672835], [34.4030066, 51.2648131], [34.4061823, 51.2686798]]]}}, {"type": "Feature", "properties": {"name": "Occupied", "date": "2026-03-31", "layer_type": "russian_occupied"}, "geometry": {"type": "Polygon", "coordinates": [[[36.400835, 50.30717], [36.373927, 50.30029], [36.378047, 50.293766], [36.389385, 50.27628], [36.405358, 50.261131], [36.415918, 50.259725], [36.418364, 50.256871], [36.423299, 50.25399], [36.443985, 50.248337], [36.448247, 50.253593], [36.466356, 50.251404], [36.481032, 50.241639], [36.485493, 50.242206], [36.505396, 50.238677], [36.532801, 50.242425], [36.569199, 50.24454], [36.559931, 50.250796], [36.56865, 50.257768], [36.574008, 50.255268], [36.577894, 50.258635], [36.575109, 50.260672], [36.580365, 50.262584], [36.573943, 50.275045], [36.592604, 50.275718], [36.592663, 50.278079], [36.589552, 50.279346], [36.588033, 50.281698], [36.588574, 50.283269], [36.585614, 50.285885], [36.582933, 50.286282], [36.571219, 50.285748], [36.560789, 50.284236], [36.556128, 50.281366], [36.523917, 50.286424], [36.522815, 50.289145], [36.525136, 50.290731], [36.525286, 50.29206], [36.526091, 50.29249], [36.526607, 50.293474], [36.516363, 50.295165], [36.515658, 50.295914], [36.512759, 50.295767], [36.511151, 50.295369], [36.500702, 50.299248], [36.492712, 50.30452], [36.489689, 50.307838], [36.489951, 50.309924], [36.487653, 50.311665], [36.472289, 50.313161], [36.440317, 50.31098], [36.433698, 50.330681], [36.425543, 50.32827], [36.409299, 50.312446], [36.400835, 50.30717]]]}}, {"type": "Feature", "properties": {"name": "Occupied", "date": "2026-03-31", "layer_type": "russian_occupied"}, "geometry": {"type": "Polygon", "coordinates": [[[36.760703, 50.289948], [36.75466, 50.290517], [36.747943, 50.288235], [36.748032, 50.287217], [36.750267, 50.286309], [36.750696, 50.283002], [36.749837, 50.2809], [36.748778, 50.280207], [36.744987, 50.280684], [36.744887, 50.281818], [36.742326, 50.281619], [36.739936, 50.282955], [36.728862, 50.27733], [36.720128, 50.277444], [36.727123, 50.267794], [36.739773, 50.265659], [36.755456, 50.260293], [36.772227, 50.255269], [36.789252, 50.2458], [36.808508, 50.248072], [36.821833, 50.249554], [36.823421, 50.249979], [36.829558, 50.254164], [36.833142, 50.256469], [36.837605, 50.258828], [36.837776, 50.261353], [36.8443, 50.264233], [36.8559298, 50.2572236], [36.8684253, 50.2600501], [36.8809403, 50.2504327], [36.8887974, 50.2482311], [36.9042273, 50.2492157], [36.9048187, 50.2519582], [36.901123, 50.2528356], [36.8939941, 50.2520663], [36.894431, 50.2581996], [36.8988242, 50.2630026], [36.9053791, 50.2605364], [36.9060119, 50.26235], [36.909048, 50.2621882], [36.9091764, 50.2641749], [36.9080605, 50.2672708], [36.906, 50.2673178], [36.904454, 50.2683996], [36.8967261, 50.2678202], [36.8963769, 50.274672], [36.9151097, 50.2813232], [36.9226951, 50.2794497], [36.9285799, 50.2714992], [36.9336067, 50.2674978], [36.9355754, 50.2679782], [36.94258, 50.265355], [36.942632, 50.2630609], [36.9471687, 50.2629888], [36.9514481, 50.270159], [36.9557768, 50.2745336], [36.9548707, 50.2786885], [36.9498712, 50.2878203], [36.9624032, 50.2911245], [36.9760529, 50.2974386], [36.9738615, 50.2990686], [36.9765848, 50.3011443], [36.9816698, 50.3027815], [36.9888344, 50.301066], [36.9980172, 50.3036544], [37.0060585, 50.3016586], [37.0130603, 50.3047678], [37.0220957, 50.3063194], [37.0342196, 50.3120915], [37.043667, 50.317522], [37.053025, 50.319278], [37.053801, 50.322568], [37.04059, 50.32723], [37.0443708, 50.3313439], [37.0489831, 50.3332094], [37.0467832, 50.3338956], [37.0482581, 50.3345126], [37.0488748, 50.3356774], [37.0381007, 50.3344226], [37.031315, 50.33909], [37.032995, 50.348824], [36.957421, 50.34918], [36.937645, 50.350224], [36.915294, 50.346287], [36.882156, 50.336552], [36.872241, 50.335704], [36.862628, 50.331786], [36.851943, 50.327594], [36.833358, 50.313138], [36.828485, 50.31283], [36.820803, 50.313566], [36.803938, 50.309832], [36.800333, 50.306023], [36.768364, 50.30188], [36.764275, 50.291966], [36.760703, 50.289948]]]}}, {"type": "Feature", "properties": {"name": "Occupied", "date": "2026-03-31", "layer_type": "russian_occupied"}, "geometry": {"type": "Polygon", "coordinates": [[[37.856208, 48.192846], [37.88333, 48.199712], [37.896571, 48.215429], [37.892943, 48.233569], [37.89157, 48.255061], [37.895347, 48.268546], [37.89434, 48.286666], [37.901147, 48.290882], [37.900682, 48.323255], [37.905496, 48.340438], [37.870527, 48.35431], [37.851891, 48.364657], [37.804819, 48.382094], [37.800613, 48.386654], [37.7987951, 48.3965929], [37.8062326, 48.4035957], [37.7787314, 48.4332167], [37.7748827, 48.4343957], [37.7705184, 48.4319016], [37.7646091, 48.4352727], [37.7515794, 48.4411313], [37.752827, 48.4503825], [37.7503591, 48.4535845], [37.7333875, 48.4507489], [37.724556, 48.461101], [37.7071717, 48.4621687], [37.6964838, 48.4556076], [37.6931433, 48.4687922], [37.6958112, 48.472016], [37.6951388, 48.4763011], [37.6877282, 48.4769399], [37.6520251, 48.4551937], [37.6385185, 48.4548211], [37.63848, 48.450629], [37.6120284, 48.443395], [37.6045168, 48.4422839], [37.5870054, 48.4441194], [37.5244232, 48.4452194], [37.5088781, 48.4448318], [37.4913501, 48.4511124], [37.4813328, 48.4567067], [37.4740549, 48.4590094], [37.4614422, 48.4736672], [37.4660369, 48.4792162], [37.4519195, 48.4847651], [37.4461712, 48.4906845], [37.4446321, 48.4847153], [37.4189736, 48.4832948], [37.3956864, 48.4858612], [37.3883342, 48.4913265], [37.3810679, 48.4932078], [37.374344, 48.4885829], [37.3743023, 48.4720126], [37.3600317, 48.4719619], [37.3514275, 48.4639111], [37.3390921, 48.4597018], [37.3253956, 48.4589055], [37.3184403, 48.4647047], [37.3021728, 48.4647581], [37.28728, 48.4603713], [37.2745692, 48.4520455], [37.2586363, 48.4356988], [37.2567247, 48.4217504], [37.254148, 48.421173], [37.2513579, 48.4172671], [37.2520895, 48.4137828], [37.2565519, 48.4133443], [37.2569365, 48.4101263], [37.2704531, 48.407934], [37.2712967, 48.4032994], [37.2685364, 48.397981], [37.2604573, 48.3991195], [37.260153, 48.3848532], [37.2546315, 48.3811956], [37.2548469, 48.3718466], [37.2253808, 48.3634106], [37.2199456, 48.3567533], [37.2140948, 48.350715], [37.2155901, 48.3498063], [37.2165276, 48.3448761], [37.2239664, 48.3410545], [37.2190453, 48.3303866], [37.2206031, 48.3228543], [37.2267953, 48.3226267], [37.2482592, 48.3241705], [37.250067, 48.3212615], [37.248009, 48.316748], [37.2385594, 48.3149328], [37.2404822, 48.3099777], [37.2110561, 48.3052385], [37.2048595, 48.3226613], [37.2026097, 48.3217052], [37.2066947, 48.3034656], [37.2056288, 48.2987016], [37.1989549, 48.2996259], [37.1834185, 48.3058277], [37.1773373, 48.3073041], [37.1703976, 48.3068962], [37.1688866, 48.313139], [37.1761731, 48.3142442], [37.176051, 48.3154109], [37.1642824, 48.3241675], [37.1330539, 48.3251831], [37.1291141, 48.3337843], [37.121608, 48.3350035], [37.1209021, 48.3335876], [37.1269764, 48.3317721], [37.1285808, 48.3266058], [37.0980244, 48.3276244], [37.090551, 48.3322236], [37.0729819, 48.3352876], [37.0702186, 48.3314473], [37.0779957, 48.3250216], [37.0775848, 48.319303], [37.0862081, 48.3125835], [37.1077061, 48.3027233], [37.116195, 48.2955934], [37.1091275, 48.2853884], [37.108874, 48.2812344], [37.0778622, 48.2638212], [37.07261, 48.264997], [37.0598842, 48.2811738], [37.0543796, 48.2806922], [37.05763, 48.263759], [37.0503241, 48.2616321], [37.0511652, 48.2551443], [37.046086, 48.252084], [37.046332, 48.249762], [37.040486, 48.246641], [37.03835, 48.244378], [37.018077, 48.241751], [37.012517, 48.2599323], [37.0104538, 48.2597782], [37.0088197, 48.2610535], [37.0030738, 48.2609053], [36.9954488, 48.263395], [36.9883384, 48.262913], [36.9874519, 48.2591455], [36.9806418, 48.2580633], [36.9816539, 48.2488557], [36.972917, 48.2456616], [36.9709934, 48.2384455], [36.9419454, 48.239804], [36.9420816, 48.2376173], [36.9518286, 48.2361167], [36.9515909, 48.2205983], [36.9272081, 48.2200985], [36.9307287, 48.1962499], [36.93585, 48.18601], [36.915983, 48.166689], [36.907008, 48.164655], [36.906103, 48.143382], [36.90663, 48.139399], [36.904532, 48.134801], [36.912218, 48.129688], [36.915912, 48.113831], [36.903059, 48.113533], [36.90497, 48.103836], [36.914122, 48.102286], [36.912075, 48.100645], [36.9119121, 48.0922911], [36.9015349, 48.0905887], [36.9000255, 48.0821662], [36.8762401, 48.0833377], [36.863429, 48.0819825], [36.842088, 48.0781331], [36.8377426, 48.077782], [36.8379785, 48.0715742], [36.8262628, 48.0699393], [36.8058453, 48.0595327], [36.87622, 48.039136], [36.929174, 48.018008], [37.011852, 48.005883], [37.071043, 48.006485], [37.094593, 48.011965], [37.13538, 48.025524], [37.247009, 48.026722], [37.521854, 47.94582], [37.525158, 47.957202], [37.541201, 47.974587], [37.544791, 47.977423], [37.549941, 47.979664], [37.558546, 47.986451], [37.549621, 47.997364], [37.556143, 48.009855], [37.573394, 48.006899], [37.575455, 48.013961], [37.588566, 48.016021], [37.616482, 48.018095], [37.622662, 48.019444], [37.64781, 48.028944], [37.68785, 48.054754], [37.691199, 48.053406], [37.694294, 48.056545], [37.687749, 48.061894], [37.693049, 48.069307], [37.699702, 48.072204], [37.725794, 48.073324], [37.726651, 48.079582], [37.743087, 48.086825], [37.756436, 48.08667], [37.773053, 48.092032], [37.789283, 48.100177], [37.792021, 48.104528], [37.8002, 48.114966], [37.803832, 48.117289], [37.808937, 48.122079], [37.816804, 48.132292], [37.819855, 48.143897], [37.824622, 48.157818], [37.828593, 48.17515], [37.856208, 48.192846]]]}}, {"type": "Feature", "properties": {"name": "Occupied", "date": "2026-03-31", "layer_type": "russian_occupied"}, "geometry": {"type": "Polygon", "coordinates": [[[35.162895, 51.109577], [35.154484, 51.110223], [35.150535, 51.106397], [35.154655, 51.103002], [35.156458, 51.103756], [35.164354, 51.100738], [35.164097, 51.10505], [35.166672, 51.10575], [35.163753, 51.107367], [35.162895, 51.109577]]]}}, {"type": "Feature", "properties": {"name": "Occupied", "date": "2026-03-31", "layer_type": "russian_occupied"}, "geometry": {"type": "Polygon", "coordinates": [[[37.639132, 50.178726], [37.626257, 50.176417], [37.62763, 50.167402], [37.615614, 50.165312], [37.604885, 50.159264], [37.597847, 50.148155], [37.589951, 50.14656], [37.595272, 50.139574], [37.617846, 50.137814], [37.626944, 50.137374], [37.631064, 50.132422], [37.626257, 50.130442], [37.626257, 50.12593], [37.63072, 50.124609], [37.637329, 50.123399], [37.637673, 50.120317], [37.645483, 50.11674], [37.656813, 50.116574], [37.6621347, 50.1079881], [37.6653963, 50.1009414], [37.6635078, 50.0995096], [37.6712322, 50.0813377], [37.7179624, 50.0511044], [37.7360644, 50.0483197], [37.7437758, 50.0394153], [37.764934, 50.0389538], [37.7756265, 50.0226981], [37.7784475, 50.0057746], [37.8320536, 50.0148025], [37.852961, 50.037493], [37.873603, 50.048707], [37.876589, 50.053326], [37.8630817, 50.0547346], [37.85541, 50.057575], [37.8292947, 50.06656], [37.818403, 50.071844], [37.797614, 50.084242], [37.755685, 50.078479], [37.7440646, 50.0937019], [37.7337023, 50.1028541], [37.7262557, 50.1067205], [37.713289, 50.121528], [37.707625, 50.127691], [37.708826, 50.133963], [37.700758, 50.134183], [37.694407, 50.140345], [37.684794, 50.145955], [37.668829, 50.152665], [37.657328, 50.164323], [37.647028, 50.174548], [37.643423, 50.174328], [37.639132, 50.178726]]]}}, {"type": "Feature", "properties": {"name": "Occupied", "date": "2026-03-31", "layer_type": "russian_occupied"}, "geometry": {"type": "Polygon", "coordinates": [[[36.5317248, 47.8768442], [36.5007749, 47.8812205], [36.4945812, 47.8701654], [36.4928655, 47.848131], [36.4551076, 47.8245888], [36.406937, 47.8300996], [36.3459712, 47.8304978], [36.3225617, 47.8273624], [36.3088025, 47.8206876], [36.3029098, 47.8029842], [36.3058253, 47.7914323], [36.2714438, 47.7862815], [36.2350828, 47.7875784], [36.2105582, 47.778573], [36.2022769, 47.7651024], [36.190595, 47.7631479], [36.1919642, 47.7577277], [36.1950496, 47.7534615], [36.1989626, 47.7287417], [36.2138525, 47.7012499], [36.2269452, 47.6885948], [36.2144774, 47.6836287], [36.2202332, 47.6810022], [36.2226093, 47.6777379], [36.2304622, 47.6732378], [36.2405878, 47.6733101], [36.2457947, 47.6653951], [36.2393974, 47.6658125], [36.2395291, 47.6641812], [36.2202564, 47.6598509], [36.2226483, 47.6570396], [36.2005772, 47.6462179], [36.1967119, 47.6393189], [36.1827927, 47.6331433], [36.1792461, 47.633169], [36.1751214, 47.6107094], [36.1834089, 47.5834614], [36.1275239, 47.5816922], [36.1165901, 47.5823974], [36.1138961, 47.5813654], [36.1256741, 47.5790702], [36.126571, 47.5757535], [36.116706, 47.57794], [36.105724, 47.578503], [36.087362, 47.573854], [36.08291, 47.551831], [36.073734, 47.532932], [36.067136, 47.526256], [36.031684, 47.526124], [36.03001, 47.522289], [36.020784, 47.515904], [35.9987761, 47.5257009], [35.9944477, 47.5256521], [35.9921425, 47.5232359], [35.9896768, 47.5145181], [35.967959, 47.517566], [35.9497032, 47.5235996], [35.9432371, 47.5301327], [35.9367705, 47.5271607], [35.9361973, 47.523303], [35.940888, 47.511993], [35.941642, 47.493887], [35.932591, 47.493496], [35.924055, 47.494728], [35.921493, 47.475232], [35.911615, 47.468917], [35.896111, 47.46596], [35.8421098, 47.4709894], [35.8180819, 47.4695855], [35.799375, 47.473519], [35.790682, 47.480885], [35.782257, 47.485668], [35.745142, 47.486822], [35.746391, 47.489885], [35.731603, 47.490714], [35.71853, 47.494788], [35.711504, 47.505541], [35.699524, 47.506848], [35.687063, 47.509761], [35.670484, 47.502209], [35.654663, 47.500962], [35.634628, 47.500488], [35.632903, 47.502978], [35.640841, 47.507493], [35.636935, 47.510964], [35.623629, 47.505846], [35.621182, 47.507665], [35.616503, 47.506237], [35.616157, 47.504308], [35.613134, 47.504301], [35.592551, 47.519323], [35.590302, 47.528366], [35.571915, 47.538567], [35.5549371, 47.5445062], [35.5372545, 47.5436815], [35.5361804, 47.5462177], [35.509647, 47.544231], [35.50827, 47.546912], [35.504748, 47.546631], [35.504532, 47.544173], [35.494554, 47.544102], [35.493777, 47.545417], [35.488364, 47.547775], [35.486299, 47.547351], [35.48561, 47.544909], [35.47711, 47.543683], [35.460844, 47.540686], [35.449143, 47.542409], [35.431521, 47.537583], [35.419282, 47.535041], [35.402973, 47.537641], [35.397308, 47.540278], [35.397757, 47.546647], [35.4032206, 47.55864], [35.4025112, 47.5671823], [35.3912449, 47.5670367], [35.3909219, 47.5653014], [35.3779304, 47.5656904], [35.3764828, 47.5791657], [35.3750916, 47.5864585], [35.3664563, 47.5863417], [35.3658037, 47.581767], [35.3607385, 47.5792716], [35.3552158, 47.5799691], [35.3534724, 47.58514], [35.3510423, 47.5889502], [35.3482804, 47.5899744], [35.3376158, 47.5890388], [35.3310983, 47.5852198], [35.3327835, 47.580389], [35.329674, 47.5785719], [35.3222993, 47.5799417], [35.3078023, 47.5814554], [35.3041126, 47.5892719], [35.3007662, 47.5907491], [35.2982352, 47.5973342], [35.2886964, 47.5961102], [35.2921234, 47.5910673], [35.2964741, 47.584757], [35.3002727, 47.5810666], [35.307976, 47.57781], [35.3205946, 47.5729298], [35.3246898, 47.5692112], [35.3279538, 47.5639106], [35.331903, 47.547142], [35.337152, 47.530162], [35.334722, 47.525284], [35.326426, 47.516816], [35.313504, 47.512683], [35.299381, 47.510983], [35.280896, 47.503398], [35.273654, 47.493721], [35.280796, 47.472193], [35.264423, 47.473907], [35.202642, 47.445003], [35.148662, 47.445686], [35.102228, 47.451038], [35.062432, 47.448694], [35.046158, 47.437757], [35.02882, 47.418144], [34.968692, 47.389233], [34.935443, 47.391632], [34.883713, 47.406118], [34.863371, 47.420884], [34.874741, 47.437558], [34.874183, 47.449528], [34.859923, 47.451254], [34.825201, 47.464803], [34.792304, 47.467747], [34.749153, 47.492601], [34.708981, 47.490582], [34.689413, 47.494893], [34.680198, 47.510731], [34.642071, 47.544419], [34.628377, 47.54583], [34.618034, 47.544491], [34.599039, 47.53467], [34.586248, 47.521809], [34.544529, 47.532707], [34.533137, 47.530459], [34.500622, 47.499673], [34.435839, 47.496913], [34.405218, 47.500758], [34.386948, 47.513875], [34.374131, 47.507196], [34.338371, 47.467761], [34.334911, 47.447001], [34.296102, 47.428688], [34.269679, 47.439549], [34.199289, 47.412104], [34.145724, 47.424467], [34.118345, 47.420566], [34.064873, 47.424317], [34.046677, 47.417654], [34.042234, 47.410429], [33.982732, 47.230662], [33.96786, 47.211277], [33.944844, 47.197252], [33.929814, 47.177216], [33.903126, 47.159977], [33.849951, 47.137794], [33.840787, 47.098524], [33.802317, 47.059017], [33.697668, 46.995131], [33.69561, 46.95542], [33.688159, 46.920449], [33.678446, 46.900926], [33.656816, 46.904678], [33.633822, 46.899514], [33.634028, 46.866257], [33.63746, 46.847176], [33.620298, 46.829034], [33.563472, 46.818209], [33.470266, 46.820961], [33.402938, 46.773597], [33.38953, 46.782727], [33.377184, 46.776306], [33.373373, 46.776487], [33.37247, 46.776123], [33.371408, 46.777142], [33.37056, 46.776837], [33.371611, 46.775729], [33.357445, 46.767035], [33.358896, 46.764016], [33.340157, 46.757042], [33.313396, 46.751477], [33.286306, 46.749398], [33.254381, 46.752574], [33.239884, 46.76354], [33.19787, 46.767502], [33.153349, 46.762795], [33.141455, 46.759367], [33.140191, 46.756687], [33.137166, 46.755756], [33.132062, 46.755128], [33.104047, 46.747501], [33.090411, 46.743645], [33.081979, 46.73801], [33.073312, 46.7384], [33.06219, 46.732265], [33.054173, 46.731432], [33.048438, 46.737604], [33.044173, 46.738481], [33.043353, 46.737227], [33.04052, 46.729226], [33.024894, 46.724573], [33.01958, 46.717745], [32.991091, 46.714538], [32.979847, 46.710469], [32.954231, 46.711542], [32.942776, 46.713303], [32.933393, 46.717207], [32.928559, 46.718374], [32.923355, 46.718326], [32.905306, 46.711285], [32.891767, 46.698237], [32.891023, 46.693202], [32.885731, 46.68905], [32.879959, 46.686474], [32.875045, 46.686842], [32.87011, 46.682514], [32.845933, 46.663276], [32.833632, 46.65495], [32.817026, 46.645891], [32.803575, 46.64089], [32.79871, 46.632116], [32.784392, 46.628019], [32.767524, 46.635578], [32.751121, 46.630308], [32.719988, 46.631762], [32.684459, 46.621245], [32.678738, 46.614152], [32.689077, 46.606416], [32.691777, 46.601258], [32.666501, 46.582534], [32.582333, 46.555126], [32.553804, 46.541271], [32.537546, 46.538063], [32.531855, 46.536868], [32.520688, 46.540356], [32.514585, 46.54101], [32.50899, 46.540014], [32.505695, 46.537963], [32.500265, 46.533445], [32.489129, 46.527383], [32.464782, 46.50806], [32.457067, 46.503811], [32.448322, 46.502869], [32.437721, 46.503362], [32.432689, 46.494759], [32.431676, 46.489187], [32.428259, 46.485388], [32.417841, 46.485038], [32.417638, 46.479462], [32.401301, 46.471994], [32.34392, 46.462486], [32.302096, 46.467799], [32.256442, 46.477196], [32.236933, 46.480278], [32.208497, 46.478155], [32.164698, 46.489533], [32.126377, 46.498662], [32.078878, 46.499234], [32.046395, 46.488939], [31.999388, 46.488028], [31.910906, 46.511556], [31.90491, 46.517962], [31.898754, 46.518606], [31.881562, 46.518298], [31.864914, 46.517622], [31.807071, 46.529464], [31.756921, 46.547955], [31.697651, 46.545034], [31.662856, 46.536405], [31.631498, 46.540518], [31.581672, 46.537248], [31.554083, 46.545465], [31.530518, 46.557632], [31.513416, 46.580829], [31.511296, 46.57669], [31.52162, 46.561607], [31.54695, 46.538732], [31.614245, 46.501946], [31.65675, 46.468916], [31.6943, 46.440337], [31.724946, 46.414472], [31.74521, 46.386432], [31.773838, 46.371159], [31.776887, 46.37412], [31.737666, 46.426222], [31.720264, 46.433355], [31.706976, 46.445455], [31.697124, 46.447264], [31.696917, 46.457512], [31.704264, 46.466577], [31.716453, 46.478678], [31.742039, 46.485338], [31.770904, 46.484579], [31.797018, 46.478139], [31.892118, 46.456829], [31.952823, 46.437483], [31.974844, 46.439231], [32.002243, 46.453458], [32.029038, 46.437569], [32.035568, 46.416592], [32.009049, 46.364143], [31.969769, 46.348389], [31.868275, 46.334384], [31.823448, 46.337131], [31.772538, 46.327173], [31.745589, 46.30605], [31.747738, 46.298168], [31.758091, 46.294869], [31.768016, 46.296545], [31.774506, 46.293952], [31.771212, 46.288867], [31.775544, 46.28549], [31.77511, 46.282294], [31.782128, 46.276867], [31.783287, 46.272539], [31.777196, 46.268157], [31.779602, 46.264496], [31.784407, 46.265113], [31.784514, 46.268892], [31.791702, 46.273917], [31.809724, 46.272123], [31.814358, 46.269477], [31.813241, 46.264773], [31.818304, 46.26434], [31.834694, 46.266167], [31.833142, 46.269821], [31.835191, 46.272857], [31.847697, 46.267951], [31.850738, 46.268283], [31.86122, 46.272172], [31.870831, 46.265803], [31.874001, 46.265286], [31.883288, 46.273445], [31.895066, 46.280773], [31.904488, 46.297468], [31.936819, 46.292171], [31.943742, 46.285588], [31.955596, 46.265925], [31.969511, 46.257237], [32.028542, 46.245625], [32.051416, 46.249814], [32.077751, 46.238949], [32.087826, 46.22149], [32.12115, 46.204421], [32.165963, 46.196922], [32.187022, 46.175695], [32.20613, 46.172209], [32.208103, 46.186828], [32.221809, 46.187739], [32.239877, 46.178544], [32.227939, 46.168376], [32.238387, 46.149805], [32.226041, 46.131886], [32.389221, 46.094552], [32.546537, 46.065294], [32.574897, 46.063727], [32.637881, 46.053703], [32.739615, 46.033613], [32.912066, 46.010401], [32.968043, 46.012572], [33.036377, 46.008034], [33.070055, 46.014197], [33.049658, 46.027752], [33.017451, 46.025675], [32.972882, 46.030736], [32.941407, 46.046089], [32.936279, 46.039686], [32.926517, 46.031197], [32.908036, 46.026622], [32.878574, 46.025916], [32.795279, 46.03031], [32.719364, 46.039073], [32.620055, 46.0604], [32.55212, 46.068282], [32.541847, 46.068187], [32.539628, 46.073498], [32.544276, 46.080477], [32.596141, 46.095849], [32.646659, 46.107865], [32.67705, 46.099817], [32.703745, 46.106234], [32.732848, 46.109787], [32.758447, 46.119028], [32.828978, 46.111371], [32.863717, 46.115723], [32.913276, 46.106793], [33.029605, 46.113243], [33.031475, 46.149726], [33.062645, 46.155591], [33.101575, 46.131873], [33.14047, 46.127642], [33.181455, 46.147562], [33.195306, 46.170137], [33.222893, 46.157038], [33.208021, 46.127029], [33.256658, 46.138651], [33.284009, 46.12504], [33.308611, 46.114316], [33.302996, 46.093595], [33.278039, 46.094525], [33.288547, 46.074961], [33.318234, 46.076303], [33.318315, 46.099114], [33.349946, 46.093137], [33.366461, 46.07525], [33.407575, 46.040962], [33.437087, 46.040165], [33.460422, 46.046034], [33.491141, 46.03224], [33.51018, 46.028452], [33.493142, 46.052719], [33.496699, 46.070314], [33.515116, 46.08243], [33.561688, 46.074055], [33.513984, 46.107515], [33.545372, 46.12331], [33.580572, 46.157178], [33.60668, 46.146878], [33.6897, 46.204334], [33.714554, 46.196894], [33.740532, 46.185128], [33.82395, 46.187069], [34.038334, 46.116935], [34.122582, 46.108122], [34.160772, 46.08043], [34.227754, 46.060816], [34.382464, 46.034692], [34.436726, 45.968164], [34.478552, 45.946947], [34.556042, 45.988691], [34.651415, 45.973908], [34.700883, 45.959179], [34.752716, 45.910231], [34.782879, 45.904975], [34.796134, 45.892053], [34.800881, 45.804735], [34.958219, 45.760037], [34.977053, 45.765285], [34.895963, 45.89884], [34.852473, 46.009247], [34.83464, 46.115559], [34.833782, 46.200162], [34.903003, 46.236419], [35.024814, 46.256333], [35.079862, 46.276666], [35.11777, 46.314272], [35.138002, 46.348282], [35.178357, 46.362948], [35.193173, 46.370951], [35.218273, 46.430405], [35.211759, 46.447041], [35.246448, 46.446405], [35.268036, 46.432201], [35.254946, 46.404982], [35.266102, 46.355554], [35.289804, 46.356581], [35.307895, 46.348318], [35.31792, 46.337862], [35.331193, 46.331158], [35.317442, 46.317067], [35.300092, 46.314492], [35.294302, 46.306424], [35.298987, 46.299007], [35.253203, 46.248701], [35.209023, 46.190401], [35.136833, 46.162033], [35.029347, 46.145017], [35.030825, 46.127364], [34.991294, 46.104591], [34.978187, 46.076659], [35.066419, 46.099387], [35.133606, 46.119545], [35.18863, 46.151465], [35.265869, 46.250892], [35.360236, 46.354693], [35.457829, 46.441261], [35.565718, 46.47543], [35.624266, 46.504336], [35.723987, 46.586842], [35.873938, 46.645662], [35.993615, 46.666059], [36.11469, 46.656638], [36.189885, 46.66706], [36.229044, 46.650535], [36.259896, 46.61865], [36.19085, 46.534705], [36.166514, 46.527707], [36.155067, 46.527954], [36.143142, 46.503306], [36.171704, 46.498177], [36.2328, 46.555902], [36.332203, 46.677034], [36.414958, 46.726012], [36.536636, 46.758576], [36.711062, 46.781413], [36.7761, 46.754256], [36.810878, 46.730372], [36.818292, 46.70213], [36.787614, 46.66415], [36.749226, 46.643047], [36.750355, 46.631181], [36.769768, 46.63222], [36.804988, 46.659181], [36.838054, 46.70579], [36.86852, 46.76572], [36.897491, 46.810934], [37.006126, 46.869295], [37.036174, 46.870651], [37.23816, 46.951031], [37.282845, 46.937346], [37.316173, 46.914271], [37.324006, 46.891819], [37.297854, 46.872763], [37.284176, 46.872546], [37.285569, 46.866901], [37.308923, 46.870123], [37.341892, 46.895048], [37.478068, 47.03143], [37.528548, 47.077529], [37.574156, 47.085359], [37.620463, 47.086602], [37.627378, 47.09413], [37.675812, 47.077916], [37.684033, 47.076706], [37.685886, 47.080525], [37.71388, 47.079862], [37.774395, 47.087579], [37.794085, 47.083807], [37.821989, 47.09092], [37.83831, 47.099704], [37.829283, 47.112742], [37.818054, 47.119099], [37.800544, 47.173272], [37.811187, 47.201271], [37.833503, 47.249301], [37.833846, 47.285412], [37.827666, 47.302643], [37.834876, 47.30823], [37.831786, 47.314981], [37.824577, 47.321498], [37.827323, 47.328479], [37.829283, 47.342507], [37.844489, 47.341974], [37.856849, 47.343603], [37.861212, 47.347858], [37.859152, 47.354371], [37.848609, 47.350116], [37.837623, 47.352442], [37.841743, 47.358489], [37.851599, 47.365534], [37.841643, 47.369022], [37.83831, 47.378022], [37.850326, 47.384298], [37.856849, 47.392898], [37.855819, 47.403124], [37.863715, 47.426588], [37.878478, 47.441684], [37.892555, 47.469773], [37.819427, 47.546303], [37.815994, 47.585221], [37.84586, 47.623762], [37.852385, 47.641694], [37.831275, 47.656729], [37.803977, 47.660196], [37.775529, 47.675427], [37.764495, 47.684702], [37.67268, 47.724717], [37.637589, 47.751994], [37.623169, 47.77311], [37.634549, 47.802538], [37.634262, 47.838423], [37.644034, 47.886626], [37.575907, 47.907733], [37.5686, 47.907768], [37.53503, 47.918015], [37.542839, 47.932477], [37.521854, 47.94582], [37.247009, 48.026722], [37.13538, 48.025524], [37.094593, 48.011965], [37.071043, 48.006485], [37.011852, 48.005883], [36.929174, 48.018008], [36.87622, 48.039136], [36.8058453, 48.0595327], [36.7690225, 48.0753965], [36.7457506, 48.0790139], [36.744291, 48.0771528], [36.7274545, 48.0782207], [36.7268073, 48.080638], [36.7281772, 48.0829979], [36.7273332, 48.0833607], [36.7259314, 48.0832074], [36.7233637, 48.0803636], [36.7224485, 48.0809868], [36.719511, 48.08454], [36.715523, 48.084652], [36.712697, 48.080289], [36.707387, 48.080506], [36.706381, 48.082317], [36.6976724, 48.082555], [36.6987891, 48.0759156], [36.6782759, 48.0789096], [36.67107, 48.0736472], [36.6623209, 48.0755193], [36.6552809, 48.0743459], [36.6544, 48.070613], [36.652959, 48.067573], [36.648016, 48.066482], [36.652036, 48.058276], [36.6620872, 48.0165827], [36.6497991, 48.0138869], [36.6379907, 47.9989866], [36.6410275, 47.9851191], [36.630416, 47.981248], [36.630823, 47.979997], [36.63507, 47.980337], [36.638286, 47.971599], [36.643816, 47.970748], [36.646786, 47.964472], [36.6471236, 47.9604942], [36.62885, 47.957946], [36.630145, 47.950712], [36.614981, 47.951683], [36.56849, 47.959585], [36.5514635, 47.9615484], [36.5488543, 47.9708675], [36.5466398, 47.9707705], [36.5422988, 47.962875], [36.5339135, 47.957856], [36.5293991, 47.9523144], [36.5325705, 47.9490405], [36.5377609, 47.9478345], [36.5429518, 47.9533544], [36.550708, 47.954003], [36.5919356, 47.9500012], [36.5914945, 47.9440551], [36.5890046, 47.9421162], [36.579519, 47.941816], [36.573339, 47.946476], [36.561321, 47.947226], [36.550333, 47.940962], [36.544887, 47.937224], [36.5347286, 47.9375256], [36.5350569, 47.9343413], [36.542938, 47.932307], [36.544421, 47.927275], [36.552414, 47.927276], [36.5528843, 47.9235263], [36.5493359, 47.9198802], [36.5348828, 47.9186295], [36.5285434, 47.9048885], [36.5434383, 47.8846514], [36.5317248, 47.8768442]]]}}, {"type": "Feature", "properties": {"name": "Occupied", "date": "2026-03-31", "layer_type": "russian_occupied"}, "geometry": {"type": "Polygon", "coordinates": [[[37.6054749, 49.7195182], [37.6035596, 49.7183552], [37.6038036, 49.7176072], [37.6067941, 49.7176361], [37.6082688, 49.7178327], [37.6101649, 49.7155169], [37.6118209, 49.7159128], [37.6129064, 49.7172207], [37.6120117, 49.7193729], [37.610349, 49.7214886], [37.6088449, 49.7202304], [37.6054749, 49.7195182]]]}}, {"type": "Feature", "properties": {"name": "Occupied", "date": "2026-03-31", "layer_type": "russian_occupied"}, "geometry": {"type": "Polygon", "coordinates": [[[35.4730548, 50.7252895], [35.4637955, 50.7349646], [35.471954, 50.7371979], [35.473853, 50.7406877], [35.4700818, 50.7442793], [35.4700869, 50.7470017], [35.4767483, 50.7521983], [35.473741, 50.7551664], [35.4891429, 50.7766075], [35.4739399, 50.7851814], [35.4623381, 50.783119], [35.4507369, 50.782792], [35.4347603, 50.7924683], [35.4332372, 50.7945317], [35.4161128, 50.7984414], [35.4115648, 50.8024082], [35.4101511, 50.8058122], [35.413787, 50.8167469], [35.4201812, 50.8295974], [35.4209515, 50.8418391], [35.3988303, 50.8358585], [35.3953329, 50.8172889], [35.3786917, 50.8075476], [35.3822974, 50.7996292], [35.394227, 50.79187], [35.426671, 50.7860642], [35.4321975, 50.771503], [35.4569724, 50.7573947], [35.4545258, 50.7378979], [35.4520367, 50.7317051], [35.4319522, 50.719154], [35.4236266, 50.7077953], [35.429034, 50.6955638], [35.4449985, 50.6887129], [35.4518649, 50.6789785], [35.4352698, 50.6739888], [35.4348968, 50.6688901], [35.4094913, 50.6554793], [35.4292475, 50.6557391], [35.4627362, 50.6663084], [35.4856807, 50.6558358], [35.4892589, 50.6586512], [35.4869284, 50.6706136], [35.4964908, 50.6786614], [35.4860068, 50.6804564], [35.4755222, 50.6813802], [35.4725777, 50.6801819], [35.4642241, 50.6844819], [35.4593024, 50.6894341], [35.4637851, 50.6938738], [35.4605235, 50.6967553], [35.4621543, 50.7028441], [35.4596652, 50.7045292], [35.4626693, 50.7081167], [35.4665317, 50.7084972], [35.4675616, 50.7164865], [35.4730548, 50.7252895]]]}}, {"type": "Feature", "properties": {"name": "Occupied", "date": "2026-03-31", "layer_type": "russian_occupied"}, "geometry": {"type": "Polygon", "coordinates": [[[35.3510305, 51.0061708], [35.3580257, 51.0053606], [35.3657503, 51.007359], [35.36854, 51.0085741], [35.3749772, 51.0087901], [35.3758784, 51.0103291], [35.3754922, 51.0120302], [35.3672525, 51.0113822], [35.350258, 51.0110582], [35.3484127, 51.0091815], [35.3510305, 51.0061708]]]}}, {"type": "Feature", "properties": {"name": "Occupied", "date": "2026-03-31", "layer_type": "russian_occupied"}, "geometry": {"type": "Polygon", "coordinates": [[[37.432518, 50.443688], [37.4404727, 50.4335986], [37.4624306, 50.4189023], [37.4654945, 50.4308721], [37.4841668, 50.4313827], [37.484493, 50.445003], [37.490915, 50.457394], [37.476859, 50.459505], [37.473266, 50.455697], [37.469072, 50.453555], [37.4424897, 50.4470187], [37.432518, 50.443688]]]}}, {"type": "Feature", "properties": {"name": "Occupied", "date": "2026-03-31", "layer_type": "russian_occupied"}, "geometry": {"type": "Polygon", "coordinates": [[[34.2970749, 51.7169533], [34.2991777, 51.7121007], [34.3009707, 51.7120983], [34.3037172, 51.7166186], [34.3090484, 51.7201572], [34.3051, 51.7214599], [34.303212, 51.7238259], [34.2997142, 51.7236863], [34.2970749, 51.7169533]]]}}, {"type": "Feature", "properties": {"name": "Occupied", "date": "2026-03-31", "layer_type": "russian_occupied"}, "geometry": {"type": "Polygon", "coordinates": [[[34.3559759, 51.8608179], [34.3535726, 51.8556759], [34.3481653, 51.8516468], [34.3459337, 51.8424208], [34.3597107, 51.8420109], [34.3719414, 51.8373571], [34.3792361, 51.8398223], [34.3792361, 51.8440647], [34.3741519, 51.8450012], [34.369517, 51.8450012], [34.3671138, 51.8487129], [34.3676287, 51.8521061], [34.3628222, 51.855181], [34.3638522, 51.8580436], [34.3559759, 51.8608179]]]}}, {"type": "Feature", "properties": {"name": "Liberated 25.03", "date": "2026-03-31", "layer_type": "liberated"}, "geometry": {"type": "Polygon", "coordinates": [[[34.942155, 50.490566], [34.926154, 50.489762], [34.918396, 50.473666], [34.938031, 50.468261], [34.942413, 50.454604], [34.966429, 50.452582], [34.970557, 50.457859], [34.987412, 50.455088], [34.992964, 50.460483], [34.984814, 50.471273], [34.992919, 50.480133], [34.980999, 50.494999], [34.975854, 50.498777], [34.971893, 50.501611], [34.965765, 50.498264], [34.946551, 50.488991], [34.942155, 50.490566]]]}}, {"type": "Feature", "properties": {"name": "Liberated", "date": "2026-03-31", "layer_type": "liberated"}, "geometry": {"type": "Polygon", "coordinates": [[[32.145013, 46.939465], [32.166726, 46.944245], [32.157444, 46.996877], [32.188694, 47.035458], [32.228456, 47.029637], [32.366269, 47.044463], [32.3661, 47.056441], [32.197495, 47.045812], [32.194321, 47.060306], [32.165478, 47.048876], [32.167923, 47.041657], [32.140203, 47.023822], [32.114839, 47.042453], [32.03794, 47.049695], [32.149692, 47.20993], [32.116441, 47.351815], [32.121476, 47.360014], [32.221287, 47.373768], [32.243054, 47.315028], [32.237441, 47.2824], [32.253794, 47.241387], [32.273914, 47.254586], [32.27208, 47.345122], [32.294535, 47.366938], [32.298212, 47.39445], [32.261787, 47.399996], [32.207108, 47.395446], [32.188722, 47.389092], [32.116101, 47.382719], [32.118663, 47.392031], [32.119521, 47.400407], [32.088768, 47.466635], [32.080601, 47.497048], [32.084293, 47.50747], [32.100216, 47.51013], [32.105154, 47.515804], [32.103622, 47.528067], [32.097142, 47.536457], [32.099052, 47.549692], [32.103098, 47.565114], [32.104059, 47.579376], [32.104203, 47.619331], [32.024095, 47.613827], [31.925858, 47.605115], [31.919896, 47.632598], [31.874671, 47.628645], [31.872544, 47.64662], [31.865094, 47.649563], [31.842617, 47.645917], [31.830939, 47.64068], [31.82948, 47.632625], [31.821714, 47.621888], [31.821103, 47.60983], [31.815171, 47.610038], [31.807427, 47.617629], [31.774178, 47.675822], [31.758883, 47.674128], [31.621592, 47.652366], [31.560313, 47.638965], [31.51659, 47.624514], [31.476323, 47.610277], [31.426488, 47.591913], [31.372569, 47.573758], [31.342391, 47.559711], [31.33769, 47.557783], [31.340284, 47.552843], [31.342685, 47.552108], [31.343757, 47.550322], [31.35395, 47.554481], [31.388328, 47.567099], [31.522805, 47.610284], [31.569267, 47.628113], [31.625376, 47.644993], [31.765131, 47.663479], [31.776563, 47.647887], [31.787098, 47.626892], [31.805861, 47.604738], [31.819868, 47.603258], [31.825803, 47.602477], [31.827437, 47.608875], [31.845179, 47.639687], [31.860528, 47.641576], [31.866501, 47.622445], [31.909252, 47.626381], [31.919372, 47.598971], [32.079379, 47.609992], [32.087818, 47.590688], [32.073587, 47.564426], [32.075736, 47.549464], [32.073081, 47.529407], [32.066572, 47.520542], [32.063843, 47.500316], [32.071191, 47.465782], [32.082672, 47.44212], [32.039919, 47.443064], [32.0405, 47.427131], [32.080361, 47.430007], [32.09256, 47.412862], [32.033014, 47.399664], [32.032844, 47.37791], [32.094155, 47.360016], [32.136122, 47.212932], [32.01088, 47.050926], [32.01854, 47.033169], [32.045836, 47.03751], [32.109007, 47.026278], [32.145013, 46.939465]]]}}, {"type": "Feature", "properties": {"name": "Liberated 16.03-17.03", "date": "2026-03-31", "layer_type": "liberated"}, "geometry": {"type": "Polygon", "coordinates": [[[32.01088, 47.050926], [31.972127, 47.048698], [31.908151, 47.157574], [31.880425, 47.215058], [31.865455, 47.220363], [31.849902, 47.226776], [31.821184, 47.249171], [31.811307, 47.267834], [31.827383, 47.290026], [31.814757, 47.321743], [31.802271, 47.330862], [31.791377, 47.334233], [31.771497, 47.34129], [31.76067, 47.345073], [31.76337, 47.34727], [31.764525, 47.350629], [31.762888, 47.35223], [31.756508, 47.353632], [31.755004, 47.357514], [31.756075, 47.359536], [31.758562, 47.361138], [31.758041, 47.364575], [31.755797, 47.36517], [31.752092, 47.365474], [31.749296, 47.360219], [31.749443, 47.354684], [31.74823, 47.351044], [31.726159, 47.357579], [31.69506, 47.355225], [31.664545, 47.360332], [31.642608, 47.366364], [31.61576, 47.389557], [31.582565, 47.419186], [31.566891, 47.427939], [31.538153, 47.463163], [31.516038, 47.471603], [31.502158, 47.473077], [31.477963, 47.47385], [31.455901, 47.489546], [31.441768, 47.504583], [31.425769, 47.522536], [31.413988, 47.533597], [31.410243, 47.540055], [31.398237, 47.543781], [31.387856, 47.543152], [31.381595, 47.544434], [31.370787, 47.545728], [31.360438, 47.549656], [31.35395, 47.554481], [31.343757, 47.550322], [31.342849, 47.546982], [31.352563, 47.54374], [31.365916, 47.54104], [31.374998, 47.537264], [31.377609, 47.537247], [31.38209, 47.536069], [31.38537, 47.534718], [31.389242, 47.532286], [31.401698, 47.531593], [31.405969, 47.53006], [31.410582, 47.52644], [31.414906, 47.520537], [31.417683, 47.512838], [31.417229, 47.5088], [31.436337, 47.482673], [31.471083, 47.461956], [31.505806, 47.459332], [31.524046, 47.454379], [31.533883, 47.439366], [31.546114, 47.42435], [31.584969, 47.400813], [31.606288, 47.377267], [31.632394, 47.356506], [31.692452, 47.347893], [31.702808, 47.3424], [31.693567, 47.332995], [31.686387, 47.332197], [31.686764, 47.330126], [31.689442, 47.325659], [31.693527, 47.323658], [31.702135, 47.321901], [31.705335, 47.318572], [31.712535, 47.320979], [31.719827, 47.320902], [31.722272, 47.325808], [31.738773, 47.32768], [31.751587, 47.341012], [31.752687, 47.340885], [31.796009, 47.325807], [31.808015, 47.31821], [31.817747, 47.290031], [31.80216, 47.267035], [31.809426, 47.247291], [31.819572, 47.232996], [31.83648, 47.218507], [31.836852, 47.196686], [31.875651, 47.152465], [31.818315, 47.115095], [31.848528, 47.079569], [31.915134, 47.086816], [31.913972, 47.077755], [31.905945, 47.068694], [31.874799, 47.05197], [31.871967, 47.045193], [31.895975, 47.045021], [31.917928, 47.056074], [31.946034, 47.043084], [31.97762, 47.0253], [32.01854, 47.033169], [32.01088, 47.050926]]]}}, {"type": "Feature", "properties": {"name": "Liberated", "date": "2026-03-31", "layer_type": "liberated"}, "geometry": {"type": "Polygon", "coordinates": [[[32.243533, 46.78606], [32.244907, 46.770425], [32.304247, 46.777343], [32.363956, 46.83223], [32.37102, 46.844776], [32.361407, 46.856516], [32.356744, 46.866851], [32.35573, 46.876594], [32.382766, 46.876949], [32.404311, 46.883165], [32.399332, 46.896304], [32.397005, 46.929504], [32.42264, 46.959012], [32.387939, 46.96351], [32.379035, 46.987997], [32.37488, 46.995417], [32.166726, 46.944245], [32.145013, 46.939465], [32.11732, 46.933224], [32.11629, 46.935451], [32.104274, 46.947171], [32.09552, 46.94928], [32.086078, 46.949163], [32.07801, 46.946351], [32.06874, 46.940374], [32.061874, 46.933927], [32.058269, 46.928769], [32.067195, 46.920211], [32.082263, 46.911155], [32.092047, 46.880187], [32.055827, 46.865401], [32.070247, 46.860942], [32.086039, 46.862584], [32.112486, 46.830765], [32.147143, 46.811622], [32.153909, 46.80802], [32.186447, 46.796953], [32.243533, 46.78606]]]}}, {"type": "Feature", "properties": {"name": "Liberated", "date": "2026-03-31", "layer_type": "liberated"}, "geometry": {"type": "Polygon", "coordinates": [[[35.559492, 47.552853], [35.582977, 47.551259], [35.596226, 47.540875], [35.608242, 47.527894], [35.610172, 47.512113], [35.632248, 47.516686], [35.650152, 47.512245], [35.674118, 47.519805], [35.63773, 47.530937], [35.623995, 47.529429], [35.611633, 47.533714], [35.609795, 47.53917], [35.61248, 47.544158], [35.612764, 47.555055], [35.584357, 47.562702], [35.559809, 47.55529], [35.559492, 47.552853]]]}}, {"type": "Feature", "properties": {"name": "Liberated 25.03", "date": "2026-03-31", "layer_type": "liberated"}, "geometry": {"type": "Polygon", "coordinates": [[[34.922718, 50.350303], [34.908593, 50.33738], [34.905832, 50.333297], [34.90192, 50.33131], [34.897279, 50.327817], [34.894164, 50.321404], [34.893729, 50.309548], [34.88862, 50.309595], [34.884219, 50.307655], [34.877524, 50.309489], [34.877232, 50.309127], [34.884326, 50.306869], [34.889035, 50.30903], [34.89442, 50.309074], [34.895804, 50.321117], [34.898424, 50.327185], [34.90214, 50.330184], [34.907058, 50.332964], [34.910414, 50.336578], [34.92407, 50.342818], [34.941415, 50.343355], [34.949471, 50.351773], [34.928605, 50.351664], [34.922718, 50.350303]]]}}, {"type": "Feature", "properties": {"name": "Liberated 23.03", "date": "2026-03-31", "layer_type": "liberated"}, "geometry": {"type": "Polygon", "coordinates": [[[32.366269, 47.044463], [32.370362, 47.020543], [32.376027, 47.002518], [32.37488, 46.995417], [32.379035, 46.987997], [32.387939, 46.96351], [32.42264, 46.959012], [32.476656, 46.985068], [32.487384, 46.998417], [32.50721, 47.006063], [32.515198, 47.020965], [32.51994, 47.044387], [32.466737, 47.033028], [32.458568, 47.03806], [32.454145, 47.050112], [32.451113, 47.067364], [32.46127, 47.074822], [32.460273, 47.083916], [32.463426, 47.091496], [32.463834, 47.10001], [32.444864, 47.105058], [32.437092, 47.152896], [32.460398, 47.157292], [32.4634, 47.170318], [32.466191, 47.174322], [32.462629, 47.17856], [32.450162, 47.180444], [32.444186, 47.179168], [32.439139, 47.176896], [32.434556, 47.17506], [32.429287, 47.172289], [32.422711, 47.170515], [32.415991, 47.169393], [32.400786, 47.171283], [32.406094, 47.210731], [32.38341, 47.212074], [32.36289, 47.203128], [32.362628, 47.189749], [32.360768, 47.189285], [32.359324, 47.188003], [32.357229, 47.186487], [32.348354, 47.17377], [32.350734, 47.163214], [32.352426, 47.152074], [32.359743, 47.104032], [32.36607, 47.067269], [32.3661, 47.056441], [32.366269, 47.044463]]]}}, {"type": "Feature", "properties": {"name": "Liberated 27-31.03", "date": "2026-03-31", "layer_type": "liberated"}, "geometry": {"type": "Polygon", "coordinates": [[[31.334191, 50.504248], [31.339066, 50.509133], [31.354552, 50.515286], [31.370881, 50.519561], [31.384411, 50.531518], [31.389737, 50.526745], [31.399096, 50.524891], [31.402202, 50.524048], [31.405652, 50.522715], [31.407488, 50.520839], [31.408057, 50.51985], [31.409501, 50.518728], [31.412154, 50.517867], [31.41378, 50.517736], [31.414678, 50.51897], [31.415465, 50.519591], [31.416203, 50.520583], [31.417129, 50.52138], [31.423634, 50.519557], [31.428792, 50.517643], [31.431027, 50.516332], [31.431116, 50.515293], [31.430866, 50.512588], [31.432199, 50.510034], [31.439712, 50.507044], [31.444309, 50.50679], [31.448324, 50.506881], [31.462722, 50.499516], [31.470871, 50.497565], [31.476789, 50.506533], [31.45326, 50.512349], [31.449152, 50.516106], [31.446107, 50.516914], [31.442352, 50.517263], [31.439273, 50.517001], [31.437304, 50.516869], [31.435664, 50.516607], [31.426469, 50.520384], [31.424732, 50.521824], [31.424624, 50.523264], [31.424656, 50.52502], [31.422955, 50.526062], [31.420302, 50.526311], [31.417173, 50.525452], [31.414321, 50.52546], [31.41238, 50.525572], [31.411237, 50.524974], [31.411525, 50.524047], [31.411368, 50.523392], [31.410088, 50.523338], [31.408761, 50.523311], [31.400845, 50.526025], [31.392209, 50.527901], [31.386619, 50.53245], [31.447973, 50.548005], [31.469163, 50.55388], [31.482459, 50.55659], [31.486017, 50.55429], [31.494335, 50.550944], [31.501006, 50.550312], [31.514823, 50.552806], [31.528179, 50.553231], [31.534889, 50.554444], [31.540417, 50.555341], [31.549819, 50.56339], [31.563152, 50.574573], [31.630594, 50.579726], [31.663029, 50.585729], [31.656163, 50.591832], [31.65479, 50.59837], [31.623842, 50.59249], [31.57814, 50.592687], [31.523963, 50.587597], [31.452619, 50.735032], [31.530425, 50.738399], [31.663379, 50.607387], [31.67396, 50.610871], [31.693242, 50.618851], [31.567076, 50.774225], [31.430661, 50.768335], [31.403564, 50.82429], [31.349546, 50.870584], [31.287201, 50.877849], [31.249183, 50.868272], [31.242443, 50.852991], [31.327693, 50.843766], [31.353943, 50.801893], [31.352169, 50.757923], [31.144481, 50.716284], [31.189002, 50.67338], [31.227286, 50.681805], [31.391023, 50.726432], [31.451538, 50.6532], [31.492015, 50.586603], [31.487676, 50.582652], [31.486895, 50.577802], [31.485676, 50.574316], [31.48324, 50.575959], [31.468769, 50.586872], [31.454857, 50.595526], [31.434943, 50.59796], [31.407292, 50.599738], [31.398148, 50.599557], [31.390721, 50.607439], [31.38977, 50.611], [31.391751, 50.624898], [31.343284, 50.637354], [31.33738, 50.642401], [31.328997, 50.649444], [31.318404, 50.655255], [31.306138, 50.659473], [31.29602, 50.659635], [31.289388, 50.645601], [31.263074, 50.623545], [31.273865, 50.613222], [31.266857, 50.606562], [31.26489, 50.59569], [31.276437, 50.595374], [31.280433, 50.602904], [31.287657, 50.609161], [31.302473, 50.62487], [31.329915, 50.630066], [31.354517, 50.625511], [31.375681, 50.618338], [31.368216, 50.603572], [31.367681, 50.597593], [31.368176, 50.592812], [31.370195, 50.588917], [31.378826, 50.586557], [31.386318, 50.588699], [31.394013, 50.590206], [31.399921, 50.592375], [31.41163, 50.593241], [31.426754, 50.593564], [31.440675, 50.589855], [31.479144, 50.567964], [31.474003, 50.567004], [31.335569, 50.519595], [31.323858, 50.514185], [31.321098, 50.526706], [31.28933, 50.535074], [31.282957, 50.511213], [31.262654, 50.512491], [31.253162, 50.516331], [31.247643, 50.516231], [31.241095, 50.514603], [31.236881, 50.506776], [31.229368, 50.499696], [31.214648, 50.499821], [31.207494, 50.489162], [31.213668, 50.484301], [31.236294, 50.483591], [31.262181, 50.484404], [31.276052, 50.489526], [31.301253, 50.493112], [31.33084, 50.496796], [31.353442, 50.499019], [31.362869, 50.495289], [31.370407, 50.491887], [31.37072, 50.489231], [31.366883, 50.487414], [31.36127, 50.484874], [31.356223, 50.483289], [31.35231, 50.480337], [31.3462, 50.476618], [31.341536, 50.472676], [31.338046, 50.469382], [31.338618, 50.466071], [31.342018, 50.462243], [31.347323, 50.461694], [31.352199, 50.46273], [31.357844, 50.464663], [31.360743, 50.465831], [31.365101, 50.46607], [31.366937, 50.463949], [31.369485, 50.461195], [31.373064, 50.461008], [31.374169, 50.46268], [31.375151, 50.465401], [31.375532, 50.467685], [31.374906, 50.469845], [31.373906, 50.471526], [31.372033, 50.473678], [31.370581, 50.4753], [31.368998, 50.478023], [31.370566, 50.481214], [31.377187, 50.485758], [31.381933, 50.483263], [31.389252, 50.480657], [31.402163, 50.477972], [31.406388, 50.487633], [31.40306, 50.499423], [31.380541, 50.498436], [31.365904, 50.505457], [31.353223, 50.505016], [31.334191, 50.504248]]]}}, {"type": "Feature", "properties": {"name": "Liberated 26.03", "date": "2026-03-31", "layer_type": "liberated"}, "geometry": {"type": "Polygon", "coordinates": [[[34.975854, 50.498777], [34.977914, 50.515972], [34.971391, 50.529287], [34.966241, 50.53998], [34.978944, 50.560486], [34.977228, 50.58011], [34.973794, 50.599291], [34.993101, 50.598887], [35.010257, 50.600403], [35.0106, 50.611298], [34.998412, 50.616417], [34.992833, 50.623606], [34.991975, 50.628615], [34.990602, 50.637271], [34.988456, 50.641136], [34.981418, 50.643313], [34.964595, 50.640483], [34.954982, 50.632861], [34.945195, 50.620828], [34.930263, 50.614674], [34.935928, 50.603127], [34.960475, 50.599096], [34.961162, 50.568141], [34.951892, 50.548947], [34.948459, 50.538038], [34.955325, 50.524508], [34.961848, 50.510318], [34.965765, 50.498264], [34.971893, 50.501611], [34.975854, 50.498777]]]}}, {"type": "Feature", "properties": {"name": "Liberated 27-29.03", "date": "2026-03-31", "layer_type": "liberated"}, "geometry": {"type": "Polygon", "coordinates": [[[36.805489, 49.362899], [36.796023, 49.364862], [36.783468, 49.359892], [36.805079, 49.348841], [36.802076, 49.316627], [36.802291, 49.275938], [36.810894, 49.269411], [36.829311, 49.255092], [36.84456, 49.245908], [36.851222, 49.243224], [36.861665, 49.241565], [36.872279, 49.239401], [36.879898, 49.2376], [36.881595, 49.23591], [36.885332, 49.231522], [36.885807, 49.230357], [36.886282, 49.226277], [36.893328, 49.216628], [36.898834, 49.209101], [36.905034, 49.198533], [36.904387, 49.191308], [36.89168, 49.181303], [36.882065, 49.183639], [36.862492, 49.188757], [36.864298, 49.181547], [36.873142, 49.17703], [36.872628, 49.171167], [36.881125, 49.164645], [36.88726, 49.158016], [36.897988, 49.155562], [36.908521, 49.161989], [36.915171, 49.170356], [36.920499, 49.187448], [36.92138, 49.189485], [36.923548, 49.191354], [36.923965, 49.194628], [36.926699, 49.196107], [36.92682, 49.197773], [36.92571, 49.20135], [36.916901, 49.206484], [36.909149, 49.206919], [36.90201, 49.215772], [36.895521, 49.22401], [36.889015, 49.236761], [36.886627, 49.239984], [36.857286, 49.245946], [36.836741, 49.25724], [36.807866, 49.278932], [36.810817, 49.289226], [36.812739, 49.298959], [36.812944, 49.308356], [36.810746, 49.317418], [36.812717, 49.337336], [36.81422, 49.349921], [36.831248, 49.347979], [36.835572, 49.350678], [36.838042, 49.352944], [36.83948, 49.354796], [36.870396, 49.374983], [36.889473, 49.380918], [36.838362, 49.405167], [36.828982, 49.407258], [36.825656, 49.407425], [36.824869, 49.390405], [36.820966, 49.381312], [36.81393, 49.365301], [36.805489, 49.362899]]]}}, {"type": "Feature", "properties": {"name": "Liberated 30.03", "date": "2026-03-31", "layer_type": "liberated"}, "geometry": {"type": "Polygon", "coordinates": [[[33.095122, 47.561679], [33.087531, 47.552797], [33.112937, 47.556388], [33.143493, 47.547467], [33.144351, 47.534488], [33.157741, 47.531359], [33.17834, 47.520926], [33.190668, 47.520993], [33.19142, 47.517732], [33.194971, 47.517956], [33.200066, 47.503586], [33.201139, 47.487886], [33.204358, 47.487073], [33.211453, 47.444104], [33.222211, 47.444774], [33.236115, 47.446167], [33.236416, 47.453393], [33.261561, 47.458908], [33.281171, 47.452724], [33.307486, 47.456204], [33.308114, 47.465574], [33.320188, 47.471752], [33.322649, 47.472832], [33.328801, 47.471969], [33.332442, 47.469952], [33.334301, 47.467732], [33.334921, 47.465553], [33.347615, 47.467067], [33.348045, 47.468052], [33.347406, 47.469102], [33.346509, 47.470181], [33.345166, 47.470715], [33.343093, 47.470842], [33.341782, 47.47176], [33.341238, 47.473313], [33.341016, 47.474894], [33.340703, 47.475689], [33.34019, 47.476182], [33.340707, 47.476674], [33.338231, 47.478566], [33.336913, 47.479298], [33.336808, 47.480381], [33.335951, 47.480886], [33.334407, 47.481159], [33.331546, 47.481435], [33.32681, 47.489163], [33.314922, 47.489379], [33.309615, 47.501731], [33.296556, 47.503732], [33.279021, 47.517182], [33.279768, 47.521499], [33.287725, 47.526974], [33.287629, 47.538656], [33.286143, 47.543685], [33.274101, 47.54628], [33.259653, 47.540015], [33.239575, 47.53051], [33.218826, 47.531553], [33.198806, 47.528482], [33.195501, 47.530481], [33.181747, 47.528743], [33.168078, 47.534683], [33.165847, 47.540593], [33.155719, 47.543606], [33.152457, 47.55415], [33.135806, 47.559131], [33.111087, 47.563417], [33.095122, 47.561679]]]}}, {"type": "Feature", "properties": {"name": "Liberated", "date": "2026-03-31", "layer_type": "liberated"}, "geometry": {"type": "Polygon", "coordinates": [[[34.988456, 50.641136], [35.004306, 50.659903], [35.003877, 50.680629], [35.00731, 50.695528], [34.994312, 50.72041], [35.007949, 50.720851], [35.015922, 50.723356], [35.017609, 50.730262], [35.018688, 50.732154], [35.016292, 50.736408], [35.014095, 50.736496], [35.011297, 50.739029], [35.006946, 50.739775], [35.001368, 50.74036], [34.996562, 50.73975], [34.99476, 50.737978], [34.991413, 50.737672], [34.984032, 50.739017], [34.978923, 50.755392], [34.96673, 50.761751], [35.015266, 50.762407], [35.018333, 50.75836], [35.015375, 50.75589], [35.015225, 50.751403], [35.015633, 50.748029], [35.019087, 50.746516], [35.020622, 50.748677], [35.019074, 50.751336], [35.019501, 50.75508], [35.020723, 50.756328], [35.023833, 50.755403], [35.026332, 50.75547], [35.029862, 50.756895], [35.034775, 50.754857], [35.058721, 50.745676], [35.065153, 50.739043], [35.073381, 50.738321], [35.078633, 50.736823], [35.088133, 50.737146], [35.088793, 50.738989], [35.088595, 50.740995], [35.078372, 50.744357], [35.070297, 50.744693], [35.064327, 50.74983], [35.040012, 50.758887], [35.037922, 50.766694], [35.036527, 50.774486], [35.032385, 50.781518], [35.013604, 50.779811], [35.013363, 50.776149], [35.015733, 50.771576], [35.011236, 50.767871], [34.962538, 50.767695], [34.957099, 50.769683], [34.944568, 50.781298], [34.941478, 50.791499], [34.950061, 50.812764], [34.950578, 50.824946], [34.931695, 50.825596], [34.931352, 50.811498], [34.927232, 50.791318], [34.928605, 50.778512], [34.943368, 50.762878], [34.966714, 50.748544], [34.975297, 50.727685], [34.991262, 50.6937], [34.987829, 50.683478], [34.988172, 50.664331], [34.964595, 50.640483], [34.981418, 50.643313], [34.988456, 50.641136]]]}}, {"type": "Feature", "properties": {"name": "Liberated", "date": "2026-03-31", "layer_type": "liberated"}, "geometry": {"type": "Polygon", "coordinates": [[[32.106856, 46.690468], [32.126854, 46.699876], [32.146252, 46.706302], [32.170699, 46.746051], [32.217517, 46.749644], [32.244907, 46.770425], [32.243533, 46.78606], [32.186447, 46.796953], [32.153909, 46.80802], [32.109603, 46.789639], [31.964378, 46.772476], [31.942062, 46.744487], [31.974677, 46.710599], [31.966781, 46.682342], [31.97811, 46.656898], [32.00077, 46.640224], [32.015578, 46.628288], [32.025428, 46.623822], [32.03356, 46.622421], [32.048889, 46.615997], [32.057711, 46.61386], [32.060233, 46.637724], [32.087304, 46.637685], [32.088145, 46.643406], [32.088882, 46.654511], [32.09306, 46.673078], [32.106856, 46.690468]]]}}, {"type": "Feature", "properties": {"name": "Liberated", "date": "2026-03-31", "layer_type": "liberated"}, "geometry": {"type": "Polygon", "coordinates": [[[33.222211, 47.444774], [33.211453, 47.444104], [33.212796, 47.435009], [33.218544, 47.411725], [33.198015, 47.373019], [33.191969, 47.357035], [33.175629, 47.34919], [33.173509, 47.34339], [33.184778, 47.340149], [33.199562, 47.339139], [33.206614, 47.343229], [33.214182, 47.345457], [33.220654, 47.351858], [33.223351, 47.365702], [33.244122, 47.411957], [33.236115, 47.446167], [33.222211, 47.444774]]]}}, {"type": "Feature", "properties": {"name": "Liberated", "date": "2026-03-31", "layer_type": "liberated"}, "geometry": {"type": "Polygon", "coordinates": [[[36.5005048, 47.9255445], [36.5115212, 47.9214427], [36.516671, 47.9227081], [36.5094613, 47.9267917], [36.5088605, 47.9288046], [36.5109204, 47.9307024], [36.5098046, 47.9334053], [36.5297173, 47.9331753], [36.5306614, 47.9342679], [36.5302323, 47.9462276], [36.5274857, 47.9465725], [36.5270897, 47.940908], [36.514899, 47.940239], [36.5078399, 47.9391979], [36.5026694, 47.9354262], [36.5015549, 47.9342637], [36.501728, 47.9301893], [36.4991098, 47.9298775], [36.5005048, 47.9255445]]]}}, {"type": "Feature", "properties": {"name": "Liberated", "date": "2026-03-31", "layer_type": "liberated"}, "geometry": {"type": "Polygon", "coordinates": [[[35.177618, 50.332035], [35.229041, 50.329555], [35.25788, 50.335692], [35.279166, 50.331747], [35.323111, 50.339636], [35.356757, 50.349714], [35.397956, 50.3484], [35.47486, 50.3992], [35.503012, 50.411453], [35.511764, 50.421086], [35.548245, 50.421963], [35.566312, 50.420975], [35.58335, 50.425235], [35.58335, 50.429964], [35.587212, 50.431071], [35.586697, 50.437045], [35.559141, 50.426854], [35.546266, 50.429128], [35.507818, 50.427103], [35.501468, 50.433714], [35.492026, 50.437701], [35.469195, 50.45213], [35.463207, 50.46023], [35.459907, 50.473181], [35.459353, 50.484165], [35.46477, 50.50242], [35.457247, 50.511428], [35.445628, 50.507169], [35.450892, 50.491873], [35.452641, 50.474271], [35.458164, 50.456232], [35.432542, 50.44481], [35.41701, 50.436826], [35.409592, 50.438274], [35.398568, 50.445844], [35.378572, 50.466663], [35.352809, 50.488405], [35.396582, 50.558688], [35.369399, 50.606986], [35.33232, 50.643576], [35.313781, 50.667083], [35.319274, 50.697538], [35.295336, 50.710379], [35.364173, 50.702878], [35.378249, 50.695593], [35.386488, 50.685805], [35.402453, 50.678844], [35.408461, 50.683195], [35.410178, 50.693527], [35.409148, 50.70016], [35.418246, 50.701464], [35.4106931, 50.7098348], [35.356963, 50.713857], [35.290358, 50.727877], [35.278342, 50.727877], [35.267527, 50.724834], [35.264437, 50.73483], [35.272849, 50.752319], [35.273384, 50.760744], [35.288662, 50.761939], [35.296043, 50.76639], [35.289005, 50.772904], [35.279392, 50.778983], [35.266689, 50.782022], [35.269093, 50.790162], [35.290207, 50.790379], [35.311541, 50.793233], [35.330595, 50.793342], [35.35068, 50.793233], [35.364412, 50.793884], [35.3759133, 50.7959461], [35.369219, 50.798333], [35.3676736, 50.8065782], [35.3724803, 50.8167745], [35.387415, 50.817858], [35.351023, 50.824582], [35.323557, 50.844097], [35.30664, 50.840782], [35.292048, 50.835253], [35.28604, 50.834928], [35.28398, 50.842408], [35.279517, 50.851404], [35.28192, 50.858339], [35.289474, 50.862132], [35.290847, 50.868632], [35.283809, 50.870149], [35.276256, 50.867657], [35.269389, 50.867549], [35.266986, 50.870257], [35.274711, 50.873724], [35.287414, 50.874049], [35.30046, 50.878382], [35.318313, 50.876974], [35.327582, 50.876107], [35.345607, 50.883797], [35.354362, 50.887371], [35.362773, 50.890186], [35.366034, 50.893543], [35.362601, 50.900039], [35.35213, 50.90621], [35.33838, 50.917613], [35.323273, 50.913717], [35.33014, 50.900944], [35.337006, 50.891633], [35.32087, 50.885352], [35.301987, 50.887518], [35.289284, 50.886868], [35.271775, 50.886868], [35.252892, 50.885352], [35.231606, 50.885136], [35.222336, 50.884702], [35.196931, 50.905924], [35.178391, 50.919128], [35.155732, 50.913934], [35.148522, 50.899645], [35.147492, 50.884919], [35.141999, 50.868022], [35.125176, 50.854369], [35.09874, 50.848734], [35.084321, 50.838544], [35.04567, 50.842376], [35.020607, 50.838474], [34.994858, 50.839991], [34.969796, 50.832619], [34.954785, 50.852234], [34.949377, 50.875967], [34.917954, 50.864701], [34.93203, 50.836522], [34.881566, 50.822493], [34.858902, 50.803633], [34.828018, 50.789107], [34.793711, 50.786291], [34.76627, 50.790412], [34.759516, 50.782605], [34.78707, 50.775369], [34.850972, 50.786071], [34.874699, 50.795319], [34.890198, 50.813244], [34.931695, 50.825596], [34.950578, 50.824946], [34.962929, 50.823511], [34.981812, 50.824596], [35.001038, 50.824162], [35.020264, 50.823077], [35.04361, 50.823511], [35.078972, 50.823511], [35.089615, 50.813534], [35.117081, 50.804422], [35.147471, 50.795341], [35.145669, 50.769726], [35.14858, 50.749533], [35.155455, 50.733185], [35.154083, 50.725499], [35.154081, 50.7172], [35.145999, 50.709383], [35.131053, 50.708304], [35.127424, 50.707667], [35.122252, 50.705998], [35.12017, 50.70248], [35.119096, 50.698219], [35.118793, 50.691838], [35.087959, 50.63039], [35.090951, 50.618871], [35.10472, 50.617903], [35.117631, 50.621835], [35.194385, 50.645332], [35.205256, 50.642196], [35.224932, 50.636791], [35.222395, 50.616838], [35.218961, 50.60747], [35.217588, 50.591344], [35.186689, 50.559076], [35.160828, 50.54598], [35.118943, 50.542052], [35.09903, 50.547288], [35.036546, 50.530705], [35.01526, 50.515863], [34.980999, 50.494999], [34.992919, 50.480133], [35.012513, 50.478736], [35.025559, 50.471744], [35.045472, 50.472618], [35.054398, 50.482668], [35.080491, 50.477862], [35.11139, 50.473492], [35.131989, 50.467811], [35.151216, 50.459943], [35.171815, 50.450762], [35.193101, 50.442892], [35.197136, 50.436168], [35.206662, 50.429444], [35.189839, 50.416702], [35.175976, 50.406583], [35.161773, 50.399143], [35.14924, 50.398185], [35.137824, 50.396023], [35.141215, 50.38906], [35.135272, 50.386946], [35.134993, 50.383519], [35.145207, 50.380538], [35.142419, 50.373474], [35.143567, 50.370094], [35.141626, 50.366056], [35.14375, 50.362908], [35.146003, 50.36039], [35.151174, 50.359514], [35.157567, 50.354423], [35.158022, 50.350785], [35.159476, 50.342432], [35.163185, 50.342585], [35.166766, 50.342884], [35.166358, 50.346381], [35.165478, 50.349502], [35.164727, 50.354733], [35.163992, 50.358268], [35.160983, 50.359778], [35.157072, 50.362765], [35.157024, 50.363617], [35.159749, 50.364945], [35.159438, 50.367278], [35.158354, 50.368626], [35.156916, 50.369981], [35.152196, 50.371022], [35.157861, 50.380054], [35.176014, 50.39234], [35.20554, 50.409847], [35.23455, 50.431393], [35.244335, 50.442436], [35.282787, 50.4514], [35.321754, 50.474785], [35.334286, 50.484944], [35.3451, 50.475877], [35.357632, 50.465607], [35.372394, 50.453586], [35.384754, 50.440906], [35.374111, 50.431722], [35.367931, 50.424066], [35.377888, 50.419473], [35.387844, 50.417504], [35.387844, 50.410722], [35.386471, 50.39803], [35.388874, 50.387086], [35.39162, 50.373951], [35.390934, 50.364753], [35.355572, 50.36541], [35.325359, 50.363877], [35.314373, 50.35643], [35.288624, 50.347668], [35.267338, 50.348982], [35.235065, 50.345258], [35.20554, 50.341971], [35.176132, 50.343452], [35.177618, 50.332035]]]}}, {"type": "Feature", "properties": {"name": "Liberated 05.04", "date": "2026-03-31", "layer_type": "liberated"}, "geometry": {"type": "Polygon", "coordinates": [[[33.689715, 47.449877], [33.653754, 47.448164], [33.636586, 47.469839], [33.627534, 47.479269], [33.568177, 47.562244], [33.494451, 47.5539], [33.483643, 47.544071], [33.464601, 47.528797], [33.43765, 47.52045], [33.455151, 47.487067], [33.507049, 47.49732], [33.514112, 47.505863], [33.540055, 47.507651], [33.56016, 47.502708], [33.578794, 47.501303], [33.587617, 47.494026], [33.59339, 47.48179], [33.601112, 47.463632], [33.614615, 47.449758], [33.63402, 47.439203], [33.72123, 47.430833], [33.705079, 47.45127], [33.689715, 47.449877]]]}}, {"type": "Feature", "properties": {"name": "Liberated", "date": "2026-03-31", "layer_type": "liberated"}, "geometry": {"type": "Polygon", "coordinates": [[[36.484436, 49.928808], [36.483978, 49.908944], [36.4844, 49.901187], [36.505764, 49.897078], [36.585126, 49.877394], [36.582815, 49.869879], [36.582221, 49.859985], [36.610551, 49.854709], [36.612632, 49.8546], [36.615228, 49.862128], [36.618598, 49.872531], [36.625487, 49.869878], [36.635679, 49.8619], [36.647058, 49.854741], [36.664996, 49.846162], [36.674052, 49.840157], [36.678785, 49.82901], [36.669962, 49.82826], [36.649805, 49.823077], [36.653834, 49.819353], [36.658892, 49.820945], [36.67107, 49.822801], [36.677573, 49.817652], [36.685087, 49.81976], [36.691879, 49.825304], [36.702028, 49.816898], [36.708596, 49.822237], [36.722418, 49.812088], [36.719158, 49.805966], [36.706455, 49.79904], [36.690662, 49.795383], [36.695467, 49.790285], [36.720186, 49.794718], [36.730731, 49.802253], [36.733772, 49.807461], [36.741449, 49.805356], [36.763328, 49.79096], [36.799988, 49.779663], [36.804152, 49.776928], [36.794928, 49.769093], [36.790982, 49.761819], [36.793986, 49.759758], [36.797506, 49.75814], [36.79875, 49.758065], [36.82648, 49.774257], [36.842433, 49.766528], [36.845997, 49.764384], [36.850183, 49.767082], [36.847502, 49.770002], [36.842536, 49.773068], [36.829002, 49.783506], [36.829284, 49.788385], [36.823428, 49.794233], [36.816953, 49.79733], [36.814767, 49.795207], [36.814856, 49.7935], [36.818988, 49.787531], [36.777873, 49.7982], [36.761132, 49.810678], [36.74757, 49.818764], [36.740518, 49.826308], [36.717294, 49.843858], [36.703172, 49.846454], [36.706169, 49.852754], [36.731254, 49.868762], [36.736916, 49.87315], [36.72696, 49.87929], [36.709965, 49.881834], [36.706875, 49.877907], [36.70096, 49.8647], [36.690146, 49.848322], [36.681821, 49.847436], [36.671091, 49.850978], [36.652036, 49.859943], [36.641066, 49.865761], [36.634501, 49.869942], [36.629654, 49.872993], [36.624033, 49.87527], [36.616574, 49.877826], [36.612634, 49.881377], [36.612306, 49.887705], [36.607185, 49.888637], [36.608418, 49.894083], [36.612227, 49.898422], [36.617409, 49.90348], [36.617786, 49.908538], [36.602889, 49.90793], [36.599035, 49.907376], [36.590976, 49.901902], [36.585502, 49.895376], [36.579557, 49.889016], [36.573066, 49.888821], [36.567605, 49.890506], [36.56072, 49.892206], [36.554866, 49.890146], [36.544873, 49.893323], [36.519647, 49.90089], [36.501802, 49.912038], [36.501945, 49.929692], [36.484436, 49.928808]]]}}, {"type": "Feature", "properties": {"name": "Liberated", "date": "2026-03-31", "layer_type": "liberated"}, "geometry": {"type": "Polygon", "coordinates": [[[32.464908, 47.074915], [32.46127, 47.074822], [32.451113, 47.067364], [32.454145, 47.050112], [32.458568, 47.03806], [32.466737, 47.033028], [32.51994, 47.044387], [32.564962, 47.052419], [32.638993, 47.065722], [32.673554, 47.06784], [32.718172, 47.068209], [32.761616, 47.082322], [32.779672, 47.098764], [32.718302, 47.101097], [32.684866, 47.097518], [32.683837, 47.104822], [32.662549, 47.101959], [32.659287, 47.099154], [32.66006, 47.096057], [32.653537, 47.09483], [32.464908, 47.074915]]]}}, {"type": "Feature", "properties": {"name": "Liberated 31.03", "date": "2026-03-31", "layer_type": "liberated"}, "geometry": {"type": "Polygon", "coordinates": [[[31.663379, 50.607387], [31.65479, 50.59837], [31.656163, 50.591832], [31.663029, 50.585729], [31.675389, 50.578317], [31.692555, 50.584857], [31.724141, 50.603164], [31.770833, 50.630177], [31.839497, 50.650643], [31.86353, 50.675888], [31.912282, 50.691985], [31.95966, 50.696334], [32.003606, 50.707207], [32.033818, 50.720685], [32.089436, 50.750236], [32.143681, 50.786715], [32.134755, 50.797566], [32.125048, 50.807198], [32.135488, 50.828024], [32.025786, 50.923011], [32.123332, 50.928506], [32.112691, 50.948402], [31.921534, 50.966724], [31.896511, 50.963323], [31.911733, 50.934574], [31.960986, 50.888025], [31.870591, 50.86173], [31.880173, 50.822419], [31.906186, 50.814564], [31.964168, 50.79436], [31.979776, 50.803133], [31.951085, 50.827308], [31.969222, 50.834077], [31.990118, 50.856453], [32.03533, 50.847187], [32.071584, 50.820563], [32.009785, 50.762833], [31.961034, 50.735028], [31.897176, 50.719815], [31.832631, 50.700684], [31.807225, 50.671971], [31.773579, 50.65935], [31.693242, 50.618851], [31.67396, 50.610871], [31.663379, 50.607387]]]}}, {"type": "Feature", "properties": {"name": "Liberated", "date": "2026-03-31", "layer_type": "liberated"}, "geometry": {"type": "Polygon", "coordinates": [[[33.150334, 47.303742], [33.096268, 47.235534], [33.094061, 47.226244], [33.088809, 47.223954], [33.087333, 47.223237], [33.086141, 47.222998], [33.085251, 47.222504], [33.08346, 47.221165], [33.081926, 47.220583], [33.080736, 47.220526], [33.079277, 47.220491], [33.077561, 47.22101], [33.073517, 47.223328], [33.072503, 47.223649], [33.071575, 47.223431], [33.071184, 47.22309], [33.071028, 47.222558], [33.071988, 47.221111], [33.072571, 47.220669], [33.07421, 47.219871], [33.074785, 47.219296], [33.075037, 47.218539], [33.074863, 47.21824], [33.07456, 47.218029], [33.074326, 47.217771], [33.07375, 47.217629], [33.071782, 47.21752], [33.07094, 47.21774], [33.067416, 47.220072], [33.066926, 47.220415], [33.066308, 47.220437], [33.065458, 47.220277], [33.064873, 47.219578], [33.064734, 47.219083], [33.065236, 47.217841], [33.06518, 47.216744], [33.064138, 47.215642], [33.063976, 47.214759], [33.064424, 47.213983], [33.065578, 47.213211], [33.06583, 47.212541], [33.065219, 47.210822], [33.065219, 47.210223], [33.06537, 47.209763], [33.065866, 47.209009], [33.066485, 47.208189], [33.067028, 47.207552], [33.067185, 47.207033], [33.067144, 47.206649], [33.067029, 47.206293], [33.066627, 47.205813], [33.066079, 47.205306], [33.065852, 47.205028], [33.065755, 47.204913], [33.065529, 47.204415], [33.065528, 47.204209], [33.065573, 47.20393], [33.066032, 47.202916], [33.066236, 47.202529], [33.066346, 47.201992], [33.066339, 47.201734], [33.06617, 47.201274], [33.065998, 47.201061], [33.065702, 47.200852], [33.067397, 47.200725], [33.103618, 47.1955], [33.118384, 47.201582], [33.122332, 47.203215], [33.123872, 47.202462], [33.126852, 47.20326], [33.1276, 47.203183], [33.128494, 47.202621], [33.130627, 47.202839], [33.131802, 47.203273], [33.133639, 47.204959], [33.134222, 47.205764], [33.135902, 47.205857], [33.13652, 47.20555], [33.13761, 47.205739], [33.139189, 47.207166], [33.139686, 47.208038], [33.140766, 47.208382], [33.141724, 47.208429], [33.142955, 47.209805], [33.142839, 47.210778], [33.142465, 47.211138], [33.136739, 47.212443], [33.135416, 47.212719], [33.134057, 47.213271], [33.129402, 47.219283], [33.128524, 47.22066], [33.127711, 47.222423], [33.127116, 47.225774], [33.126699, 47.228804], [33.126723, 47.229852], [33.127372, 47.230957], [33.132954, 47.233009], [33.138836, 47.231448], [33.140988, 47.230539], [33.142286, 47.230121], [33.147801, 47.230509], [33.148875, 47.230992], [33.150337, 47.232659], [33.150772, 47.233544], [33.15147, 47.234207], [33.152695, 47.234658], [33.156432, 47.235618], [33.1591, 47.235614], [33.161751, 47.236379], [33.162899, 47.235978], [33.162621, 47.235584], [33.159318, 47.234447], [33.158464, 47.232638], [33.160187, 47.231352], [33.163856, 47.231622], [33.166195, 47.234106], [33.166752, 47.234178], [33.167952, 47.23339], [33.173014, 47.23362], [33.175155, 47.236879], [33.176347, 47.237801], [33.177702, 47.237546], [33.178782, 47.236921], [33.17991, 47.236661], [33.182167, 47.237016], [33.184193, 47.238015], [33.184639, 47.238966], [33.184675, 47.241683], [33.185089, 47.242689], [33.185659, 47.243244], [33.186028, 47.24377], [33.186423, 47.244183], [33.186784, 47.243959], [33.18682, 47.243337], [33.187318, 47.242733], [33.189604, 47.241992], [33.191686, 47.242082], [33.192932, 47.242553], [33.195253, 47.244835], [33.195347, 47.245553], [33.194984, 47.246461], [33.193892, 47.247311], [33.192137, 47.24837], [33.191545, 47.249148], [33.191477, 47.249772], [33.192027, 47.250088], [33.193299, 47.250019], [33.195844, 47.24965], [33.197929, 47.249902], [33.199609, 47.250814], [33.200138, 47.251531], [33.199909, 47.252324], [33.197734, 47.253793], [33.196989, 47.254576], [33.196442, 47.25556], [33.19552, 47.256595], [33.194449, 47.257267], [33.193999, 47.257414], [33.193936, 47.257679], [33.193771, 47.261183], [33.194126, 47.262075], [33.195949, 47.263303], [33.197687, 47.264124], [33.198158, 47.264629], [33.198156, 47.266514], [33.198497, 47.268244], [33.20107, 47.272124], [33.202271, 47.273324], [33.204157, 47.276365], [33.205092, 47.277348], [33.207671, 47.279276], [33.208833, 47.280651], [33.209614, 47.281946], [33.209544, 47.283079], [33.209147, 47.283424], [33.209951, 47.28409], [33.211013, 47.284639], [33.211914, 47.285089], [33.21363, 47.285814], [33.214487, 47.286682], [33.216287, 47.287778], [33.22023, 47.289504], [33.224771, 47.290918], [33.226718, 47.291393], [33.228236, 47.291344], [33.228955, 47.292061], [33.229822, 47.292366], [33.230989, 47.292088], [33.231693, 47.29031], [33.231899, 47.289548], [33.232739, 47.28884], [33.238869, 47.288861], [33.239977, 47.288677], [33.242879, 47.286855], [33.247225, 47.286179], [33.249222, 47.286574], [33.249782, 47.286374], [33.256709, 47.28661], [33.259879, 47.287077], [33.261118, 47.287602], [33.261708, 47.288186], [33.263058, 47.287899], [33.264, 47.287931], [33.26773, 47.290669], [33.268927, 47.291664], [33.26986, 47.292256], [33.271812, 47.293031], [33.273744, 47.29499], [33.274602, 47.295998], [33.275515, 47.297383], [33.275742, 47.299118], [33.275079, 47.300549], [33.274955, 47.301142], [33.275222, 47.303026], [33.275584, 47.304174], [33.275717, 47.305866], [33.274691, 47.30654], [33.274098, 47.30719], [33.270766, 47.307441], [33.269853, 47.307653], [33.267227, 47.307757], [33.262326, 47.305824], [33.258361, 47.305566], [33.255705, 47.30621], [33.250517, 47.306795], [33.246583, 47.307671], [33.244965, 47.308663], [33.241847, 47.30944], [33.238127, 47.311497], [33.236438, 47.312819], [33.235549, 47.314385], [33.235316, 47.315247], [33.234335, 47.316798], [33.233134, 47.320473], [33.233479, 47.321647], [33.234339, 47.32219], [33.237708, 47.323195], [33.240649, 47.324694], [33.242494, 47.325967], [33.245455, 47.328113], [33.246829, 47.330135], [33.24889, 47.332144], [33.250844, 47.333607], [33.252068, 47.334168], [33.253744, 47.334826], [33.25495, 47.334872], [33.256156, 47.334598], [33.256766, 47.334224], [33.26074, 47.330808], [33.262311, 47.329546], [33.264942, 47.328132], [33.266842, 47.327242], [33.279348, 47.322368], [33.285372, 47.321071], [33.286951, 47.321039], [33.289332, 47.322101], [33.290255, 47.322174], [33.291585, 47.321796], [33.293817, 47.321507], [33.29622, 47.321975], [33.297508, 47.322736], [33.298195, 47.323501], [33.299055, 47.323985], [33.299042, 47.325272], [33.297699, 47.326501], [33.296602, 47.327299], [33.297618, 47.327958], [33.299063, 47.328196], [33.299524, 47.328534], [33.300294, 47.328574], [33.301063, 47.329692], [33.300972, 47.330529], [33.301006, 47.331521], [33.299667, 47.333007], [33.298191, 47.333653], [33.296956, 47.334245], [33.295172, 47.335431], [33.290916, 47.33757], [33.289013, 47.338648], [33.287783, 47.339757], [33.286554, 47.342321], [33.286156, 47.343437], [33.285189, 47.344097], [33.284627, 47.345012], [33.284619, 47.345493], [33.285297, 47.346032], [33.288286, 47.347692], [33.290657, 47.348802], [33.291537, 47.349511], [33.292182, 47.351044], [33.292012, 47.352242], [33.291492, 47.352963], [33.289727, 47.353916], [33.289288, 47.354688], [33.290211, 47.357337], [33.292105, 47.360388], [33.290732, 47.36065], [33.282159, 47.361403], [33.248286, 47.347436], [33.220654, 47.351858], [33.214182, 47.345457], [33.206614, 47.343229], [33.199562, 47.339139], [33.184778, 47.340149], [33.150334, 47.303742]]]}}, {"type": "Feature", "properties": {"name": "Liberated", "date": "2026-03-31", "layer_type": "liberated"}, "geometry": {"type": "Polygon", "coordinates": [[[34.949471, 50.351773], [34.941415, 50.343355], [34.934107, 50.330251], [34.936854, 50.317538], [34.943033, 50.307672], [34.988352, 50.307452], [35.037447, 50.308549], [35.068689, 50.320607], [35.098902, 50.325648], [35.136324, 50.329155], [35.177618, 50.332035], [35.176132, 50.343452], [35.166766, 50.342884], [35.163185, 50.342585], [35.159476, 50.342432], [35.150344, 50.340894], [35.143615, 50.340615], [35.139029, 50.343046], [35.135534, 50.349958], [35.130009, 50.352702], [35.129391, 50.359058], [35.122516, 50.364645], [35.120708, 50.367123], [35.120255, 50.368787], [35.119544, 50.36952], [35.12023, 50.370743], [35.1195, 50.373499], [35.113835, 50.375644], [35.106279, 50.374366], [35.101686, 50.369402], [35.087418, 50.366371], [35.06941, 50.364888], [35.063076, 50.363731], [35.049206, 50.364045], [35.023007, 50.371184], [35.029645, 50.379734], [35.029589, 50.391678], [35.024385, 50.393369], [35.013974, 50.388869], [35.012556, 50.375486], [34.984489, 50.372093], [34.949471, 50.351773]]]}}, {"type": "Feature", "properties": {"name": "Liberated", "date": "2026-03-31", "layer_type": "liberated"}, "geometry": {"type": "Polygon", "coordinates": [[[33.047641, 47.170275], [33.069525, 47.175645], [33.091243, 47.18206], [33.134771, 47.196804], [33.131602, 47.201016], [33.130627, 47.202839], [33.128494, 47.202621], [33.1276, 47.203183], [33.126852, 47.20326], [33.123872, 47.202462], [33.122332, 47.203215], [33.118384, 47.201582], [33.103618, 47.1955], [33.067397, 47.200725], [33.065702, 47.200852], [33.065568, 47.200773], [33.065154, 47.200213], [33.064293, 47.199471], [33.063363, 47.198747], [33.063105, 47.198673], [33.061855, 47.197523], [33.06156, 47.197342], [33.060203, 47.195972], [33.059747, 47.195646], [33.058771, 47.195177], [33.058686, 47.194488], [33.056927, 47.19342], [33.055952, 47.193037], [33.054676, 47.192829], [33.053979, 47.192008], [33.052853, 47.191246], [33.05174, 47.191027], [33.049855, 47.191055], [33.04853, 47.190849], [33.046196, 47.190293], [33.043519, 47.189912], [33.042253, 47.189963], [33.039635, 47.189365], [33.037189, 47.18849], [33.036546, 47.18779], [33.035719, 47.186525], [33.035408, 47.18421], [33.035773, 47.18238], [33.036293, 47.181699], [33.038187, 47.180391], [33.038841, 47.179262], [33.038865, 47.179014], [33.038785, 47.178884], [33.03859, 47.178728], [33.038642, 47.178588], [33.038288, 47.178281], [33.037874, 47.178087], [33.037453, 47.178041], [33.037268, 47.17809], [33.029408, 47.17748], [33.026594, 47.17659], [33.021548, 47.178735], [33.012362, 47.169577], [33.028539, 47.16231], [33.047641, 47.170275]]]}}, {"type": "Feature", "properties": {"name": "Liberated 02.07", "date": "2026-03-31", "layer_type": "liberated"}, "geometry": {"type": "Polygon", "coordinates": [[[33.336808, 47.480381], [33.336913, 47.479298], [33.338231, 47.478566], [33.340707, 47.476674], [33.34019, 47.476182], [33.340703, 47.475689], [33.341016, 47.474894], [33.341238, 47.473313], [33.341782, 47.47176], [33.343093, 47.470842], [33.345166, 47.470715], [33.346509, 47.470181], [33.347406, 47.469102], [33.348045, 47.468052], [33.347615, 47.467067], [33.348558, 47.464081], [33.348359, 47.459219], [33.350219, 47.457736], [33.348585, 47.451764], [33.346116, 47.450344], [33.343723, 47.449374], [33.342655, 47.448294], [33.343067, 47.44717], [33.344358, 47.446713], [33.345821, 47.44643], [33.346898, 47.445696], [33.349884, 47.444861], [33.353883, 47.443784], [33.357259, 47.444266], [33.359948, 47.4453], [33.362043, 47.445887], [33.364182, 47.4472], [33.371935, 47.454628], [33.373101, 47.456292], [33.374095, 47.458928], [33.376316, 47.459879], [33.378924, 47.460236], [33.382446, 47.45926], [33.384467, 47.458676], [33.388384, 47.458489], [33.388963, 47.458133], [33.407555, 47.456726], [33.453049, 47.462764], [33.455151, 47.487067], [33.438711, 47.486774], [33.405582, 47.477252], [33.375401, 47.483513], [33.352665, 47.498862], [33.32681, 47.489163], [33.331546, 47.481435], [33.334407, 47.481159], [33.335951, 47.480886], [33.336808, 47.480381]]]}}, {"type": "Feature", "properties": {"name": "Liberated 30.05", "date": "2026-03-31", "layer_type": "liberated"}, "geometry": {"type": "Polygon", "coordinates": [[[33.352665, 47.498862], [33.375401, 47.483513], [33.405582, 47.477252], [33.438711, 47.486774], [33.455151, 47.487067], [33.43765, 47.52045], [33.385764, 47.516646], [33.363458, 47.503178], [33.352665, 47.498862]]]}}, {"type": "Feature", "properties": {"name": "Snake Island", "date": "2026-03-31", "layer_type": "liberated"}, "geometry": {"type": "Polygon", "coordinates": [[[30.194992, 45.267287], [30.18263, 45.257016], [30.1895, 45.245731], [30.198084, 45.245165], [30.205294, 45.241214], [30.219026, 45.245836], [30.216751, 45.25499], [30.223597, 45.256878], [30.227696, 45.255745], [30.228222, 45.256614], [30.225486, 45.258812], [30.227225, 45.264899], [30.221087, 45.268857], [30.202203, 45.262695], [30.194992, 45.267287]]]}}, {"type": "Feature", "properties": {"name": "Liberated 26.06", "date": "2026-03-31", "layer_type": "liberated"}, "geometry": {"type": "Polygon", "coordinates": [[[33.56053, 47.493351], [33.55531, 47.485693], [33.558159, 47.473627], [33.56496, 47.462277], [33.601112, 47.463632], [33.59339, 47.48179], [33.587617, 47.494026], [33.578794, 47.501303], [33.56016, 47.502708], [33.56053, 47.493351]]]}}, {"type": "Feature", "properties": {"name": "Liberated", "date": "2026-03-31", "layer_type": "liberated"}, "geometry": {"type": "Polygon", "coordinates": [[[32.437085, 47.388474], [32.423698, 47.383588], [32.349809, 47.287061], [32.298062, 47.240792], [32.250552, 47.20214], [32.168128, 47.11033], [32.134187, 47.076096], [32.165478, 47.048876], [32.194321, 47.060306], [32.322884, 47.110162], [32.297773, 47.135089], [32.241735, 47.128946], [32.279313, 47.175398], [32.318396, 47.22575], [32.33186, 47.230289], [32.43915, 47.379631], [32.452191, 47.327074], [32.430906, 47.318696], [32.435025, 47.296348], [32.470044, 47.307058], [32.583341, 47.249292], [32.643766, 47.254885], [32.630719, 47.291225], [32.521543, 47.303333], [32.50163, 47.334055], [32.463864, 47.401024], [32.437085, 47.388474]]]}}, {"type": "Feature", "properties": {"name": "Liberated 04.09", "date": "2026-03-31", "layer_type": "liberated"}, "geometry": {"type": "Polygon", "coordinates": [[[33.46223, 47.445176], [33.491088, 47.453532], [33.518465, 47.454449], [33.567414, 47.421086], [33.590453, 47.40962], [33.591928, 47.38146], [33.620717, 47.369784], [33.672908, 47.407313], [33.724879, 47.414635], [33.724112, 47.417795], [33.72123, 47.430833], [33.63402, 47.439203], [33.614615, 47.449758], [33.601112, 47.463632], [33.56496, 47.462277], [33.558159, 47.473627], [33.55531, 47.485693], [33.56053, 47.493351], [33.56016, 47.502708], [33.540055, 47.507651], [33.514112, 47.505863], [33.507049, 47.49732], [33.455151, 47.487067], [33.453049, 47.462764], [33.46223, 47.445176]]]}}, {"type": "Feature", "properties": {"name": "Liberated", "date": "2026-03-31", "layer_type": "liberated"}, "geometry": {"type": "Polygon", "coordinates": [[[32.396178, 51.470191], [32.489626, 51.506716], [32.457354, 51.569924], [32.230171, 51.553119], [31.84418, 51.598306], [31.823778, 51.563984], [32.087722, 51.489156], [32.164063, 51.423973], [32.306598, 51.326369], [32.36782, 51.267281], [32.339724, 51.222624], [32.141547, 51.183018], [32.085563, 51.119373], [32.120928, 51.07469], [32.415092, 51.087784], [32.389659, 50.98481], [32.248897, 50.976529], [32.112691, 50.948402], [32.123332, 50.928506], [32.194761, 50.931571], [32.263468, 50.944981], [32.523205, 50.957653], [32.532832, 50.938056], [32.520838, 50.888792], [32.573979, 50.811082], [32.504349, 50.760221], [32.438174, 50.73816], [32.424231, 50.704785], [32.318247, 50.688154], [32.304291, 50.67921], [32.333589, 50.666784], [32.373642, 50.674562], [32.434056, 50.680354], [32.438175, 50.690052], [32.456242, 50.714458], [32.540487, 50.7441], [32.611353, 50.777864], [32.679198, 50.785964], [32.714309, 50.781584], [32.805036, 50.809218], [32.813542, 50.80257], [32.78978, 50.788978], [32.79238, 50.780458], [32.785607, 50.771981], [32.800206, 50.762191], [32.81921, 50.749488], [32.814976, 50.725322], [32.791528, 50.708977], [32.751298, 50.699231], [32.750611, 50.671944], [32.700505, 50.666407], [32.641525, 50.654445], [32.610135, 50.628769], [32.680989, 50.630554], [32.690334, 50.647546], [32.727845, 50.658435], [32.760665, 50.661577], [32.80523, 50.669455], [32.870704, 50.668946], [32.91971, 50.676899], [32.956533, 50.687458], [33.008528, 50.689947], [33.04337, 50.702425], [33.108276, 50.711046], [33.181188, 50.726812], [33.239023, 50.73255], [33.233139, 50.736142], [33.19276, 50.735748], [33.113136, 50.722634], [33.070558, 50.715579], [32.998126, 50.701166], [32.930531, 50.695408], [32.876441, 50.67936], [32.812758, 50.679814], [32.784248, 50.677271], [32.780453, 50.688649], [32.823856, 50.70684], [32.850105, 50.741527], [32.82142, 50.770994], [32.82141, 50.789714], [32.841326, 50.799296], [32.827952, 50.815578], [32.958168, 50.845687], [33.043549, 50.838759], [33.112737, 50.8509], [33.124022, 50.826393], [33.153149, 50.82747], [33.157862, 50.856705], [33.200753, 50.862233], [33.196064, 50.875804], [33.126919, 50.921891], [33.127629, 50.939436], [33.119908, 50.942635], [33.08266, 50.943234], [33.063768, 50.962165], [32.972686, 50.94963], [32.921621, 50.974075], [33.016085, 51.016452], [33.038767, 51.020178], [33.071071, 51.031671], [33.082672, 51.030939], [33.092062, 51.013627], [33.13009, 51.005005], [33.147866, 51.01106], [33.169522, 51.052713], [33.240592, 51.084649], [33.293784, 51.046674], [33.380818, 51.042774], [33.383991, 51.079722], [33.427456, 51.153986], [33.298849, 51.208946], [33.179697, 51.176916], [33.102032, 51.187352], [33.023863, 51.170429], [32.977411, 51.127151], [32.962073, 51.152559], [32.827084, 51.273], [32.889489, 51.281912], [32.990732, 51.246806], [33.113522, 51.249191], [33.109196, 51.264504], [32.97763, 51.287614], [32.888805, 51.328701], [32.745265, 51.323117], [32.72344, 51.308938], [32.564996, 51.304777], [32.413493, 51.313961], [32.310315, 51.378989], [32.369143, 51.403717], [32.371664, 51.433102], [32.396178, 51.470191]]]}}, {"type": "Feature", "properties": {"name": "Liberated", "date": "2026-03-31", "layer_type": "liberated"}, "geometry": {"type": "Polygon", "coordinates": [[[34.157343, 50.387941], [34.126832, 50.373624], [34.132068, 50.35917], [34.143269, 50.357966], [34.154298, 50.359389], [34.173524, 50.357199], [34.225023, 50.373405], [34.246657, 50.379322], [34.28005, 50.37196], [34.282022, 50.360653], [34.297464, 50.360922], [34.303816, 50.366181], [34.350421, 50.362291], [34.356475, 50.35427], [34.386384, 50.349149], [34.467409, 50.298241], [34.497157, 50.296946], [34.52019, 50.3305], [34.533581, 50.346797], [34.551444, 50.366487], [34.590802, 50.371375], [34.630682, 50.404134], [34.656656, 50.416565], [34.711317, 50.417277], [34.716443, 50.444298], [34.71608, 50.491214], [34.739736, 50.497628], [34.767155, 50.495819], [34.802313, 50.492406], [34.837468, 50.486684], [34.918396, 50.473666], [34.926154, 50.489762], [34.942155, 50.490566], [34.946551, 50.488991], [34.965765, 50.498264], [34.961848, 50.510318], [34.955325, 50.524508], [34.948459, 50.538038], [34.951892, 50.548947], [34.961162, 50.568141], [34.960475, 50.599096], [34.935928, 50.603127], [34.930263, 50.614674], [34.907883, 50.626991], [34.870339, 50.633008], [34.876013, 50.640968], [34.893224, 50.642794], [34.895822, 50.650674], [34.888338, 50.660231], [34.868148, 50.662821], [34.861758, 50.6569], [34.868206, 50.650934], [34.855249, 50.642395], [34.83226, 50.636972], [34.813749, 50.645077], [34.785302, 50.637984], [34.785405, 50.625536], [34.768445, 50.607383], [34.754406, 50.586062], [34.729478, 50.589255], [34.68516, 50.602845], [34.679886, 50.617345], [34.64766, 50.627377], [34.636078, 50.641996], [34.656093, 50.659412], [34.681612, 50.665506], [34.694548, 50.669421], [34.695362, 50.675294], [34.698711, 50.681601], [34.6958, 50.68791], [34.69788, 50.695962], [34.683493, 50.699021], [34.669821, 50.710802], [34.620467, 50.721325], [34.595919, 50.667534], [34.586488, 50.631953], [34.588756, 50.611824], [34.541861, 50.612248], [34.512306, 50.604706], [34.497486, 50.587604], [34.512878, 50.57399], [34.4992, 50.560476], [34.494024, 50.546482], [34.490499, 50.533109], [34.469416, 50.520361], [34.474252, 50.502128], [34.456709, 50.504303], [34.409518, 50.513501], [34.402603, 50.50781], [34.388573, 50.504522], [34.382752, 50.505345], [34.372339, 50.505687], [34.360899, 50.508255], [34.350329, 50.504335], [34.328844, 50.497475], [34.319814, 50.490126], [34.309096, 50.477763], [34.302788, 50.471674], [34.292873, 50.468123], [34.281928, 50.462823], [34.275618, 50.458264], [34.262422, 50.455355], [34.227598, 50.45479], [34.202705, 50.449656], [34.175413, 50.439049], [34.179447, 50.432981], [34.202707, 50.43883], [34.226394, 50.418272], [34.229658, 50.409411], [34.219351, 50.404488], [34.190948, 50.380576], [34.173202, 50.379662], [34.157343, 50.387941]], [[34.358146, 50.432762], [34.370677, 50.448943], [34.387672, 50.46651], [34.375398, 50.464462], [34.30845, 50.444078], [34.285104, 50.447576], [34.233173, 50.444249], [34.217975, 50.441579], [34.247596, 50.424287], [34.282186, 50.415975], [34.328878, 50.423084], [34.338233, 50.430138], [34.358146, 50.432762]], [[34.400091, 50.500666], [34.392257, 50.501273], [34.381177, 50.501516], [34.372222, 50.501291], [34.365239, 50.499952], [34.348981, 50.496126], [34.329636, 50.490408], [34.314395, 50.475837], [34.308208, 50.465849], [34.301938, 50.45903], [34.315832, 50.455009], [34.334814, 50.460944], [34.357011, 50.464129], [34.369941, 50.469059], [34.391291, 50.474273], [34.415397, 50.487349], [34.411228, 50.498524], [34.405568, 50.499695], [34.400091, 50.500666]], [[34.422777, 50.46703], [34.421788, 50.459407], [34.416338, 50.451566], [34.404752, 50.452276], [34.392736, 50.457741], [34.36424, 50.424506], [34.347932, 50.415428], [34.286649, 50.403832], [34.253004, 50.41138], [34.227591, 50.401315], [34.20408, 50.38063], [34.25369, 50.387745], [34.283293, 50.379918], [34.316323, 50.377337], [34.347009, 50.369756], [34.392908, 50.358951], [34.465704, 50.313874], [34.475467, 50.321175], [34.491204, 50.315498], [34.509349, 50.341028], [34.505526, 50.344971], [34.512306, 50.355268], [34.527043, 50.36383], [34.536292, 50.372392], [34.540029, 50.378127], [34.570747, 50.383451], [34.574862, 50.398292], [34.573459, 50.416689], [34.589757, 50.41965], [34.594379, 50.403138], [34.62695, 50.420341], [34.639915, 50.426957], [34.693495, 50.425116], [34.691899, 50.465459], [34.682058, 50.472468], [34.697327, 50.500267], [34.681882, 50.509052], [34.664374, 50.511589], [34.646177, 50.521372], [34.625064, 50.540558], [34.60365, 50.550262], [34.585047, 50.552934], [34.569909, 50.562669], [34.534443, 50.567133], [34.510083, 50.563615], [34.500865, 50.549504], [34.501736, 50.542866], [34.505044, 50.535151], [34.497428, 50.526165], [34.489429, 50.513877], [34.497122, 50.499265], [34.494666, 50.487574], [34.455823, 50.487239], [34.422777, 50.46703]]]}}, {"type": "Feature", "properties": {"name": "Liberated", "date": "2026-03-31", "layer_type": "liberated"}, "geometry": {"type": "Polygon", "coordinates": [[[33.015058, 47.18036], [33.012526, 47.182558], [33.011882, 47.185107], [33.013014, 47.186328], [33.01376, 47.187462], [33.011871, 47.191013], [33.009361, 47.193604], [33.005884, 47.196269], [33.001829, 47.196415], [33.000906, 47.195941], [32.999984, 47.193444], [33.000091, 47.192668], [33.003739, 47.191924], [33.0042, 47.190925], [33.003052, 47.189926], [33.000445, 47.189664], [32.997666, 47.19083], [32.994083, 47.190743], [32.991444, 47.189693], [32.991079, 47.187681], [32.992098, 47.186937], [32.991486, 47.185566], [32.991679, 47.183255], [32.991057, 47.180345], [32.991615, 47.176611], [32.992624, 47.173402], [32.993681, 47.171714], [32.995166, 47.170025], [32.99603, 47.168206], [32.996054, 47.16696], [32.995456, 47.166021], [32.994598, 47.165481], [32.993471, 47.165452], [32.992264, 47.165948], [32.991725, 47.166211], [32.990769, 47.167122], [32.989705, 47.167874], [32.988525, 47.168589], [32.987839, 47.168778], [32.987549, 47.168399], [32.987458, 47.168012], [32.987648, 47.167491], [32.988836, 47.167064], [32.98955, 47.166433], [32.9904, 47.164972], [32.990746, 47.16314], [32.990966, 47.161517], [32.99099, 47.159873], [32.991116, 47.158438], [32.991827, 47.157663], [32.993711, 47.156476], [32.993997, 47.155633], [32.994064, 47.154889], [32.993926, 47.154029], [32.9936, 47.153598], [32.993037, 47.15335], [32.992368, 47.153318], [32.991409, 47.153599], [32.990039, 47.154489], [32.989151, 47.15531], [32.988392, 47.155738], [32.98769, 47.155957], [32.986995, 47.156045], [32.986322, 47.155929], [32.985684, 47.155623], [32.984762, 47.154049], [32.984571, 47.153227], [32.984508, 47.152785], [32.984772, 47.152363], [32.985236, 47.152065], [32.985958, 47.151825], [32.989993, 47.151551], [32.99154, 47.151153], [32.992743, 47.150419], [32.993696, 47.149203], [32.994605, 47.14768], [32.996038, 47.144314], [33.000695, 47.137581], [33.001618, 47.135899], [33.008508, 47.138722], [33.017566, 47.136602], [33.028539, 47.16231], [33.012362, 47.169577], [33.021548, 47.178735], [33.015058, 47.18036]]]}}, {"type": "Feature", "properties": {"name": "Liberated", "date": "2026-03-31", "layer_type": "liberated"}, "geometry": {"type": "Polygon", "coordinates": [[[31.84418, 51.598306], [31.895688, 51.687498], [31.9381, 51.71092], [31.9517, 51.733484], [32.020322, 51.701615], [32.088823, 51.653533], [32.107681, 51.677166], [32.057842, 51.747622], [32.134032, 51.762599], [32.278595, 51.738736], [32.30101, 51.722772], [32.324382, 51.721726], [32.371066, 51.693114], [32.456767, 51.604349], [32.457354, 51.569924], [32.489626, 51.506716], [32.539094, 51.521426], [32.550489, 51.55451], [32.521985, 51.568792], [32.556475, 51.596418], [32.584844, 51.673231], [32.740933, 51.737501], [32.887024, 51.774997], [33.033628, 51.898052], [33.184769, 51.996241], [33.22621, 51.991064], [33.238884, 51.987164], [33.256835, 51.974002], [33.248687, 51.931015], [33.263024, 51.919528], [33.27672, 51.924684], [33.271214, 51.937425], [33.27606, 51.941746], [33.288954, 51.945069], [33.302192, 51.938868], [33.308584, 51.945831], [33.320472, 51.948137], [33.32627, 51.941718], [33.336377, 51.943693], [33.33962, 51.949689], [33.321408, 51.958227], [33.286714, 51.95343], [33.270677, 51.992096], [33.26699, 51.995027], [33.267081, 51.997304], [33.264253, 51.997627], [33.251217, 51.993409], [33.245143, 51.992319], [33.232175, 51.996629], [33.240573, 52.009477], [33.206404, 52.016995], [33.247792, 52.085352], [33.312301, 52.192945], [33.302819, 52.354393], [33.231451, 52.36976], [33.215969, 52.254407], [33.150707, 52.230682], [33.162007, 52.177855], [33.206214, 52.138675], [33.158025, 52.068158], [33.079593, 51.999899], [32.888742, 51.903245], [32.739847, 51.814004], [32.708177, 51.888926], [32.73015, 52.073319], [32.670455, 52.145413], [32.649812, 52.185022], [32.674913, 52.271406], [32.658004, 52.280506], [32.636969, 52.287082], [32.622794, 52.296173], [32.606553, 52.304842], [32.584581, 52.231727], [32.526903, 52.158491], [32.59076, 52.123093], [32.577028, 52.079649], [32.486041, 52.049125], [32.481767, 52.010631], [32.565352, 52.012689], [32.571534, 51.984601], [32.557115, 51.917311], [32.447252, 51.899096], [32.257737, 51.846527], [32.180587, 51.790241], [32.005395, 51.79326], [31.970398, 51.839545], [31.939134, 51.86858], [31.873236, 51.885531], [31.866866, 51.89153], [31.872856, 51.916596], [31.887798, 51.936925], [31.855107, 51.971004], [31.870465, 52.021155], [31.836137, 52.050945], [31.81828, 52.076898], [31.805753, 52.100216], [31.796548, 52.103516], [31.793694, 52.108292], [31.791418, 52.108987], [31.787209, 52.111747], [31.785828, 52.112313], [31.780319, 52.111757], [31.772046, 52.111487], [31.766487, 52.109154], [31.762924, 52.106174], [31.74716, 52.103134], [31.759553, 52.077731], [31.765059, 52.002463], [31.729002, 51.997334], [31.639046, 51.955817], [31.612775, 51.976337], [31.509269, 52.120813], [31.49896, 52.11814], [31.489339, 52.116731], [31.476794, 52.118392], [31.464247, 52.121738], [31.461576, 52.124464], [31.461651, 52.12698], [31.455964, 52.130535], [31.455426, 52.138306], [31.451797, 52.140176], [31.442689, 52.139531], [31.466996, 52.094403], [31.472123, 52.046922], [31.517464, 51.99304], [31.587228, 51.934034], [31.564, 51.888263], [31.572221, 51.84571], [31.547443, 51.816317], [31.506889, 51.797221], [31.406073, 51.789413], [31.315679, 51.788409], [31.239934, 51.783254], [31.129645, 51.833078], [31.196452, 51.976872], [31.213362, 52.070286], [31.200767, 52.073963], [31.185424, 52.074261], [31.158854, 52.079918], [31.146009, 52.091059], [31.140025, 52.102198], [31.097153, 52.089444], [31.073665, 52.091497], [31.037821, 52.084261], [31.006664, 52.081231], [30.989244, 52.075665], [30.970362, 52.077454], [30.955246, 52.085246], [30.948372, 52.066131], [30.957976, 52.025063], [30.977056, 51.953313], [31.019464, 51.7953], [30.936725, 51.754091], [30.857762, 51.642165], [30.832903, 51.478969], [30.772277, 51.483804], [30.789922, 51.529125], [30.73726, 51.544487], [30.721121, 51.532532], [30.695112, 51.534295], [30.691081, 51.518115], [30.735264, 51.511372], [30.726336, 51.41555], [30.672779, 51.401416], [30.656296, 51.375282], [30.635698, 51.359954], [30.659042, 51.339696], [30.682386, 51.343985], [30.70779, 51.383425], [30.788811, 51.378712], [30.867084, 51.367996], [30.928878, 51.38471], [31.008174, 51.377904], [31.130053, 51.312661], [31.300659, 51.267571], [31.425373, 51.284159], [31.462359, 51.359081], [31.405904, 51.39842], [31.277956, 51.399981], [31.251026, 51.372208], [31.219313, 51.378712], [31.223432, 51.418122], [31.173306, 51.453434], [31.188412, 51.479952], [31.195783, 51.495124], [31.185664, 51.505008], [31.176738, 51.53017], [31.17854, 51.540652], [31.187555, 51.551988], [31.219065, 51.558091], [31.25195, 51.563118], [31.268087, 51.558208], [31.314335, 51.556021], [31.332767, 51.55041], [31.350455, 51.543253], [31.36488, 51.528383], [31.377236, 51.51217], [31.406202, 51.507446], [31.531, 51.538916], [31.563679, 51.541839], [31.658756, 51.545388], [31.692402, 51.550512], [31.754879, 51.551788], [31.823778, 51.563984], [31.84418, 51.598306]], [[31.820674, 51.642665], [31.849516, 51.705469], [31.906862, 51.76331], [31.934663, 51.783696], [31.921968, 51.81257], [31.886949, 51.830405], [31.877899, 51.845105], [31.769226, 51.860205], [31.770859, 51.76728], [31.703818, 51.70608], [31.631066, 51.706849], [31.590788, 51.686709], [31.588644, 51.644774], [31.572127, 51.586867], [31.62178, 51.575812], [31.69889, 51.582161], [31.765413, 51.583188], [31.820674, 51.642665]]]}}, {"type": "Feature", "properties": {"name": "Liberated", "date": "2026-03-31", "layer_type": "liberated"}, "geometry": {"type": "Polygon", "coordinates": [[[31.018194, 50.645272], [31.004775, 50.641526], [31.001976, 50.637953], [30.978547, 50.632104], [30.954373, 50.62649], [30.94517, 50.627452], [30.935697, 50.62719], [30.905944, 50.634606], [30.87923, 50.640713], [30.867452, 50.632938], [30.850874, 50.616233], [30.832364, 50.590996], [30.821229, 50.574956], [30.832995, 50.569769], [30.87189, 50.587689], [30.892232, 50.568249], [30.932136, 50.583897], [30.950725, 50.59913], [30.928801, 50.621336], [30.944593, 50.620936], [30.95833, 50.619859], [30.980652, 50.626502], [31.000574, 50.614929], [31.007791, 50.614136], [31.020888, 50.616324], [31.024915, 50.617276], [31.029029, 50.617628], [31.028636, 50.614386], [31.027557, 50.611144], [31.037275, 50.593378], [31.044642, 50.583614], [31.02903, 50.581654], [31.020631, 50.580893], [31.017982, 50.579641], [31.010281, 50.57899], [31.004664, 50.57845], [30.999783, 50.578243], [30.994655, 50.577391], [30.990924, 50.576122], [30.992428, 50.572512], [30.999338, 50.568682], [31.004661, 50.566243], [31.009125, 50.565766], [31.020841, 50.568589], [31.028502, 50.57049], [31.039339, 50.574626], [31.045553, 50.577283], [31.048076, 50.574925], [31.050717, 50.56743], [31.046215, 50.558981], [31.052951, 50.555367], [31.075759, 50.544349], [31.075217, 50.538348], [31.090607, 50.529182], [31.101812, 50.525032], [31.10978, 50.531223], [31.113113, 50.542105], [31.152605, 50.557302], [31.157732, 50.550579], [31.165028, 50.552249], [31.165115, 50.558609], [31.159454, 50.568766], [31.147954, 50.57805], [31.122477, 50.593777], [31.108147, 50.605032], [31.079728, 50.620204], [31.049579, 50.625129], [31.041621, 50.633016], [31.04468, 50.639354], [31.062676, 50.640466], [31.07131, 50.648126], [31.092466, 50.652809], [31.102019, 50.660591], [31.100962, 50.67014], [31.109704, 50.679049], [31.12257, 50.688392], [31.145398, 50.686215], [31.165414, 50.668888], [31.171811, 50.655434], [31.183694, 50.634142], [31.199989, 50.632565], [31.263074, 50.623545], [31.289388, 50.645601], [31.20479, 50.647382], [31.189002, 50.67338], [31.144481, 50.716284], [31.131715, 50.718827], [31.116202, 50.709412], [31.091697, 50.721881], [31.046865, 50.744584], [31.042229, 50.740022], [31.123728, 50.69807], [31.116133, 50.694264], [31.085758, 50.675204], [31.085606, 50.660492], [31.052962, 50.66998], [31.045337, 50.661396], [31.047154, 50.654281], [31.02903, 50.648232], [31.018194, 50.645272]]]}}, {"type": "Feature", "properties": {"name": "Liberated", "date": "2026-03-31", "layer_type": "liberated"}, "geometry": {"type": "Polygon", "coordinates": [[[36.027466, 47.543067], [36.021299, 47.526801], [36.034005, 47.532602], [36.057075, 47.537115], [36.06539, 47.558671], [36.081698, 47.578255], [36.092287, 47.579804], [36.099497, 47.58212], [36.082356, 47.592317], [36.068623, 47.594517], [36.038507, 47.602226], [36.01486, 47.625052], [35.965796, 47.618708], [36.018841, 47.585486], [36.038582, 47.556996], [36.027466, 47.543067]]]}}, {"type": "Feature", "properties": {"name": "Liberated", "date": "2026-03-31", "layer_type": "liberated"}, "geometry": {"type": "Polygon", "coordinates": [[[36.6177072, 48.0765598], [36.6337576, 48.0820647], [36.6348734, 48.0873971], [36.6387358, 48.0906077], [36.6447871, 48.0902352], [36.6515245, 48.0860784], [36.6528978, 48.0877411], [36.6660299, 48.0871678], [36.6687765, 48.0896905], [36.6765871, 48.0896905], [36.6787795, 48.0969445], [36.6555585, 48.1024739], [36.6470658, 48.0998989], [36.6373246, 48.1005018], [36.6135015, 48.0938182], [36.6083236, 48.0886264], [36.6177072, 48.0765598]]]}}, {"type": "Feature", "properties": {"name": "Liberated", "date": "2026-03-31", "layer_type": "liberated"}, "geometry": {"type": "Polygon", "coordinates": [[[34.004039, 51.279013], [34.005069, 51.486856], [33.95769, 51.725029], [34.077572, 51.763922], [34.124117, 51.798506], [34.195357, 51.822592], [34.253966, 51.831992], [34.284439, 51.840103], [34.32989, 51.868699], [34.328318, 51.869058], [34.329764, 51.87067], [34.327884, 51.871524], [34.326475, 51.873112], [34.326184, 51.875204], [34.325549, 51.876084], [34.325142, 51.87633], [34.323968, 51.876622], [34.323008, 51.876914], [34.321003, 51.877894], [34.31948, 51.879148], [34.260311, 51.855878], [34.243766, 51.859407], [34.032116, 51.798661], [33.177538, 51.454676], [33.123624, 51.397233], [33.13037, 51.356001], [33.128221, 51.277231], [33.109196, 51.264504], [33.113522, 51.249191], [33.168515, 51.267325], [33.208755, 51.250997], [33.205029, 51.24796], [33.203617, 51.242452], [33.17341, 51.240536], [33.17322, 51.239297], [33.192076, 51.240022], [33.204153, 51.241283], [33.204701, 51.239264], [33.207931, 51.237286], [33.209069, 51.237978], [33.20651, 51.239824], [33.205668, 51.241993], [33.20716, 51.247404], [33.210486, 51.24998], [33.212934, 51.248361], [33.220631, 51.247525], [33.225758, 51.251963], [33.230923, 51.251488], [33.231197, 51.252302], [33.225048, 51.252963], [33.219852, 51.249107], [33.215383, 51.249453], [33.176126, 51.26942], [33.221196, 51.331206], [33.299846, 51.423809], [33.623157, 51.602287], [33.8492, 51.684817], [33.83439, 51.411005], [33.824536, 51.391561], [33.831894, 51.364208], [33.799583, 51.352659], [33.796995, 51.340235], [33.788231, 51.328668], [33.798162, 51.323767], [33.807576, 51.323584], [33.801815, 51.311489], [33.811578, 51.290525], [33.814625, 51.275222], [33.829631, 51.242489], [33.298849, 51.208946], [33.427456, 51.153986], [33.383991, 51.079722], [33.835124, 50.952717], [34.368586, 50.90713], [34.394782, 50.877913], [34.383992, 50.8459], [34.36195, 50.814838], [34.312586, 50.808255], [34.259794, 50.810545], [34.147822, 50.841848], [34.054751, 50.826796], [33.962478, 50.830187], [33.89461, 50.843394], [33.858246, 50.836183], [33.834993, 50.837468], [33.807721, 50.826513], [33.761934, 50.813256], [33.740016, 50.810048], [33.707929, 50.807294], [33.667888, 50.787727], [33.573876, 50.788094], [33.550237, 50.786913], [33.530736, 50.753817], [33.516889, 50.741738], [33.514685, 50.741714], [33.497762, 50.740168], [33.495627, 50.744653], [33.493069, 50.751871], [33.485975, 50.751238], [33.481591, 50.75096], [33.480634, 50.752906], [33.476572, 50.753065], [33.470388, 50.753266], [33.465579, 50.75661], [33.445866, 50.754904], [33.438512, 50.758734], [33.418111, 50.763431], [33.403188, 50.766429], [33.391441, 50.76644], [33.375955, 50.764341], [33.346742, 50.755289], [33.310984, 50.748903], [33.270379, 50.746104], [33.233139, 50.736142], [33.239023, 50.73255], [33.272761, 50.740133], [33.325734, 50.742485], [33.37254, 50.7546], [33.397391, 50.763663], [33.417618, 50.760447], [33.431663, 50.757229], [33.443475, 50.75314], [33.456602, 50.753328], [33.465311, 50.755729], [33.4693, 50.753242], [33.469516, 50.752674], [33.475979, 50.752255], [33.479334, 50.752165], [33.479974, 50.750817], [33.480402, 50.750198], [33.483533, 50.750284], [33.48413, 50.748502], [33.485533, 50.74296], [33.493721, 50.738768], [33.509992, 50.731453], [33.508718, 50.705518], [33.503531, 50.684222], [33.49828, 50.669647], [33.467094, 50.653543], [33.460982, 50.642007], [33.472033, 50.640269], [33.510276, 50.666286], [33.512076, 50.680327], [33.527797, 50.727332], [33.524758, 50.734004], [33.568908, 50.755682], [33.680385, 50.777703], [33.725282, 50.797162], [33.740074, 50.796426], [33.777608, 50.806935], [33.818906, 50.815557], [33.848134, 50.821841], [33.866861, 50.817475], [33.95789, 50.825812], [34.017839, 50.817093], [34.05989, 50.820837], [34.138814, 50.835389], [34.271893, 50.802106], [34.313513, 50.801039], [34.3564, 50.805899], [34.376189, 50.811015], [34.41577, 50.862431], [34.411354, 50.883346], [34.389934, 50.907709], [34.661845, 50.905977], [34.7342, 50.878582], [34.747727, 50.893676], [34.746155, 50.933454], [34.719708, 50.949739], [34.716593, 50.96624], [34.758541, 50.966293], [34.784633, 50.979264], [34.927455, 50.952453], [34.908382, 50.929259], [34.883149, 50.912552], [34.891195, 50.909477], [34.913415, 50.918328], [34.943899, 50.951844], [35.127956, 50.985316], [35.243312, 50.950723], [35.296871, 50.998282], [35.277313, 51.044714], [35.235073, 51.034567], [35.011226, 51.019884], [34.898616, 50.987045], [34.824459, 51.005196], [34.852152, 51.075838], [34.91255, 51.063583], [34.985134, 51.07255], [34.980691, 51.0987038], [34.9656051, 51.0994071], [34.9538281, 51.1056961], [34.932948, 51.088079], [34.7915, 51.09498], [34.717699, 51.063988], [34.703672, 51.057573], [34.65623, 51.068217], [34.634054, 51.058972], [34.58832, 51.036088], [34.345412, 51.158015], [34.313955, 51.238807], [34.305236, 51.238327], [34.29761, 51.242307], [34.295973, 51.153709], [34.205912, 51.21325], [34.04016, 51.256919], [34.115925, 51.27361], [34.206756, 51.259601], [34.224882, 51.265254], [34.230809, 51.27185], [34.235576, 51.27504], [34.246523, 51.276298], [34.25085, 51.2755], [34.254527, 51.282068], [34.243533, 51.284546], [34.124295, 51.299563], [34.072229, 51.299319], [34.004039, 51.279013]], [[33.500041, 51.128867], [33.656596, 51.078853], [34.571208, 51.000274], [34.411461, 51.06651], [34.314154, 51.13363], [34.278121, 51.111482], [34.189433, 51.17366], [33.648356, 51.178826], [33.500041, 51.128867]]]}}, {"type": "Feature", "properties": {"name": "Liberated", "date": "2026-03-31", "layer_type": "liberated"}, "geometry": {"type": "Polygon", "coordinates": [[[33.142955, 47.209805], [33.141724, 47.208429], [33.140766, 47.208382], [33.139686, 47.208038], [33.139189, 47.207166], [33.13761, 47.205739], [33.13652, 47.20555], [33.135902, 47.205857], [33.134222, 47.205764], [33.133639, 47.204959], [33.131802, 47.203273], [33.130627, 47.202839], [33.131602, 47.201016], [33.134771, 47.196804], [33.091243, 47.18206], [33.069525, 47.175645], [33.047641, 47.170275], [33.028539, 47.16231], [33.017566, 47.136602], [33.008508, 47.138722], [33.001618, 47.135899], [33.001672, 47.133888], [33.002235, 47.132634], [33.002391, 47.131541], [33.006585, 47.13005], [33.015179, 47.128425], [33.040762, 47.120659], [33.051844, 47.11797], [33.075743, 47.112922], [33.098847, 47.121375], [33.108905, 47.117912], [33.131326, 47.16619], [33.160134, 47.191439], [33.158525, 47.20139], [33.159992, 47.202726], [33.147475, 47.208662], [33.142955, 47.209805]]]}}, {"type": "Feature", "properties": {"name": "Liberated", "date": "2026-03-31", "layer_type": "liberated"}, "geometry": {"type": "Polygon", "coordinates": [[[36.534777, 50.235131], [36.530919, 50.233554], [36.5182, 50.223591], [36.49337, 50.210498], [36.481944, 50.214951], [36.47563, 50.216064], [36.459014, 50.222558], [36.458867, 50.228366], [36.464715, 50.229073], [36.466444, 50.230549], [36.468899, 50.237302], [36.466916, 50.242394], [36.460157, 50.246224], [36.451698, 50.247353], [36.445819, 50.243322], [36.437452, 50.244915], [36.428055, 50.247111], [36.405602, 50.253458], [36.400655, 50.253404], [36.391696, 50.26417], [36.384235, 50.275896], [36.378047, 50.293766], [36.363798, 50.287487], [36.361267, 50.287267], [36.354359, 50.28878], [36.330927, 50.289563], [36.297283, 50.292242], [36.299213, 50.299103], [36.286379, 50.29859], [36.285392, 50.3041], [36.28492, 50.305855], [36.276809, 50.31742], [36.280414, 50.323065], [36.274363, 50.323996], [36.285049, 50.334955], [36.27266, 50.343498], [36.255507, 50.355365], [36.241996, 50.358383], [36.233948, 50.363735], [36.231199, 50.371345], [36.214289, 50.383524], [36.202362, 50.396405], [36.185053, 50.406603], [36.177077, 50.401618], [36.169706, 50.410418], [36.160795, 50.431777], [36.135718, 50.437679], [36.117806, 50.438314], [36.103819, 50.441913], [36.089995, 50.42441], [36.064508, 50.410881], [36.038004, 50.400407], [36.040718, 50.387073], [36.055099, 50.370236], [36.080633, 50.378134], [36.09725, 50.386031], [36.170677, 50.347212], [36.1548, 50.332204], [36.127233, 50.324833], [36.131612, 50.314904], [36.127235, 50.292689], [36.143543, 50.285012], [36.157912, 50.25853], [36.151524, 50.234866], [36.152263, 50.230433], [36.147522, 50.223522], [36.142962, 50.219958], [36.140122, 50.213759], [36.138071, 50.207708], [36.14426, 50.203195], [36.157359, 50.196396], [36.143993, 50.161544], [36.147112, 50.146484], [36.156056, 50.140889], [36.185479, 50.144311], [36.219742, 50.154364], [36.231807, 50.151804], [36.23563, 50.143964], [36.25004, 50.12918], [36.343308, 50.086029], [36.331558, 50.076801], [36.367392, 50.04465], [36.426986, 50.015328], [36.465936, 50.001867], [36.484806, 49.988741], [36.484436, 49.928808], [36.501945, 49.929692], [36.554986, 49.999718], [36.577907, 50.046777], [36.748092, 50.029576], [36.765365, 50.019193], [36.806033, 50.028556], [36.821809, 50.028071], [36.83281, 50.021629], [36.893564, 50.002815], [36.889392, 49.976236], [36.902756, 49.950029], [36.956602, 49.926131], [37.00599, 49.916801], [36.980847, 49.881834], [36.977328, 49.874976], [36.962651, 49.865516], [37.003922, 49.84241], [36.985628, 49.83345], [36.977347, 49.83583], [36.898315, 49.81217], [36.88954, 49.805319], [36.892781, 49.799576], [36.924642, 49.789997], [36.885113, 49.758278], [36.848819, 49.732378], [36.836826, 49.732819], [36.827066, 49.7271], [36.819967, 49.724488], [36.813178, 49.724056], [36.802834, 49.725592], [36.798374, 49.721615], [36.797559, 49.714568], [36.786081, 49.69639], [36.763628, 49.682207], [36.731829, 49.667096], [36.72903, 49.655091], [36.727545, 49.640864], [36.735499, 49.620856], [36.763476, 49.6012], [36.792955, 49.549719], [36.787435, 49.475942], [36.825656, 49.407425], [36.828982, 49.407258], [36.838362, 49.405167], [36.889473, 49.380918], [36.918696, 49.387324], [37.004757, 49.380762], [37.00635, 49.376419], [37.025847, 49.37957], [37.030459, 49.379633], [37.037218, 49.380374], [37.042818, 49.379689], [37.044583, 49.3797], [37.046949, 49.38052], [37.049894, 49.380615], [37.051098, 49.38113], [37.051273, 49.381952], [37.052571, 49.383063], [37.055934, 49.383066], [37.058096, 49.383517], [37.061133, 49.383063], [37.067001, 49.380486], [37.078139, 49.370929], [37.080595, 49.368107], [37.081206, 49.365703], [37.074382, 49.351843], [37.073436, 49.350572], [37.07533, 49.348605], [37.076786, 49.336826], [37.040377, 49.31594], [37.015192, 49.296768], [37.010956, 49.296959], [37.008663, 49.300027], [37.008767, 49.301833], [37.006726, 49.303024], [37.002324, 49.303151], [36.992343, 49.302494], [36.985771, 49.299614], [36.977439, 49.303559], [36.964647, 49.298004], [36.961039, 49.300899], [36.949379, 49.294386], [36.953079, 49.290233], [36.951667, 49.283454], [36.931976, 49.275386], [36.923714, 49.276146], [36.924808, 49.2689], [36.936459, 49.254596], [36.946385, 49.227855], [36.944993, 49.222884], [36.937422, 49.216231], [36.931208, 49.215372], [36.932977, 49.212157], [36.930884, 49.204121], [36.92571, 49.20135], [36.92682, 49.197773], [36.926699, 49.196107], [36.923965, 49.194628], [36.923548, 49.191354], [36.92138, 49.189485], [36.923008, 49.18569], [36.928262, 49.178375], [36.945849, 49.177117], [36.950005, 49.182607], [36.965988, 49.181087], [36.97064, 49.17216], [36.99928, 49.181878], [37.040898, 49.166771], [37.038802, 49.144278], [36.996912, 49.129848], [36.966721, 49.105969], [36.985286, 49.096324], [37.008592, 49.099708], [37.030531, 49.107583], [37.078471, 49.091907], [37.087397, 49.057497], [37.09289, 49.050522], [37.136179, 49.046841], [37.174926, 49.033482], [37.176318, 49.007977], [37.252535, 48.982748], [37.356566, 48.991374], [37.411836, 48.986467], [37.433468, 49.002459], [37.526361, 49.012161], [37.536518, 49.022019], [37.567264, 49.0302], [37.578447, 49.037588], [37.601166, 49.045861], [37.621885, 49.046057], [37.628552, 49.038965], [37.65995, 49.033674], [37.66285, 49.03142], [37.663418, 49.029101], [37.660123, 49.026473], [37.655852, 49.0242], [37.655106, 49.021872], [37.656849, 49.020502], [37.661966, 49.020998], [37.667318, 49.019748], [37.666749, 49.015347], [37.649838, 49.010266], [37.646834, 49.00417], [37.643732, 49.003855], [37.639729, 49.006383], [37.630298, 49.000549], [37.623529, 48.995194], [37.625064, 48.992935], [37.627487, 48.992152], [37.632312, 48.99351], [37.634968, 48.992113], [37.632425, 48.988292], [37.627308, 48.985822], [37.633235, 48.983779], [37.634598, 48.981098], [37.630125, 48.974558], [37.628474, 48.968547], [37.626032, 48.96678], [37.618103, 48.967105], [37.615252, 48.96527], [37.614849, 48.962704], [37.627306, 48.955267], [37.63178, 48.95479], [37.636864, 48.949073], [37.659405, 48.944537], [37.663164, 48.945142], [37.665945, 48.943726], [37.674047, 48.943718], [37.682699, 48.947662], [37.690064, 48.949182], [37.695585, 48.957832], [37.699562, 48.958873], [37.704441, 48.957591], [37.706656, 48.95603], [37.70959, 48.95648], [37.712112, 48.953601], [37.711659, 48.95129], [37.722837, 48.953403], [37.72545, 48.952275], [37.725957, 48.950018], [37.723794, 48.947026], [37.725818, 48.943692], [37.728409, 48.941983], [37.740025, 48.93772], [37.766726, 48.919856], [37.768356, 48.908984], [37.767794, 48.901918], [37.760583, 48.895254], [37.764475, 48.894053], [37.764204, 48.891187], [37.758169, 48.88963], [37.761376, 48.887985], [37.765217, 48.883228], [37.767828, 48.88188], [37.776233, 48.884363], [37.780175, 48.888171], [37.788662, 48.892881], [37.819717, 48.895043], [37.837514, 48.891637], [37.839562, 48.891601], [37.843176, 48.888646], [37.847453, 48.886872], [37.851525, 48.885972], [37.857465, 48.885692], [37.858898, 48.886109], [37.859989, 48.887006], [37.861655, 48.887077], [37.863905, 48.886281], [37.864824, 48.884919], [37.8645, 48.883745], [37.863576, 48.883107], [37.8616, 48.882468], [37.861126, 48.88152], [37.863246, 48.88061], [37.867041, 48.879814], [37.869655, 48.878114], [37.873813, 48.877204], [37.8802, 48.877317], [37.884206, 48.879011], [37.884674, 48.8811], [37.882761, 48.882511], [37.882264, 48.88515], [37.883162, 48.885913], [37.886289, 48.886607], [37.889696, 48.886751], [37.89233, 48.888136], [37.894621, 48.888816], [37.896895, 48.888618], [37.899683, 48.887912], [37.901357, 48.886303], [37.903653, 48.884807], [37.902988, 48.882747], [37.900949, 48.881534], [37.900627, 48.880363], [37.901678, 48.878909], [37.905283, 48.878034], [37.907215, 48.879135], [37.910862, 48.880207], [37.914296, 48.879643], [37.918244, 48.880588], [37.9120854, 48.8878266], [37.9161388, 48.8975402], [37.902432, 48.8991602], [37.8801558, 48.90441], [37.8442415, 48.9115211], [37.8442347, 48.92487], [37.861652, 48.9408098], [37.8705467, 48.9512797], [37.8604697, 48.9557719], [37.8539832, 48.9646572], [37.8488942, 48.9683382], [37.8410988, 48.9689486], [37.8368577, 48.9711694], [37.8376125, 48.9714911], [37.8400069, 48.9711448], [37.8418005, 48.9715873], [37.8525598, 48.9719065], [37.8649036, 48.9724882], [37.8791218, 48.9748926], [37.8908546, 48.9822552], [37.9199287, 48.9830795], [37.9173282, 49.0046278], [37.8537172, 49.0059445], [37.837014, 49.0194348], [37.8468586, 49.0240407], [37.8597928, 49.0182889], [37.918909, 49.025077], [37.91526, 49.035048], [37.919981, 49.040808], [37.939205, 49.049626], [37.936457, 49.056052], [37.918429, 49.071037], [37.913369, 49.078324], [37.890314, 49.075562], [37.8686, 49.06818], [37.856155, 49.074966], [37.8408763, 49.0731336], [37.8210429, 49.0659738], [37.781019, 49.065942], [37.756338, 49.060232], [37.7272603, 49.0586718], [37.7315781, 49.0520369], [37.7255964, 49.0483269], [37.7053929, 49.0593557], [37.7060963, 49.0682547], [37.71306, 49.079168], [37.716627, 49.0871531], [37.7095367, 49.0855519], [37.6874258, 49.0874358], [37.680884, 49.0915408], [37.6758028, 49.1007745], [37.6729482, 49.114513], [37.6808834, 49.1270976], [37.6986477, 49.1367112], [37.7163289, 49.1308804], [37.7226363, 49.134989], [37.7410466, 49.1321328], [37.745165, 49.134192], [37.745097, 49.137323], [37.74131, 49.140806], [37.747388, 49.147149], [37.750486, 49.15421], [37.76123, 49.162937], [37.7452961, 49.1707599], [37.746763, 49.178811], [37.754069, 49.182456], [37.759846, 49.18666], [37.776945, 49.183698], [37.783406, 49.188819], [37.796255, 49.186043], [37.795972, 49.184165], [37.805704, 49.181754], [37.812294, 49.186468], [37.800585, 49.194774], [37.771324, 49.203977], [37.77901, 49.210822], [37.806265, 49.203982], [37.836973, 49.20173], [37.851759, 49.197487], [37.865991, 49.198138], [37.883657, 49.196095], [37.884114, 49.201147], [37.874873, 49.205245], [37.878352, 49.212347], [37.880908, 49.21741], [37.87531, 49.221353], [37.87403, 49.227311], [37.88615, 49.230819], [37.913841, 49.228596], [37.911384, 49.244321], [37.918025, 49.248896], [37.934856, 49.246172], [37.9435413, 49.2505301], [37.9696888, 49.2508738], [37.974464, 49.256484], [37.9832, 49.257987], [37.993996, 49.256464], [38.006649, 49.265902], [37.999282, 49.269851], [38.004782, 49.27611], [38.008605, 49.281031], [38.007708, 49.283992], [38.00592, 49.284274], [38.003059, 49.282344], [38.00273, 49.280419], [37.997265, 49.281103], [37.993373, 49.279225], [37.98164, 49.279834], [37.972763, 49.276573], [37.956642, 49.286681], [37.95276, 49.292887], [37.949082, 49.299019], [37.949093, 49.302465], [37.955726, 49.302584], [37.959013, 49.311026], [37.957845, 49.317449], [37.961914, 49.322194], [37.962286, 49.325838], [37.961284, 49.329427], [37.957687, 49.332292], [37.951971, 49.332689], [37.946512, 49.3337], [37.941002, 49.335679], [37.938926, 49.339], [37.936248, 49.344945], [37.936281, 49.34811], [37.942194, 49.351595], [37.943644, 49.35385], [37.949033, 49.357045], [37.949442, 49.359486], [37.948223, 49.360949], [37.94581, 49.361937], [37.935243, 49.36184], [37.938992, 49.369784], [37.935199, 49.370826], [37.934023, 49.374131], [37.929778, 49.376402], [37.908238, 49.371913], [37.902268, 49.375326], [37.874924, 49.372197], [37.862893, 49.372979], [37.857654, 49.370409], [37.853662, 49.370241], [37.843661, 49.372868], [37.84331, 49.38449], [37.814782, 49.384433], [37.7694306, 49.4003537], [37.7655493, 49.3953382], [37.7109544, 49.4130493], [37.6779749, 49.4080459], [37.666622, 49.4191209], [37.6513219, 49.4396275], [37.6614262, 49.4465151], [37.6850251, 49.4669086], [37.7366809, 49.4636252], [37.751935, 49.4713033], [37.7422374, 49.4800924], [37.723474, 49.492968], [37.71964, 49.507401], [37.710562, 49.506967], [37.696588, 49.498335], [37.690427, 49.501074], [37.693722, 49.512905], [37.69053, 49.526754], [37.692556, 49.542023], [37.697106, 49.55227], [37.699033, 49.556859], [37.701465, 49.559861], [37.707792, 49.560963], [37.713214, 49.563771], [37.723184, 49.565966], [37.739396, 49.572306], [37.760918, 49.571969], [37.770143, 49.573801], [37.777498, 49.587956], [37.78271, 49.597044], [37.776128, 49.605085], [37.791781, 49.611058], [37.8222666, 49.6214009], [37.8091384, 49.6432389], [37.7866012, 49.6390858], [37.7678424, 49.6391533], [37.7565296, 49.6472726], [37.7372311, 49.6527197], [37.7042874, 49.6322504], [37.6986339, 49.6315746], [37.6984734, 49.6344566], [37.7202258, 49.6593208], [37.7472521, 49.6575869], [37.7591599, 49.6660646], [37.768926, 49.6764704], [37.7867035, 49.6929877], [37.780721, 49.713154], [37.7668132, 49.7220716], [37.7308234, 49.7255058], [37.7223094, 49.7195513], [37.7028104, 49.7209199], [37.6871229, 49.7317233], [37.6877076, 49.7455354], [37.6932808, 49.7578005], [37.687694, 49.759641], [37.681058, 49.758994], [37.677718, 49.761138], [37.674272, 49.762351], [37.67139, 49.764022], [37.663942, 49.765838], [37.660486, 49.767442], [37.6495761, 49.7625868], [37.6498743, 49.7507249], [37.6341256, 49.7382572], [37.623658, 49.7208424], [37.6231944, 49.7193945], [37.6237334, 49.714144], [37.6219251, 49.708671], [37.6168622, 49.7098785], [37.6095143, 49.7095109], [37.6096735, 49.7125747], [37.6008585, 49.7161458], [37.5931655, 49.7204694], [37.6023832, 49.7254305], [37.6150203, 49.7272898], [37.6165154, 49.7257605], [37.6201562, 49.7257847], [37.6240903, 49.7282187], [37.619943, 49.73697], [37.6268228, 49.7417393], [37.6216966, 49.7492823], [37.628317, 49.7565282], [37.6249692, 49.7615191], [37.6249691, 49.7717753], [37.6211396, 49.7740164], [37.6129042, 49.7770229], [37.589094, 49.789718], [37.594148, 49.797455], [37.59202, 49.810838], [37.592846, 49.822236], [37.597208, 49.826494], [37.606386, 49.826107], [37.610638, 49.82416], [37.616135, 49.83053], [37.620242, 49.831936], [37.621445, 49.839016], [37.627162, 49.863371], [37.633314, 49.871547], [37.644494, 49.872124], [37.644603, 49.892198], [37.663166, 49.891862], [37.671273, 49.885082], [37.681256, 49.89759], [37.701435, 49.894755], [37.709912, 49.896518], [37.710149, 49.902345], [37.720493, 49.90261], [37.729163, 49.901427], [37.737906, 49.903005], [37.742464, 49.910759], [37.745617, 49.91625], [37.755638, 49.920631], [37.759997, 49.926], [37.753285, 49.929935], [37.744289, 49.949866], [37.726825, 49.95469], [37.723481, 49.964117], [37.741427, 49.970256], [37.7593581, 49.9909979], [37.7656588, 50.0051126], [37.7669154, 50.0208659], [37.7572989, 50.0313233], [37.7202058, 50.0427098], [37.6936401, 50.0540653], [37.6772214, 50.0663909], [37.6556012, 50.0933352], [37.649604, 50.111127], [37.629467, 50.111939], [37.619175, 50.120232], [37.612229, 50.13034], [37.600773, 50.137281], [37.589252, 50.135858], [37.58099, 50.146536], [37.590559, 50.150291], [37.60279, 50.167464], [37.614861, 50.178036], [37.639847, 50.181424], [37.6436, 50.190866], [37.614813, 50.216982], [37.627239, 50.242089], [37.626422, 50.29285], [37.628849, 50.296506], [37.638036, 50.302533], [37.635559, 50.31125], [37.629797, 50.313827], [37.608628, 50.316499], [37.595027, 50.316211], [37.585698, 50.314359], [37.576876, 50.306363], [37.555443, 50.32965], [37.52128, 50.336408], [37.505887, 50.352039], [37.485066, 50.356759], [37.48231, 50.36271], [37.473198, 50.368613], [37.466142, 50.382672], [37.4666602, 50.4071368], [37.4637443, 50.4160648], [37.4579078, 50.4157914], [37.4215695, 50.4294867], [37.3899555, 50.4235022], [37.3758137, 50.4290728], [37.376938, 50.432749], [37.352533, 50.437457], [37.332204, 50.436971], [37.319686, 50.432835], [37.310122, 50.426412], [37.309135, 50.423059], [37.299616, 50.406164], [37.292321, 50.4012], [37.264421, 50.39402], [37.257897, 50.390997], [37.256017, 50.392596], [37.222262, 50.37928], [37.223336, 50.377942], [37.196816, 50.369164], [37.183669, 50.363709], [37.16087, 50.358836], [37.149026, 50.355824], [37.13834, 50.360998], [37.103256, 50.357316], [37.105509, 50.351607], [37.073835, 50.3469], [37.0685137, 50.3437638], [37.0541395, 50.3436514], [37.0531983, 50.3368624], [37.0515056, 50.3330154], [37.0471515, 50.329552], [37.056773, 50.324852], [37.057507, 50.320256], [37.054636, 50.315551], [37.0369172, 50.3097476], [37.0267541, 50.3035033], [37.0129089, 50.30209], [36.9931624, 50.294113], [36.9800561, 50.2777961], [36.9532713, 50.2541874], [36.9518668, 50.2435893], [36.9393207, 50.2364782], [36.9309022, 50.2357765], [36.9280658, 50.2390488], [36.9387048, 50.2421566], [36.9372584, 50.2453618], [36.9260636, 50.2438907], [36.9248431, 50.2466131], [36.9299834, 50.2480292], [36.9315195, 50.2543849], [36.9268096, 50.2546691], [36.9222662, 50.2498434], [36.9109623, 50.2499731], [36.9041738, 50.2375567], [36.8919396, 50.2384297], [36.8938042, 50.2282419], [36.8986478, 50.2193794], [36.8979702, 50.2127697], [36.8901692, 50.212531], [36.8911319, 50.2206214], [36.8876013, 50.2281568], [36.8813909, 50.2350842], [36.8663947, 50.2330157], [36.8438826, 50.2278474], [36.8404487, 50.2324275], [36.8424251, 50.2420138], [36.829471, 50.244615], [36.80304, 50.242051], [36.777128, 50.238494], [36.761082, 50.244326], [36.74297, 50.256961], [36.704035, 50.264214], [36.700968, 50.264237], [36.694639, 50.269088], [36.691271, 50.268472], [36.688761, 50.266868], [36.682936, 50.257028], [36.684064, 50.250425], [36.679584, 50.237823], [36.66411, 50.222172], [36.648031, 50.217714], [36.640062, 50.222317], [36.615239, 50.227921], [36.613489, 50.223726], [36.588201, 50.221893], [36.578435, 50.224435], [36.569525, 50.230051], [36.540338, 50.234994], [36.534777, 50.235131]]]}}, {"type": "Feature", "properties": {"name": "Liberated", "date": "2026-03-31", "layer_type": "liberated"}, "geometry": {"type": "Polygon", "coordinates": [[[37.030459, 49.379633], [37.032091, 49.375233], [37.038485, 49.373836], [37.045964, 49.368058], [37.053956, 49.361273], [37.057228, 49.35487], [37.063246, 49.352212], [37.073436, 49.350572], [37.074382, 49.351843], [37.081206, 49.365703], [37.080595, 49.368107], [37.078139, 49.370929], [37.074942, 49.373668], [37.067001, 49.380486], [37.061133, 49.383063], [37.058096, 49.383517], [37.055934, 49.383066], [37.052571, 49.383063], [37.051273, 49.381952], [37.051098, 49.38113], [37.049894, 49.380615], [37.046949, 49.38052], [37.044583, 49.3797], [37.042818, 49.379689], [37.037218, 49.380374], [37.030459, 49.379633]]]}}, {"type": "Feature", "properties": {"name": "Liberated", "date": "2026-03-31", "layer_type": "liberated"}, "geometry": {"type": "Polygon", "coordinates": [[[35.916712, 47.495457], [35.873586, 47.498832], [35.871024, 47.496852], [35.851167, 47.498208], [35.84925, 47.496112], [35.826621, 47.497502], [35.808725, 47.496806], [35.806108, 47.494203], [35.804865, 47.490903], [35.797483, 47.491193], [35.799415, 47.48026], [35.81246, 47.484956], [35.82707, 47.486131], [35.839104, 47.480344], [35.891493, 47.477653], [35.914422, 47.487795], [35.916712, 47.495457]]]}}, {"type": "Feature", "properties": {"name": "Liberated", "date": "2026-03-31", "layer_type": "liberated"}, "geometry": {"type": "Polygon", "coordinates": [[[32.71354, 46.665026], [32.693713, 46.660254], [32.680495, 46.65616], [32.665174, 46.650357], [32.654335, 46.643761], [32.658355, 46.643822], [32.672038, 46.65051], [32.698022, 46.658625], [32.719205, 46.661079], [32.722156, 46.658665], [32.725937, 46.659043], [32.728898, 46.656098], [32.736223, 46.656383], [32.758354, 46.662029], [32.780463, 46.664692], [32.797264, 46.668756], [32.807543, 46.673113], [32.825477, 46.675522], [32.826933, 46.677577], [32.824662, 46.678657], [32.811638, 46.675669], [32.805871, 46.67554], [32.799547, 46.67441], [32.795537, 46.672182], [32.779287, 46.667715], [32.758815, 46.664525], [32.726286, 46.664349], [32.725638, 46.664729], [32.723254, 46.664979], [32.719561, 46.665699], [32.716808, 46.66551], [32.71354, 46.665026]]]}}, {"type": "Feature", "properties": {"name": "Liberated", "date": "2026-03-31", "layer_type": "liberated"}, "geometry": {"type": "Polygon", "coordinates": [[[34.81101, 51.115236], [34.8149703, 51.1171617], [34.8083181, 51.1282863], [34.8007648, 51.1352353], [34.7882337, 51.1374436], [34.7815819, 51.1443899], [34.7793933, 51.1475672], [34.771997, 51.1462818], [34.7673475, 51.1490876], [34.7538807, 51.1475363], [34.7463205, 51.1642258], [34.7324058, 51.1639038], [34.726526, 51.1788655], [34.7168084, 51.171855], [34.7266604, 51.1619385], [34.7418574, 51.1612647], [34.751127, 51.148399], [34.757349, 51.131536], [34.778251, 51.130948], [34.797506, 51.128882], [34.806145, 51.126044], [34.81101, 51.115236]]]}}, {"type": "Feature", "properties": {"name": "Liberated", "date": "2026-03-31", "layer_type": "liberated"}, "geometry": {"type": "Polygon", "coordinates": [[[37.190371, 48.514864], [37.210627, 48.517138], [37.219288, 48.510335], [37.2291707, 48.4925062], [37.235138, 48.484944], [37.303864, 48.494108], [37.307235, 48.497345], [37.3039738, 48.5070127], [37.31393, 48.506444], [37.3140522, 48.5148509], [37.3118206, 48.5219575], [37.3089024, 48.5259367], [37.2987743, 48.5271304], [37.296286, 48.532827], [37.28736, 48.546239], [37.272253, 48.545701], [37.245474, 48.53476], [37.224532, 48.541374], [37.194663, 48.534419], [37.182131, 48.525324], [37.186938, 48.520776], [37.190371, 48.514864]]]}}, {"type": "Feature", "properties": {"name": "Liberated", "date": "2026-03-31", "layer_type": "liberated"}, "geometry": {"type": "Polygon", "coordinates": [[[32.779672, 47.098764], [32.761616, 47.082322], [32.718172, 47.068209], [32.673554, 47.06784], [32.638993, 47.065722], [32.51994, 47.044387], [32.515198, 47.020965], [32.50721, 47.006063], [32.487384, 46.998417], [32.476656, 46.985068], [32.42264, 46.959012], [32.397005, 46.929504], [32.399332, 46.896304], [32.404311, 46.883165], [32.382766, 46.876949], [32.35573, 46.876594], [32.356744, 46.866851], [32.361407, 46.856516], [32.37102, 46.844776], [32.363956, 46.83223], [32.304247, 46.777343], [32.244907, 46.770425], [32.217517, 46.749644], [32.170699, 46.746051], [32.146252, 46.706302], [32.126854, 46.699876], [32.106856, 46.690468], [32.09306, 46.673078], [32.088882, 46.654511], [32.088145, 46.643406], [32.087304, 46.637685], [32.060233, 46.637724], [32.057711, 46.61386], [32.080295, 46.616655], [32.096186, 46.615849], [32.112954, 46.605332], [32.140281, 46.557287], [32.187392, 46.576002], [32.209577, 46.577286], [32.242852, 46.591636], [32.250488, 46.592296], [32.262332, 46.589589], [32.272457, 46.584993], [32.277619, 46.581814], [32.279338, 46.578302], [32.283459, 46.576606], [32.285863, 46.577705], [32.305432, 46.561599], [32.309901, 46.560252], [32.313597, 46.558138], [32.31571, 46.555828], [32.315559, 46.554955], [32.317274, 46.552295], [32.320637, 46.550509], [32.32362, 46.551159], [32.325423, 46.54992], [32.336287, 46.550516], [32.344811, 46.547938], [32.357537, 46.55042], [32.368125, 46.54825], [32.385525, 46.548046], [32.387855, 46.548429], [32.397284, 46.553652], [32.408602, 46.558284], [32.414158, 46.560075], [32.419972, 46.560981], [32.427132, 46.559691], [32.44001, 46.560644], [32.448296, 46.562658], [32.459937, 46.567326], [32.47783, 46.573975], [32.482651, 46.580151], [32.487488, 46.582987], [32.494756, 46.585526], [32.505932, 46.593668], [32.519086, 46.596044], [32.543055, 46.595085], [32.559408, 46.600272], [32.563643, 46.597926], [32.57031, 46.596458], [32.578664, 46.596491], [32.580481, 46.597716], [32.580875, 46.600893], [32.592384, 46.60525], [32.60566, 46.615369], [32.612931, 46.622598], [32.618897, 46.624154], [32.631731, 46.632636], [32.657581, 46.654308], [32.719456, 46.673397], [32.728849, 46.675088], [32.755606, 46.672542], [32.773877, 46.672526], [32.786939, 46.674299], [32.801634, 46.67925], [32.813032, 46.684417], [32.827459, 46.694855], [32.845144, 46.703664], [32.851156, 46.709147], [32.869028, 46.721807], [32.890406, 46.736228], [32.895548, 46.736977], [32.897712, 46.738027], [32.898318, 46.739912], [32.899996, 46.741025], [32.907096, 46.741392], [32.912009, 46.743111], [32.915002, 46.743213], [32.916867, 46.742108], [32.917929, 46.742108], [32.918963, 46.742409], [32.92344, 46.742552], [32.923636, 46.742159], [32.927996, 46.74222], [32.932786, 46.7414], [32.93571, 46.741571], [32.937087, 46.7412], [32.938612, 46.73928], [32.940781, 46.738477], [32.948897, 46.739753], [32.959417, 46.73997], [32.97646, 46.742479], [32.997452, 46.742279], [33.00028, 46.743289], [33.015138, 46.74205], [33.034643, 46.74336], [33.04641, 46.747499], [33.065706, 46.75815], [33.078835, 46.761997], [33.096255, 46.76942], [33.11531, 46.775666], [33.141364, 46.785627], [33.165301, 46.78799], [33.183857, 46.788451], [33.189874, 46.787889], [33.205203, 46.788031], [33.207941, 46.786661], [33.211322, 46.783278], [33.213729, 46.782771], [33.217623, 46.783443], [33.220922, 46.784808], [33.227196, 46.78571], [33.23407, 46.786025], [33.24294, 46.783984], [33.252881, 46.783145], [33.25732, 46.783542], [33.260484, 46.782654], [33.272537, 46.78265], [33.281028, 46.784129], [33.283395, 46.783868], [33.287496, 46.780725], [33.292347, 46.778977], [33.298291, 46.775583], [33.303553, 46.774195], [33.310132, 46.774235], [33.316412, 46.775304], [33.34498, 46.781819], [33.352337, 46.7785], [33.35844, 46.781821], [33.364243, 46.778735], [33.37058, 46.781027], [33.359708, 46.78617], [33.403927, 46.823707], [33.428103, 46.836644], [33.473008, 46.847824], [33.509575, 46.857704], [33.57029, 46.854484], [33.593648, 46.86243], [33.598621, 46.898825], [33.59776, 46.923489], [33.602238, 46.942474], [33.614096, 46.95437], [33.654812, 46.985358], [33.660419, 47.005374], [33.659104, 47.022138], [33.652122, 47.043697], [33.688464, 47.064894], [33.725258, 47.079342], [33.760274, 47.096058], [33.779746, 47.117784], [33.78823, 47.131702], [33.78722, 47.143049], [33.783462, 47.159649], [33.781351, 47.179716], [33.762361, 47.183983], [33.755101, 47.191071], [33.747431, 47.193219], [33.722766, 47.192331], [33.695739, 47.196379], [33.65373, 47.194456], [33.568187, 47.194677], [33.53245, 47.223669], [33.51023, 47.234407], [33.464188, 47.252034], [33.401323, 47.264058], [33.319738, 47.245774], [33.160134, 47.191439], [33.131326, 47.16619], [33.108905, 47.117912], [33.098847, 47.121375], [33.075743, 47.112922], [33.051844, 47.11797], [33.040762, 47.120659], [33.015179, 47.128425], [33.006585, 47.13005], [33.002391, 47.131541], [33.001942, 47.130199], [33.000635, 47.129003], [32.998836, 47.126961], [32.992695, 47.123066], [32.986662, 47.120616], [32.977022, 47.118665], [32.96972, 47.116071], [32.962763, 47.116033], [32.951879, 47.117454], [32.950888, 47.117357], [32.950375, 47.117023], [32.94999, 47.115288], [32.951068, 47.113299], [32.952553, 47.112201], [32.954768, 47.110943], [32.957413, 47.109992], [32.962787, 47.108702], [32.966079, 47.108147], [32.970487, 47.108146], [32.971927, 47.107854], [32.972658, 47.107109], [32.973596, 47.105276], [32.973982, 47.103516], [32.97345, 47.101193], [32.972662, 47.099338], [32.970524, 47.097976], [32.967443, 47.097258], [32.964222, 47.097211], [32.961344, 47.097778], [32.955235, 47.101108], [32.954409, 47.102105], [32.951088, 47.10558], [32.950557, 47.105958], [32.949624, 47.106276], [32.945848, 47.106314], [32.942499, 47.105761], [32.940192, 47.104615], [32.939173, 47.103733], [32.937418, 47.100323], [32.935535, 47.094548], [32.934773, 47.090212], [32.933967, 47.087237], [32.930415, 47.084788], [32.925358, 47.083417], [32.923863, 47.08396], [32.916954, 47.085218], [32.914101, 47.086957], [32.913908, 47.087851], [32.910072, 47.091606], [32.909005, 47.094091], [32.909058, 47.096811], [32.911494, 47.101473], [32.913645, 47.103512], [32.913907, 47.104368], [32.913328, 47.105088], [32.910752, 47.107798], [32.901026, 47.112588], [32.897564, 47.113362], [32.894446, 47.113464], [32.89326, 47.112839], [32.891794, 47.11109], [32.890451, 47.106452], [32.891006, 47.103083], [32.894049, 47.097771], [32.89831, 47.089361], [32.89739, 47.08791], [32.892552, 47.086078], [32.888015, 47.083809], [32.884476, 47.082367], [32.881352, 47.080924], [32.877808, 47.079996], [32.872565, 47.077628], [32.870727, 47.077232], [32.868782, 47.077376], [32.865, 47.079038], [32.862777, 47.079424], [32.854255, 47.07894], [32.851811, 47.079187], [32.849432, 47.080091], [32.848363, 47.082512], [32.846913, 47.084199], [32.844097, 47.086111], [32.842606, 47.089723], [32.823949, 47.089009], [32.812037, 47.098041], [32.779672, 47.098764]]]}}, {"type": "Feature", "properties": {"name": "Liberated", "date": "2026-03-31", "layer_type": "liberated"}, "geometry": {"type": "Polygon", "coordinates": [[[37.235138, 48.484944], [37.232997, 48.475592], [37.2327627, 48.4700045], [37.2878356, 48.4825431], [37.3055233, 48.487631], [37.3162906, 48.4889549], [37.3236933, 48.4852146], [37.3248091, 48.4809477], [37.330581, 48.481417], [37.339164, 48.489381], [37.337791, 48.494956], [37.314617, 48.497345], [37.31393, 48.506444], [37.3039738, 48.5070127], [37.307235, 48.497345], [37.303864, 48.494108], [37.235138, 48.484944]]]}}, {"type": "Feature", "properties": {"name": "Liberated", "date": "2026-03-31", "layer_type": "liberated"}, "geometry": {"type": "Polygon", "coordinates": [[[37.204146, 48.37022], [37.2332215, 48.3714437], [37.2467363, 48.3783096], [37.2485493, 48.381882], [37.2547456, 48.388857], [37.2545074, 48.3991695], [37.2172837, 48.3967181], [37.222072, 48.405056], [37.217993, 48.405699], [37.199625, 48.371386], [37.204146, 48.37022]]]}}, {"type": "Feature", "properties": {"name": "Liberated", "date": "2026-03-31", "layer_type": "liberated"}, "geometry": {"type": "Polygon", "coordinates": [[[33.407555, 47.456726], [33.388963, 47.458133], [33.389887, 47.456513], [33.389867, 47.455154], [33.389183, 47.449622], [33.389446, 47.448278], [33.389328, 47.445557], [33.388567, 47.441878], [33.387247, 47.440507], [33.383953, 47.439716], [33.382945, 47.439266], [33.382473, 47.438105], [33.384694, 47.435761], [33.386614, 47.432662], [33.388588, 47.431152], [33.392628, 47.428405], [33.394908, 47.4274], [33.400594, 47.427139], [33.400953, 47.427534], [33.405744, 47.426827], [33.407137, 47.425794], [33.406955, 47.423818], [33.400057, 47.420435], [33.39637, 47.417666], [33.387482, 47.416602], [33.378878, 47.416474], [33.37672, 47.417397], [33.373657, 47.418599], [33.369477, 47.419511], [33.366586, 47.417395], [33.366077, 47.415395], [33.365366, 47.413128], [33.36575, 47.411979], [33.365102, 47.409914], [33.364979, 47.405612], [33.365715, 47.40134], [33.366708, 47.399105], [33.366951, 47.397334], [33.369668, 47.393415], [33.369524, 47.391969], [33.369921, 47.390529], [33.373336, 47.387982], [33.37541, 47.386903], [33.376142, 47.385946], [33.375222, 47.382193], [33.373111, 47.380267], [33.37144, 47.379699], [33.369686, 47.379681], [33.368732, 47.379109], [33.369173, 47.376989], [33.369002, 47.376154], [33.368145, 47.376127], [33.368235, 47.373966], [33.367599, 47.372623], [33.360272, 47.36871], [33.359309, 47.368634], [33.357692, 47.367904], [33.354962, 47.365673], [33.354029, 47.365223], [33.351543, 47.364944], [33.349057, 47.364563], [33.347402, 47.364965], [33.345884, 47.365782], [33.345101, 47.36555], [33.344951, 47.364598], [33.345521, 47.363146], [33.345791, 47.362123], [33.345696, 47.36155], [33.345324, 47.361021], [33.34345, 47.36058], [33.34164, 47.360574], [33.34042, 47.360801], [33.339306, 47.361333], [33.338476, 47.362662], [33.337709, 47.363148], [33.335382, 47.363502], [33.333216, 47.364442], [33.332144, 47.364684], [33.329904, 47.364302], [33.327163, 47.36457], [33.32408, 47.365171], [33.322566, 47.365204], [33.320858, 47.365556], [33.318244, 47.366588], [33.315512, 47.367803], [33.312214, 47.369875], [33.310973, 47.370495], [33.310216, 47.370595], [33.309519, 47.370454], [33.308517, 47.370079], [33.3073, 47.369835], [33.305265, 47.369231], [33.299079, 47.368335], [33.298553, 47.367881], [33.299034, 47.36679], [33.298518, 47.366229], [33.297347, 47.365675], [33.295464, 47.365648], [33.293585, 47.364721], [33.293036, 47.36398], [33.292883, 47.362395], [33.292105, 47.360388], [33.290211, 47.357337], [33.289288, 47.354688], [33.289727, 47.353916], [33.291492, 47.352963], [33.292012, 47.352242], [33.292182, 47.351044], [33.291537, 47.349511], [33.290657, 47.348802], [33.288286, 47.347692], [33.285297, 47.346032], [33.284619, 47.345493], [33.284627, 47.345012], [33.285189, 47.344097], [33.286156, 47.343437], [33.286554, 47.342321], [33.287783, 47.339757], [33.289013, 47.338648], [33.290916, 47.33757], [33.295172, 47.335431], [33.296956, 47.334245], [33.299667, 47.333007], [33.301006, 47.331521], [33.300972, 47.330529], [33.301063, 47.329692], [33.300294, 47.328574], [33.299524, 47.328534], [33.299063, 47.328196], [33.297618, 47.327958], [33.296602, 47.327299], [33.297699, 47.326501], [33.299042, 47.325272], [33.299055, 47.323985], [33.298195, 47.323501], [33.297508, 47.322736], [33.29622, 47.321975], [33.293817, 47.321507], [33.291585, 47.321796], [33.290255, 47.322174], [33.289332, 47.322101], [33.286951, 47.321039], [33.285372, 47.321071], [33.279348, 47.322368], [33.266842, 47.327242], [33.264942, 47.328132], [33.262311, 47.329546], [33.26074, 47.330808], [33.256766, 47.334224], [33.256156, 47.334598], [33.25495, 47.334872], [33.253744, 47.334826], [33.252068, 47.334168], [33.250844, 47.333607], [33.24889, 47.332144], [33.246829, 47.330135], [33.245455, 47.328113], [33.242494, 47.325967], [33.240649, 47.324694], [33.237708, 47.323195], [33.234339, 47.32219], [33.233479, 47.321647], [33.233134, 47.320473], [33.234335, 47.316798], [33.235316, 47.315247], [33.235549, 47.314385], [33.236438, 47.312819], [33.238127, 47.311497], [33.241847, 47.30944], [33.244965, 47.308663], [33.246583, 47.307671], [33.250517, 47.306795], [33.255705, 47.30621], [33.258361, 47.305566], [33.262326, 47.305824], [33.267227, 47.307757], [33.269853, 47.307653], [33.270766, 47.307441], [33.274098, 47.30719], [33.274691, 47.30654], [33.275717, 47.305866], [33.275584, 47.304174], [33.275222, 47.303026], [33.274955, 47.301142], [33.275079, 47.300549], [33.275742, 47.299118], [33.275515, 47.297383], [33.274602, 47.295998], [33.273744, 47.29499], [33.271812, 47.293031], [33.26986, 47.292256], [33.268927, 47.291664], [33.26773, 47.290669], [33.264, 47.287931], [33.263058, 47.287899], [33.261708, 47.288186], [33.261118, 47.287602], [33.259879, 47.287077], [33.256709, 47.28661], [33.249782, 47.286374], [33.249222, 47.286574], [33.247225, 47.286179], [33.242879, 47.286855], [33.239977, 47.288677], [33.238869, 47.288861], [33.232739, 47.28884], [33.231899, 47.289548], [33.231693, 47.29031], [33.230989, 47.292088], [33.229822, 47.292366], [33.228955, 47.292061], [33.228236, 47.291344], [33.226718, 47.291393], [33.224771, 47.290918], [33.22023, 47.289504], [33.216287, 47.287778], [33.214487, 47.286682], [33.21363, 47.285814], [33.211914, 47.285089], [33.211013, 47.284639], [33.209951, 47.28409], [33.209147, 47.283424], [33.209544, 47.283079], [33.209614, 47.281946], [33.208833, 47.280651], [33.207671, 47.279276], [33.205092, 47.277348], [33.204157, 47.276365], [33.202271, 47.273324], [33.20107, 47.272124], [33.198497, 47.268244], [33.198156, 47.266514], [33.198158, 47.264629], [33.197687, 47.264124], [33.195949, 47.263303], [33.194126, 47.262075], [33.193771, 47.261183], [33.193999, 47.257414], [33.194449, 47.257267], [33.19552, 47.256595], [33.196442, 47.25556], [33.196989, 47.254576], [33.197734, 47.253793], [33.199909, 47.252324], [33.200138, 47.251531], [33.199609, 47.250814], [33.197929, 47.249902], [33.195844, 47.24965], [33.193299, 47.250019], [33.192027, 47.250088], [33.191477, 47.249772], [33.191545, 47.249148], [33.192137, 47.24837], [33.193892, 47.247311], [33.194984, 47.246461], [33.195347, 47.245553], [33.195253, 47.244835], [33.192932, 47.242553], [33.191686, 47.242082], [33.189604, 47.241992], [33.187318, 47.242733], [33.18682, 47.243337], [33.186784, 47.243959], [33.186423, 47.244183], [33.185659, 47.243244], [33.185089, 47.242689], [33.184675, 47.241683], [33.184639, 47.238966], [33.184193, 47.238015], [33.182167, 47.237016], [33.17991, 47.236661], [33.178782, 47.236921], [33.177702, 47.237546], [33.176347, 47.237801], [33.175155, 47.236879], [33.173014, 47.23362], [33.167952, 47.23339], [33.166752, 47.234178], [33.166195, 47.234106], [33.163856, 47.231622], [33.160187, 47.231352], [33.158464, 47.232638], [33.159318, 47.234447], [33.162621, 47.235584], [33.162899, 47.235978], [33.161751, 47.236379], [33.1591, 47.235614], [33.156432, 47.235618], [33.152695, 47.234658], [33.15147, 47.234207], [33.150772, 47.233544], [33.150337, 47.232659], [33.148875, 47.230992], [33.147801, 47.230509], [33.142286, 47.230121], [33.140988, 47.230539], [33.138836, 47.231448], [33.132954, 47.233009], [33.127372, 47.230957], [33.126723, 47.229852], [33.126699, 47.228804], [33.127116, 47.225774], [33.127711, 47.222423], [33.128524, 47.22066], [33.129402, 47.219283], [33.134057, 47.213271], [33.135416, 47.212719], [33.136739, 47.212443], [33.142465, 47.211138], [33.142839, 47.210778], [33.142955, 47.209805], [33.147475, 47.208662], [33.159992, 47.202726], [33.158525, 47.20139], [33.160134, 47.191439], [33.319738, 47.245774], [33.401323, 47.264058], [33.464188, 47.252034], [33.51023, 47.234407], [33.53245, 47.223669], [33.552448, 47.207459], [33.568187, 47.194677], [33.65373, 47.194456], [33.695739, 47.196379], [33.722766, 47.192331], [33.747431, 47.193219], [33.755101, 47.191071], [33.762361, 47.183983], [33.781351, 47.179716], [33.824784, 47.194883], [33.853366, 47.206605], [33.86621, 47.209513], [33.888086, 47.221928], [33.912463, 47.241042], [33.920374, 47.272734], [33.935248, 47.285847], [33.966425, 47.303069], [33.977628, 47.366582], [33.97232, 47.393538], [33.957219, 47.418286], [33.948666, 47.454682], [33.940007, 47.471197], [33.936516, 47.486856], [33.903857, 47.482651], [33.87602, 47.481319], [33.835628, 47.434185], [33.830004, 47.427839], [33.724879, 47.414635], [33.672908, 47.407313], [33.620717, 47.369784], [33.591928, 47.38146], [33.590453, 47.40962], [33.567414, 47.421086], [33.518465, 47.454449], [33.491088, 47.453532], [33.46223, 47.445176], [33.453049, 47.462764], [33.407555, 47.456726]]]}}, {"type": "Feature", "properties": {"name": "Liberated", "date": "2026-03-31", "layer_type": "liberated"}, "geometry": {"type": "Polygon", "coordinates": [[[31.3936, 47.4637], [31.400252, 47.464657], [31.403792, 47.466862], [31.410766, 47.470314], [31.40752, 47.500889], [31.388682, 47.522603], [31.380828, 47.521823], [31.376539, 47.519591], [31.389587, 47.499389], [31.381455, 47.467848], [31.3936, 47.4637]]]}}, {"type": "Feature", "properties": {"name": "Liberated 31.03 - 02.04", "date": "2026-03-31", "layer_type": "liberated"}, "geometry": {"type": "Polygon", "coordinates": [[[30.283457, 50.625255], [30.295249, 50.704706], [30.337408, 50.719198], [30.357552, 50.724808], [30.377442, 50.727207], [30.380606, 50.732137], [30.377983, 50.736666], [30.375789, 50.741847], [30.373465, 50.743918], [30.369082, 50.743599], [30.366751, 50.750402], [30.368401, 50.752686], [30.382412, 50.75877], [30.381593, 50.760904], [30.377168, 50.76358], [30.373984, 50.768606], [30.37286, 50.772492], [30.373928, 50.775358], [30.376026, 50.77779], [30.371373, 50.780894], [30.368702, 50.783641], [30.367668, 50.785204], [30.367663, 50.787418], [30.37595, 50.792381], [30.375245, 50.79413], [30.373434, 50.794408], [30.373987, 50.796445], [30.376514, 50.798863], [30.380596, 50.806662], [30.381588, 50.814353], [30.388558, 50.818247], [30.389125, 50.822959], [30.392268, 50.828213], [30.401044, 50.833705], [30.406045, 50.838222], [30.40858, 50.842675], [30.407444, 50.846202], [30.410858, 50.850272], [30.415975, 50.853307], [30.423154, 50.856613], [30.425742, 50.863793], [30.424204, 50.867654], [30.42601, 50.873539], [30.420562, 50.877456], [30.418374, 50.880236], [30.419607, 50.882598], [30.445732, 50.887124], [30.442027, 50.907279], [30.450132, 50.912161], [30.455492, 50.91964], [30.447908, 50.945705], [30.432422, 50.965923], [30.444025, 50.984303], [30.425335, 50.990366], [30.409217, 51.024548], [30.39088, 51.028479], [30.378038, 51.023555], [30.370894, 51.019535], [30.361409, 51.026611], [30.348961, 51.028666], [30.332643, 51.033852], [30.315107, 51.037954], [30.298571, 51.039028], [30.301599, 51.041569], [30.29158, 51.047347], [30.29901, 51.053508], [30.319708, 51.053958], [30.340504, 51.041903], [30.378675, 51.055989], [30.377938, 51.065335], [30.407441, 51.066666], [30.408125, 51.074449], [30.406066, 51.081362], [30.429938, 51.115018], [30.427317, 51.122508], [30.433733, 51.121836], [30.435396, 51.11719], [30.440861, 51.115405], [30.438444, 51.112787], [30.434831, 51.111694], [30.436286, 51.107484], [30.436326, 51.101282], [30.449048, 51.10454], [30.4482, 51.108647], [30.456704, 51.112317], [30.465763, 51.115769], [30.474242, 51.114585], [30.476679, 51.12202], [30.484266, 51.126223], [30.48003, 51.153287], [30.477938, 51.154509], [30.461769, 51.154223], [30.454093, 51.164055], [30.447164, 51.169187], [30.450737, 51.173906], [30.450877, 51.177978], [30.44044, 51.182408], [30.431032, 51.184255], [30.418392, 51.193757], [30.411122, 51.193396], [30.40042, 51.186795], [30.396286, 51.19028], [30.393524, 51.193766], [30.392464, 51.207191], [30.371656, 51.208139], [30.361937, 51.215386], [30.349524, 51.216321], [30.342947, 51.216501], [30.338494, 51.220224], [30.330607, 51.22072], [30.322386, 51.224723], [30.31624, 51.230578], [30.330384, 51.2453], [30.356134, 51.252162], [30.361628, 51.246132], [30.372955, 51.248168], [30.378619, 51.24701], [30.376901, 51.238545], [30.389173, 51.23845], [30.39475, 51.241364], [30.411313, 51.238795], [30.416331, 51.232244], [30.423065, 51.227304], [30.431278, 51.233008], [30.449635, 51.229838], [30.455939, 51.232269], [30.465678, 51.242868], [30.47278, 51.239837], [30.473702, 51.233797], [30.481145, 51.220122], [30.49897, 51.215145], [30.51439, 51.213176], [30.503863, 51.224722], [30.507156, 51.230894], [30.515602, 51.235992], [30.532846, 51.2651], [30.505198, 51.27897], [30.474804, 51.275484], [30.46347, 51.272664], [30.452052, 51.273134], [30.451277, 51.277039], [30.453784, 51.279184], [30.450059, 51.281492], [30.453432, 51.287907], [30.456922, 51.286284], [30.463216, 51.290733], [30.462072, 51.294246], [30.457638, 51.2967], [30.461786, 51.306023], [30.44488, 51.308773], [30.421142, 51.304242], [30.410271, 51.308391], [30.39854, 51.312325], [30.39092, 51.32189], [30.36599, 51.334181], [30.348283, 51.348795], [30.334618, 51.351598], [30.323354, 51.361476], [30.355706, 51.378492], [30.356136, 51.382861], [30.344129, 51.423319], [30.334505, 51.424811], [30.330727, 51.428743], [30.325576, 51.430963], [30.321454, 51.434039], [30.318704, 51.440325], [30.311536, 51.442932], [30.30883, 51.44661], [30.298265, 51.456318], [30.291781, 51.459085], [30.288042, 51.46335], [30.279533, 51.46482], [30.24506, 51.486187], [30.213946, 51.492486], [30.180419, 51.512458], [30.167316, 51.508808], [30.162998, 51.488066], [30.144365, 51.49458], [30.131561, 51.50558], [30.120627, 51.504486], [30.129065, 51.487692], [30.122479, 51.489877], [30.121244, 51.486158], [30.110844, 51.487077], [30.10427, 51.490955], [30.077634, 51.496954], [30.074604, 51.495726], [30.062304, 51.498987], [30.0559, 51.497171], [30.033703, 51.503262], [30.02741, 51.502673], [30.019056, 51.504648], [30.012425, 51.504692], [30.012184, 51.502699], [30.014261, 51.499584], [30.015235, 51.497292], [30.016151, 51.496066], [30.018269, 51.495428], [30.013006, 51.49503], [30.012206, 51.489503], [30.007546, 51.489853], [30.003419, 51.488337], [30.000838, 51.485646], [29.990276, 51.48135], [29.981905, 51.485776], [29.975316, 51.483499], [29.971132, 51.480366], [29.970539, 51.475268], [29.966897, 51.472022], [29.961987, 51.471308], [29.95155, 51.47357], [29.946501, 51.48368], [29.923718, 51.489803], [29.9252, 51.487091], [29.921221, 51.488086], [29.91863, 51.486981], [29.917077, 51.488458], [29.914584, 51.48706], [29.910162, 51.485505], [29.906235, 51.486705], [29.903927, 51.485114], [29.89072, 51.483736], [29.889421, 51.482862], [29.889153, 51.478994], [29.886654, 51.477266], [29.884289, 51.477417], [29.882935, 51.476798], [29.884404, 51.474938], [29.887886, 51.474008], [29.890312, 51.472796], [29.889466, 51.471067], [29.886468, 51.470951], [29.887372, 51.467899], [29.885336, 51.466266], [29.885777, 51.463792], [29.875698, 51.456619], [29.876583, 51.45223], [29.877969, 51.45025], [29.877719, 51.445248], [29.873817, 51.444298], [29.865023, 51.44629], [29.855628, 51.448761], [29.847925, 51.448978], [29.843128, 51.457268], [29.81283, 51.448736], [29.810473, 51.459066], [29.791008, 51.457438], [29.79398, 51.441484], [29.779333, 51.446773], [29.764197, 51.449255], [29.739032, 51.459], [29.742018, 51.461577], [29.733456, 51.469448], [29.730888, 51.4798], [29.725484, 51.49182], [29.744753, 51.493557], [29.742106, 51.502353], [29.735338, 51.510935], [29.742386, 51.512842], [29.737672, 51.530831], [29.707525, 51.527894], [29.707477, 51.520546], [29.704625, 51.520397], [29.695156, 51.517022], [29.687406, 51.516958], [29.683348, 51.513686], [29.671622, 51.511196], [29.669708, 51.508293], [29.669439, 51.502675], [29.665768, 51.502766], [29.653341, 51.50617], [29.650689, 51.50528], [29.64821, 51.501612], [29.648563, 51.500989], [29.639813, 51.498593], [29.634065, 51.506104], [29.627458, 51.502181], [29.620854, 51.492703], [29.605927, 51.493858], [29.605002, 51.472279], [29.592324, 51.466708], [29.587396, 51.464553], [29.583497, 51.462559], [29.577504, 51.461269], [29.575544, 51.461412], [29.537222, 51.482552], [29.53163, 51.467993], [29.532904, 51.463699], [29.528783, 51.45898], [29.523806, 51.45708], [29.518486, 51.452613], [29.516431, 51.443463], [29.521253, 51.434098], [29.517139, 51.427664], [29.520578, 51.421979], [29.512695, 51.423144], [29.500687, 51.396903], [29.45916, 51.403001], [29.43015, 51.412938], [29.415877, 51.413596], [29.403663, 51.411041], [29.389135, 51.40495], [29.373634, 51.398263], [29.366032, 51.389861], [29.35964, 51.388962], [29.348785, 51.384207], [29.333942, 51.385406], [29.321427, 51.377733], [29.299509, 51.385032], [29.28849, 51.382364], [29.287826, 51.373494], [29.223175, 51.365856], [29.198976, 51.358192], [29.191097, 51.33964], [29.166794, 51.339056], [29.163914, 51.325251], [29.193989, 51.327748], [29.207029, 51.295483], [29.20177, 51.283103], [29.224489, 51.276413], [29.224263, 51.264752], [29.219915, 51.252444], [29.226323, 51.249352], [29.240971, 51.254639], [29.266153, 51.2691], [29.330956, 51.269654], [29.438782, 51.151223], [29.473937, 51.034245], [29.446785, 51.029292], [29.42721, 50.973459], [29.43128, 50.946926], [29.475884, 50.923424], [29.497278, 50.90941], [29.518862, 50.830351], [29.573665, 50.821652], [29.576086, 50.832446], [29.633099, 50.826764], [29.726956, 50.841092], [29.755173, 50.82819], [29.787258, 50.762944], [29.7561, 50.6856], [29.749719, 50.616953], [29.744438, 50.566267], [29.767579, 50.535098], [29.815437, 50.497554], [29.802267, 50.470047], [29.747804, 50.444406], [29.724181, 50.433592], [29.721529, 50.427878], [29.71486, 50.423884], [29.715758, 50.413175], [29.72066, 50.408041], [29.746106, 50.41335], [29.857884, 50.416214], [29.914295, 50.368683], [29.950233, 50.372342], [30.007555, 50.349008], [30.029672, 50.345653], [30.042452, 50.3544], [29.991362, 50.396597], [30.051128, 50.419385], [30.121422, 50.427504], [30.140591, 50.433122], [30.158533, 50.440216], [30.196205, 50.442838], [30.202504, 50.438022], [30.210117, 50.438031], [30.209834, 50.444436], [30.23412, 50.446529], [30.244848, 50.50172], [30.227557, 50.524727], [30.23127, 50.532738], [30.244256, 50.53813], [30.271843, 50.530292], [30.284329, 50.540672], [30.29592, 50.552702], [30.303994, 50.564777], [30.330626, 50.605801], [30.286864, 50.622736], [30.283457, 50.625255]]]}}, {"type": "Feature", "properties": {"name": "Liberated", "date": "2026-03-31", "layer_type": "liberated"}, "geometry": {"type": "Polygon", "coordinates": [[[32.373379, 46.545413], [32.374216, 46.543742], [32.380568, 46.543152], [32.383142, 46.539905], [32.384516, 46.537602], [32.387434, 46.536422], [32.390181, 46.537898], [32.395846, 46.541499], [32.39945, 46.542975], [32.402712, 46.545868], [32.4046, 46.549528], [32.403162, 46.552733], [32.394601, 46.547848], [32.389998, 46.546395], [32.384966, 46.545354], [32.380203, 46.545295], [32.373379, 46.545413]]]}}, {"type": "Feature", "properties": {"name": "Liberated", "date": "2026-03-31", "layer_type": "liberated"}, "geometry": {"type": "Polygon", "coordinates": [[[36.888192, 48.12097], [36.900283, 48.121682], [36.899549, 48.134183], [36.886618, 48.133395], [36.885417, 48.127323], [36.888192, 48.12097]]]}}, {"type": "Feature", "properties": {"name": "Liberated", "date": "2026-03-31", "layer_type": "liberated"}, "geometry": {"type": "Polygon", "coordinates": [[[34.2856958, 51.3210943], [34.2848972, 51.3205877], [34.2833093, 51.3199306], [34.282215, 51.3195015], [34.281464, 51.3187237], [34.280516, 51.3177982], [34.2810945, 51.3133152], [34.2821878, 51.3106562], [34.2772508, 51.3109448], [34.2772675, 51.3128016], [34.2721343, 51.3146584], [34.2697647, 51.3059248], [34.2662283, 51.2985435], [34.2581395, 51.3025206], [34.2551014, 51.301277], [34.2547615, 51.2990762], [34.2498297, 51.298861], [34.2497046, 51.2967138], [34.2451165, 51.2962705], [34.2446484, 51.2941634], [34.2416054, 51.2933174], [34.239569, 51.2935922], [34.237876, 51.2924714], [34.2435334, 51.2845465], [34.2545272, 51.2820675], [34.2605642, 51.282635], [34.2802462, 51.2937062], [34.2998425, 51.3070753], [34.3038384, 51.3198622], [34.3055179, 51.3222945], [34.3119171, 51.3262166], [34.309967, 51.334943], [34.3042296, 51.3360878], [34.2993505, 51.3342295], [34.2907805, 51.3386448], [34.2868447, 51.3388773], [34.2814564, 51.3346262], [34.2897191, 51.3219593], [34.2881849, 51.3217916], [34.2856958, 51.3210943]]]}}, {"type": "Feature", "properties": {"name": "Occupied", "date": "2026-03-31", "layer_type": "russian_occupied"}, "geometry": {"type": "Polygon", "coordinates": [[[35.3279976, 51.0711103], [35.3258518, 51.0741304], [35.3279976, 51.0770425], [35.3123764, 51.0773121], [35.3116898, 51.078768], [35.3043083, 51.0788759], [35.3031925, 51.0774739], [35.304995, 51.0762875], [35.3037933, 51.0742383], [35.2868929, 51.0675402], [35.2952961, 51.0634513], [35.3056816, 51.0621567], [35.3215603, 51.0669573], [35.3279976, 51.0711103]]]}}]}